0,1,0,35,0,"minecraft:white_wool","White Wool"
0,1,1,35,0,"minecraft:white_wool","White Wool"
0,1,2,35,0,"minecraft:white_wool","White Wool"
0,1,3,35,0,"minecraft:white_wool","White Wool"
0,1,4,35,0,"minecraft:white_wool","White Wool"
0,1,5,35,0,"minecraft:white_wool","White Wool"
0,1,6,2,0,"minecraft:grass_block","Grass"
0,1,7,35,0,"minecraft:white_wool","White Wool"
0,1,8,2,0,"minecraft:grass_block","Grass"
0,1,9,35,0,"minecraft:white_wool","White Wool"
0,1,10,35,0,"minecraft:white_wool","White Wool"
0,1,11,35,0,"minecraft:white_wool","White Wool"
0,1,12,35,0,"minecraft:white_wool","White Wool"
0,1,13,2,0,"minecraft:grass_block","Grass"
0,1,14,4,0,"minecraft:cobblestone","Cobblestone"
0,1,15,1,0,"minecraft:stone","Stone"
0,1,16,1,0,"minecraft:stone","Stone"
0,1,17,2,0,"minecraft:grass_block","Grass"
0,1,18,35,0,"minecraft:white_wool","White Wool"
0,1,19,35,0,"minecraft:white_wool","White Wool"
1,1,0,35,0,"minecraft:white_wool","White Wool"
1,1,1,35,0,"minecraft:white_wool","White Wool"
1,1,2,35,0,"minecraft:white_wool","White Wool"
1,1,3,2,0,"minecraft:grass_block","Grass"
1,1,4,2,0,"minecraft:grass_block","Grass"
1,1,5,1,0,"minecraft:stone","Stone"
1,1,6,2,0,"minecraft:grass_block","Grass"
1,1,7,4,0,"minecraft:cobblestone","Cobblestone"
1,1,8,4,0,"minecraft:cobblestone","Cobblestone"
1,1,9,2,0,"minecraft:grass_block","Grass"
1,1,10,2,0,"minecraft:grass_block","Grass"
1,1,11,4,0,"minecraft:cobblestone","Cobblestone"
1,1,12,2,0,"minecraft:grass_block","Grass"
1,1,13,2,0,"minecraft:grass_block","Grass"
1,1,14,2,0,"minecraft:grass_block","Grass"
1,1,15,2,0,"minecraft:grass_block","Grass"
1,1,16,4,0,"minecraft:cobblestone","Cobblestone"
1,1,17,4,0,"minecraft:cobblestone","Cobblestone"
1,1,18,1,0,"minecraft:stone","Stone"
1,1,19,35,0,"minecraft:white_wool","White Wool"
2,1,0,35,0,"minecraft:white_wool","White Wool"
2,1,1,2,0,"minecraft:grass_block","Grass"
2,1,2,2,0,"minecraft:grass_block","Grass"
2,1,3,1,0,"minecraft:stone","Stone"
2,1,4,1,0,"minecraft:stone","Stone"
2,1,5,35,0,"minecraft:white_wool","White Wool"
2,1,6,1,0,"minecraft:stone","Stone"
2,1,7,2,0,"minecraft:grass_block","Grass"
2,1,8,35,0,"minecraft:white_wool","White Wool"
2,1,9,4,0,"minecraft:cobblestone","Cobblestone"
2,1,10,2,0,"minecraft:grass_block","Grass"
2,1,11,35,0,"minecraft:white_wool","White Wool"
2,1,12,4,0,"minecraft:cobblestone","Cobblestone"
2,1,13,1,0,"minecraft:stone","Stone"
2,1,14,35,0,"minecraft:white_wool","White Wool"
2,1,15,35,0,"minecraft:white_wool","White Wool"
2,1,16,35,0,"minecraft:white_wool","White Wool"
2,1,17,4,0,"minecraft:cobblestone","Cobblestone"
2,1,18,2,0,"minecraft:grass_block","Grass"
2,1,19,35,0,"minecraft:white_wool","White Wool"
3,1,0,1,0,"minecraft:stone","Stone"
3,1,1,4,0,"minecraft:cobblestone","Cobblestone"
3,1,2,35,0,"minecraft:white_wool","White Wool"
3,1,3,35,0,"minecraft:white_wool","White Wool"
3,1,4,4,0,"minecraft:cobblestone","Cobblestone"
3,1,5,35,0,"minecraft:white_wool","White Wool"
3,1,6,4,0,"minecraft:cobblestone","Cobblestone"
3,1,7,4,0,"minecraft:cobblestone","Cobblestone"
3,1,8,35,0,"minecraft:white_wool","White Wool"
3,1,9,4,0,"minecraft:cobblestone","Cobblestone"
3,1,10,4,0,"minecraft:cobblestone","Cobblestone"
3,1,11,35,0,"minecraft:white_wool","White Wool"
3,1,12,4,0,"minecraft:cobblestone","Cobblestone"
3,1,13,1,0,"minecraft:stone","Stone"
3,1,14,4,0,"minecraft:cobblestone","Cobblestone"
3,1,15,1,0,"minecraft:stone","Stone"
3,1,16,1,0,"minecraft:stone","Stone"
3,1,17,1,0,"minecraft:stone","Stone"
3,1,18,2,0,"minecraft:grass_block","Grass"
3,1,19,35,0,"minecraft:white_wool","White Wool"
4,1,0,2,0,"minecraft:grass_block","Grass"
4,1,1,1,0,"minecraft:stone","Stone"
4,1,2,2,0,"minecraft:grass_block","Grass"
4,1,3,35,0,"minecraft:white_wool","White Wool"
4,1,4,1,0,"minecraft:stone","Stone"
4,1,5,4,0,"minecraft:cobblestone","Cobblestone"
4,1,6,35,0,"minecraft:white_wool","White Wool"
4,1,7,35,0,"minecraft:white_wool","White Wool"
4,1,8,35,0,"minecraft:white_wool","White Wool"
4,1,9,35,0,"minecraft:white_wool","White Wool"
4,1,10,35,0,"minecraft:white_wool","White Wool"
4,1,11,4,0,"minecraft:cobblestone","Cobblestone"
4,1,12,2,0,"minecraft:grass_block","Grass"
4,1,13,4,0,"minecraft:cobblestone","Cobblestone"
4,1,14,1,0,"minecraft:stone","Stone"
4,1,15,2,0,"minecraft:grass_block","Grass"
4,1,16,2,0,"minecraft:grass_block","Grass"
4,1,17,1,0,"minecraft:stone","Stone"
4,1,18,35,0,"minecraft:white_wool","White Wool"
4,1,19,35,0,"minecraft:white_wool","White Wool"
5,1,0,2,0,"minecraft:grass_block","Grass"
5,1,1,1,0,"minecraft:stone","Stone"
5,1,2,2,0,"minecraft:grass_block","Grass"
5,1,3,2,0,"minecraft:grass_block","Grass"
5,1,4,4,0,"minecraft:cobblestone","Cobblestone"
5,1,5,1,0,"minecraft:stone","Stone"
5,1,6,4,0,"minecraft:cobblestone","Cobblestone"
5,1,7,4,0,"minecraft:cobblestone","Cobblestone"
5,1,8,1,0,"minecraft:stone","Stone"
5,1,9,1,0,"minecraft:stone","Stone"
5,1,10,4,0,"minecraft:cobblestone","Cobblestone"
5,1,11,4,0,"minecraft:cobblestone","Cobblestone"
5,1,12,1,0,"minecraft:stone","Stone"
5,1,13,1,0,"minecraft:stone","Stone"
5,1,14,2,0,"minecraft:grass_block","Grass"
5,1,15,4,0,"minecraft:cobblestone","Cobblestone"
5,1,16,1,0,"minecraft:stone","Stone"
5,1,17,4,0,"minecraft:cobblestone","Cobblestone"
5,1,18,2,0,"minecraft:grass_block","Grass"
5,1,19,35,0,"minecraft:white_wool","White Wool"
6,1,0,2,0,"minecraft:grass_block","Grass"
6,1,1,4,0,"minecraft:cobblestone","Cobblestone"
6,1,2,2,0,"minecraft:grass_block","Grass"
6,1,3,2,0,"minecraft:grass_block","Grass"
6,1,4,2,0,"minecraft:grass_block","Grass"
6,1,5,1,0,"minecraft:stone","Stone"
6,1,6,35,0,"minecraft:white_wool","White Wool"
6,1,7,35,0,"minecraft:white_wool","White Wool"
6,1,8,4,0,"minecraft:cobblestone","Cobblestone"
6,1,9,4,0,"minecraft:cobblestone","Cobblestone"
6,1,10,1,0,"minecraft:stone","Stone"
6,1,11,1,0,"minecraft:stone","Stone"
6,1,12,4,0,"minecraft:cobblestone","Cobblestone"
6,1,13,2,0,"minecraft:grass_block","Grass"
6,1,14,2,0,"minecraft:grass_block","Grass"
6,1,15,4,0,"minecraft:cobblestone","Cobblestone"
6,1,16,4,0,"minecraft:cobblestone","Cobblestone"
6,1,17,1,0,"minecraft:stone","Stone"
6,1,18,2,0,"minecraft:grass_block","Grass"
6,1,19,2,0,"minecraft:grass_block","Grass"
7,1,0,4,0,"minecraft:cobblestone","Cobblestone"
7,1,1,2,0,"minecraft:grass_block","Grass"
7,1,2,2,0,"minecraft:grass_block","Grass"
7,1,3,4,0,"minecraft:cobblestone","Cobblestone"
7,1,4,4,0,"minecraft:cobblestone","Cobblestone"
7,1,5,35,0,"minecraft:white_wool","White Wool"
7,1,6,5,1,"minecraft:spruce_planks","Spruce Wood Plank"
7,1,7,35,0,"minecraft:white_wool","White Wool"
7,1,8,35,0,"minecraft:white_wool","White Wool"
7,1,9,35,0,"minecraft:white_wool","White Wool"
7,1,10,4,0,"minecraft:cobblestone","Cobblestone"
7,1,11,35,0,"minecraft:white_wool","White Wool"
7,1,12,1,0,"minecraft:stone","Stone"
7,1,13,4,0,"minecraft:cobblestone","Cobblestone"
7,1,14,4,0,"minecraft:cobblestone","Cobblestone"
7,1,15,35,0,"minecraft:white_wool","White Wool"
7,1,16,35,0,"minecraft:white_wool","White Wool"
7,1,17,1,0,"minecraft:stone","Stone"
7,1,18,4,0,"minecraft:cobblestone","Cobblestone"
7,1,19,2,0,"minecraft:grass_block","Grass"
8,1,0,2,0,"minecraft:grass_block","Grass"
8,1,1,2,0,"minecraft:grass_block","Grass"
8,1,2,1,0,"minecraft:stone","Stone"
8,1,3,2,0,"minecraft:grass_block","Grass"
8,1,4,2,0,"minecraft:grass_block","Grass"
8,1,5,35,0,"minecraft:white_wool","White Wool"
8,1,6,97,1,"minecraft:infested_cobblestone","Cobblestone Monster Egg"
8,1,7,97,1,"minecraft:infested_cobblestone","Cobblestone Monster Egg"
8,1,8,97,1,"minecraft:infested_cobblestone","Cobblestone Monster Egg"
8,1,9,35,0,"minecraft:white_wool","White Wool"
8,1,10,2,0,"minecraft:grass_block","Grass"
8,1,11,35,0,"minecraft:white_wool","White Wool"
8,1,12,4,0,"minecraft:cobblestone","Cobblestone"
8,1,13,1,0,"minecraft:stone","Stone"
8,1,14,4,0,"minecraft:cobblestone","Cobblestone"
8,1,15,35,0,"minecraft:white_wool","White Wool"
8,1,16,35,0,"minecraft:white_wool","White Wool"
8,1,17,35,0,"minecraft:white_wool","White Wool"
8,1,18,4,0,"minecraft:cobblestone","Cobblestone"
8,1,19,2,0,"minecraft:grass_block","Grass"
9,1,0,2,0,"minecraft:grass_block","Grass"
9,1,1,1,0,"minecraft:stone","Stone"
9,1,2,1,0,"minecraft:stone","Stone"
9,1,3,35,0,"minecraft:white_wool","White Wool"
9,1,4,2,0,"minecraft:grass_block","Grass"
9,1,5,35,0,"minecraft:white_wool","White Wool"
9,1,6,97,1,"minecraft:infested_cobblestone","Cobblestone Monster Egg"
9,1,7,97,1,"minecraft:infested_cobblestone","Cobblestone Monster Egg"
9,1,8,97,1,"minecraft:infested_cobblestone","Cobblestone Monster Egg"
9,1,9,97,1,"minecraft:infested_cobblestone","Cobblestone Monster Egg"
9,1,10,2,0,"minecraft:grass_block","Grass"
9,1,11,4,0,"minecraft:cobblestone","Cobblestone"
9,1,12,2,0,"minecraft:grass_block","Grass"
9,1,13,1,0,"minecraft:stone","Stone"
9,1,14,4,0,"minecraft:cobblestone","Cobblestone"
9,1,15,35,0,"minecraft:white_wool","White Wool"
9,1,16,35,0,"minecraft:white_wool","White Wool"
9,1,17,35,0,"minecraft:white_wool","White Wool"
9,1,18,4,0,"minecraft:cobblestone","Cobblestone"
9,1,19,35,0,"minecraft:white_wool","White Wool"
10,1,0,35,0,"minecraft:white_wool","White Wool"
10,1,1,2,0,"minecraft:grass_block","Grass"
10,1,2,35,0,"minecraft:white_wool","White Wool"
10,1,3,35,0,"minecraft:white_wool","White Wool"
10,1,4,2,0,"minecraft:grass_block","Grass"
10,1,5,35,0,"minecraft:white_wool","White Wool"
10,1,6,35,0,"minecraft:white_wool","White Wool"
10,1,7,35,0,"minecraft:white_wool","White Wool"
10,1,8,35,0,"minecraft:white_wool","White Wool"
10,1,9,35,0,"minecraft:white_wool","White Wool"
10,1,10,4,0,"minecraft:cobblestone","Cobblestone"
10,1,11,2,0,"minecraft:grass_block","Grass"
10,1,12,2,0,"minecraft:grass_block","Grass"
10,1,13,4,0,"minecraft:cobblestone","Cobblestone"
10,1,14,4,0,"minecraft:cobblestone","Cobblestone"
10,1,15,35,0,"minecraft:white_wool","White Wool"
10,1,16,35,0,"minecraft:white_wool","White Wool"
10,1,17,35,0,"minecraft:white_wool","White Wool"
10,1,18,4,0,"minecraft:cobblestone","Cobblestone"
10,1,19,2,0,"minecraft:grass_block","Grass"
11,1,0,35,0,"minecraft:white_wool","White Wool"
11,1,1,2,0,"minecraft:grass_block","Grass"
11,1,2,4,0,"minecraft:cobblestone","Cobblestone"
11,1,3,4,0,"minecraft:cobblestone","Cobblestone"
11,1,4,1,0,"minecraft:stone","Stone"
11,1,5,1,0,"minecraft:stone","Stone"
11,1,6,1,0,"minecraft:stone","Stone"
11,1,7,4,0,"minecraft:cobblestone","Cobblestone"
11,1,8,4,0,"minecraft:cobblestone","Cobblestone"
11,1,9,4,0,"minecraft:cobblestone","Cobblestone"
11,1,10,4,0,"minecraft:cobblestone","Cobblestone"
11,1,11,4,0,"minecraft:cobblestone","Cobblestone"
11,1,12,4,0,"minecraft:cobblestone","Cobblestone"
11,1,13,4,0,"minecraft:cobblestone","Cobblestone"
11,1,14,2,0,"minecraft:grass_block","Grass"
11,1,15,2,0,"minecraft:grass_block","Grass"
11,1,16,35,0,"minecraft:white_wool","White Wool"
11,1,17,4,0,"minecraft:cobblestone","Cobblestone"
11,1,18,2,0,"minecraft:grass_block","Grass"
11,1,19,2,0,"minecraft:grass_block","Grass"
12,1,0,35,0,"minecraft:white_wool","White Wool"
12,1,1,35,0,"minecraft:white_wool","White Wool"
12,1,2,2,0,"minecraft:grass_block","Grass"
12,1,3,2,0,"minecraft:grass_block","Grass"
12,1,4,2,0,"minecraft:grass_block","Grass"
12,1,5,4,0,"minecraft:cobblestone","Cobblestone"
12,1,6,4,0,"minecraft:cobblestone","Cobblestone"
12,1,7,2,0,"minecraft:grass_block","Grass"
12,1,8,2,0,"minecraft:grass_block","Grass"
12,1,9,1,0,"minecraft:stone","Stone"
12,1,10,35,0,"minecraft:white_wool","White Wool"
12,1,11,35,0,"minecraft:white_wool","White Wool"
12,1,12,2,0,"minecraft:grass_block","Grass"
12,1,13,4,0,"minecraft:cobblestone","Cobblestone"
12,1,14,4,0,"minecraft:cobblestone","Cobblestone"
12,1,15,4,0,"minecraft:cobblestone","Cobblestone"
12,1,16,4,0,"minecraft:cobblestone","Cobblestone"
12,1,17,2,0,"minecraft:grass_block","Grass"
12,1,18,2,0,"minecraft:grass_block","Grass"
12,1,19,2,0,"minecraft:grass_block","Grass"
13,1,0,35,0,"minecraft:white_wool","White Wool"
13,1,1,35,0,"minecraft:white_wool","White Wool"
13,1,2,35,0,"minecraft:white_wool","White Wool"
13,1,3,2,0,"minecraft:grass_block","Grass"
13,1,4,3,0,"minecraft:dirt","Dirt"
13,1,5,4,0,"minecraft:cobblestone","Cobblestone"
13,1,6,2,0,"minecraft:grass_block","Grass"
13,1,7,1,0,"minecraft:stone","Stone"
13,1,8,2,0,"minecraft:grass_block","Grass"
13,1,9,1,0,"minecraft:stone","Stone"
13,1,10,35,0,"minecraft:white_wool","White Wool"
13,1,11,35,0,"minecraft:white_wool","White Wool"
13,1,12,2,0,"minecraft:grass_block","Grass"
13,1,13,35,0,"minecraft:white_wool","White Wool"
13,1,14,35,0,"minecraft:white_wool","White Wool"
13,1,15,2,0,"minecraft:grass_block","Grass"
13,1,16,2,0,"minecraft:grass_block","Grass"
13,1,17,2,0,"minecraft:grass_block","Grass"
13,1,18,35,0,"minecraft:white_wool","White Wool"
13,1,19,35,0,"minecraft:white_wool","White Wool"
14,1,0,35,0,"minecraft:white_wool","White Wool"
14,1,1,35,0,"minecraft:white_wool","White Wool"
14,1,2,35,0,"minecraft:white_wool","White Wool"
14,1,3,35,0,"minecraft:white_wool","White Wool"
14,1,4,2,0,"minecraft:grass_block","Grass"
14,1,5,2,0,"minecraft:grass_block","Grass"
14,1,6,2,0,"minecraft:grass_block","Grass"
14,1,7,4,0,"minecraft:cobblestone","Cobblestone"
14,1,8,2,0,"minecraft:grass_block","Grass"
14,1,9,2,0,"minecraft:grass_block","Grass"
14,1,10,4,0,"minecraft:cobblestone","Cobblestone"
14,1,11,4,0,"minecraft:cobblestone","Cobblestone"
14,1,12,4,0,"minecraft:cobblestone","Cobblestone"
14,1,13,2,0,"minecraft:grass_block","Grass"
14,1,14,2,0,"minecraft:grass_block","Grass"
14,1,15,2,0,"minecraft:grass_block","Grass"
14,1,16,35,0,"minecraft:white_wool","White Wool"
14,1,17,35,0,"minecraft:white_wool","White Wool"
14,1,18,35,0,"minecraft:white_wool","White Wool"
14,1,19,35,0,"minecraft:white_wool","White Wool"
0,2,15,188,0,"minecraft:spruce_fence","Spruce Fence"
0,2,16,188,0,"minecraft:spruce_fence","Spruce Fence"
0,2,17,191,0,"minecraft:dark_oak_fence","Oak Fence"
1,2,14,66,0,"minecraft:rail","Rail (sloped, ascending to north)"
1,2,16,66,0,"minecraft:rail","Rail (sloped, ascending to north)"
1,2,17,191,0,"minecraft:dark_oak_fence","Oak Fence"
2,2,5,134,0,"minecraft:spruce_stairs","Spruce Wood Stairs (North, Normal)"
2,2,8,134,0,"minecraft:spruce_stairs","Spruce Wood Stairs (North, Normal)"
2,2,10,18,1,"minecraft:spruce_leaves","Spruce Leaves (No Decay)"
2,2,11,134,0,"minecraft:spruce_stairs","Spruce Wood Stairs (North, Normal)"
2,2,14,17,0,"minecraft:oak_wood","Oak Wood (facing east/west)"
2,2,15,17,0,"minecraft:oak_wood","Oak Wood (facing east/west)"
2,2,16,17,0,"minecraft:oak_wood","Oak Wood (facing east/west)"
2,2,17,191,0,"minecraft:dark_oak_fence","Oak Fence"
2,2,18,191,0,"minecraft:dark_oak_fence","Oak Fence"
3,2,0,188,0,"minecraft:spruce_fence","Spruce Fence"
3,2,2,17,1,"minecraft:spruce_wood","Spruce wood (facing east/west) "
3,2,3,17,1,"minecraft:spruce_wood","Spruce Wood"
3,2,5,17,1,"minecraft:spruce_wood","Spruce Wood"
3,2,6,188,0,"minecraft:spruce_fence","Spruce Fence"
3,2,7,188,0,"minecraft:spruce_fence","Spruce Fence"
3,2,8,17,1,"minecraft:spruce_wood","Spruce Wood"
3,2,9,188,0,"minecraft:spruce_fence","Spruce Fence"
3,2,10,188,0,"minecraft:spruce_fence","Spruce Fence"
3,2,11,17,1,"minecraft:spruce_wood","Spruce Wood"
3,2,12,191,0,"minecraft:dark_oak_fence","Oak Fence"
3,2,14,66,0,"minecraft:rail","Rail (sloped, ascending to south)"
3,2,16,66,0,"minecraft:rail","Rail (sloped, ascending to south)"
3,2,18,191,0,"minecraft:dark_oak_fence","Oak Fence"
4,2,0,191,0,"minecraft:dark_oak_fence","Oak Fence"
4,2,3,17,1,"minecraft:spruce_wood","Spruce Wood (facing north/south)"
4,2,5,188,0,"minecraft:spruce_fence","Spruce Fence"
4,2,6,17,0,"minecraft:oak_wood","Oak Wood (facing east/west)"
4,2,7,17,0,"minecraft:oak_wood","Oak Wood (facing east/west)"
4,2,8,17,0,"minecraft:oak_wood","Oak Wood (facing east/west)"
4,2,9,17,0,"minecraft:oak_wood","Oak Wood (facing east/west)"
4,2,10,17,0,"minecraft:oak_wood","Oak Wood (facing east/west)"
5,2,0,191,0,"minecraft:dark_oak_fence","Oak Fence"
6,2,0,191,0,"minecraft:dark_oak_fence","Oak Fence"
6,2,5,188,0,"minecraft:spruce_fence","Spruce Fence"
6,2,6,58,0,"minecraft:crafting_table","Crafting Table"
6,2,7,58,0,"minecraft:crafting_table","Crafting Table"
6,2,8,191,0,"minecraft:dark_oak_fence","Oak Fence"
7,2,4,191,0,"minecraft:dark_oak_fence","Oak Fence"
7,2,5,17,1,"minecraft:spruce_wood","Spruce Wood"
7,2,6,4,0,"minecraft:cobblestone","Cobblestone"
7,2,7,4,0,"minecraft:cobblestone","Cobblestone"
7,2,8,4,0,"minecraft:cobblestone","Cobblestone"
7,2,9,17,1,"minecraft:spruce_wood","Spruce Wood"
7,2,10,188,0,"minecraft:spruce_fence","Spruce Fence"
7,2,11,17,1,"minecraft:spruce_wood","Spruce Wood"
7,2,12,191,0,"minecraft:dark_oak_fence","Oak Fence"
7,2,15,17,1,"minecraft:spruce_wood","Spruce Wood (facing north/south)"
7,2,16,17,1,"minecraft:spruce_wood","Spruce Wood (facing north/south)"
8,2,0,188,0,"minecraft:spruce_fence","Spruce Fence"
8,2,5,4,0,"minecraft:cobblestone","Cobblestone"
8,2,8,191,0,"minecraft:dark_oak_fence","Oak Fence"
8,2,9,4,0,"minecraft:cobblestone","Cobblestone"
8,2,10,191,0,"minecraft:dark_oak_fence","Oak Fence"
8,2,11,134,0,"minecraft:spruce_stairs","Spruce Wood Stairs (South, Normal)"
8,2,15,17,1,"minecraft:spruce_wood","Spruce Wood (facing north/south)"
8,2,16,17,1,"minecraft:spruce_wood","Spruce Wood (facing north/south)"
8,2,17,17,1,"minecraft:spruce_wood","Spruce Wood (facing north/south)"
8,2,18,66,0,"minecraft:rail","Rail (sloped, ascending to west)"
9,2,0,188,0,"minecraft:spruce_fence","Spruce Fence"
9,2,1,191,0,"minecraft:dark_oak_fence","Oak Fence"
9,2,3,5,0,"minecraft:oak_planks","Oak Wood Plank"
9,2,5,4,0,"minecraft:cobblestone","Cobblestone"
9,2,9,64,0,"minecraft:oak_door","Oak Door (Facing East, Closed, Lower)"
9,2,15,17,1,"minecraft:spruce_wood","Spruce Wood (facing north/south)"
9,2,16,17,1,"minecraft:spruce_wood","Spruce Wood (facing north/south)"
9,2,17,17,1,"minecraft:spruce_wood","Spruce Wood (facing north/south)"
10,2,1,191,0,"minecraft:dark_oak_fence","Oak Fence"
10,2,2,5,0,"minecraft:oak_planks","Oak Wood Plank"
10,2,3,5,0,"minecraft:oak_planks","Oak Wood Plank"
10,2,5,17,1,"minecraft:spruce_wood","Spruce Wood"
10,2,6,4,0,"minecraft:cobblestone","Cobblestone"
10,2,7,4,0,"minecraft:cobblestone","Cobblestone"
10,2,8,4,0,"minecraft:cobblestone","Cobblestone"
10,2,9,17,1,"minecraft:spruce_wood","Spruce Wood"
10,2,15,17,1,"minecraft:spruce_wood","Spruce Wood (facing north/south)"
10,2,16,17,1,"minecraft:spruce_wood","Spruce Wood (facing north/south)"
10,2,17,17,1,"minecraft:spruce_wood","Spruce Wood (facing north/south)"
10,2,18,66,0,"minecraft:rail","Rail (sloped, ascending to west)"
11,2,6,18,1,"minecraft:spruce_leaves","Spruce Leaves (No Decay)"
11,2,16,17,1,"minecraft:spruce_wood","Spruce Wood (facing north/south)"
12,2,5,5,0,"minecraft:oak_planks","Oak Wood Plank"
12,2,6,18,1,"minecraft:spruce_leaves","Spruce Leaves (No Decay)"
12,2,10,5,2,"minecraft:birch_planks","Birch Wood Plank"
12,2,11,5,2,"minecraft:birch_planks","Birch Wood Plank"
12,2,17,191,0,"minecraft:dark_oak_fence","Oak Fence"
12,2,18,191,0,"minecraft:dark_oak_fence","Oak Fence"
12,2,19,188,0,"minecraft:spruce_fence","Spruce Fence"
13,2,4,5,0,"minecraft:oak_planks","Oak Wood Plank"
13,2,5,5,0,"minecraft:oak_planks","Oak Wood Plank"
13,2,10,5,2,"minecraft:birch_planks","Birch Wood Plank"
13,2,11,5,2,"minecraft:birch_planks","Birch Wood Plank"
13,2,13,5,3,"minecraft:jungle_planks","Jungle Wood Plank"
13,2,14,5,3,"minecraft:jungle_planks","Jungle Wood Plank"
13,2,16,191,0,"minecraft:dark_oak_fence","Oak Fence"
13,2,17,191,0,"minecraft:dark_oak_fence","Oak Fence"
14,2,5,191,0,"minecraft:dark_oak_fence","Oak Fence"
14,2,6,191,0,"minecraft:dark_oak_fence","Oak Fence"
14,2,7,191,0,"minecraft:dark_oak_fence","Oak Fence"
14,2,8,191,0,"minecraft:dark_oak_fence","Oak Fence"
0,3,17,50,0,"minecraft:torch","Torch (Facing Up)"
2,3,10,18,1,"minecraft:spruce_leaves","Spruce Leaves (No Decay)"
2,3,14,66,0,"minecraft:rail","Rail"
2,3,16,66,0,"minecraft:rail","Rail"
3,3,3,17,1,"minecraft:spruce_wood","Spruce Wood"
3,3,5,17,1,"minecraft:spruce_wood","Spruce Wood"
3,3,6,4,0,"minecraft:cobblestone","Cobblestone"
3,3,7,4,0,"minecraft:cobblestone","Cobblestone"
3,3,8,17,1,"minecraft:spruce_wood","Spruce Wood"
3,3,9,4,0,"minecraft:cobblestone","Cobblestone"
3,3,10,4,0,"minecraft:cobblestone","Cobblestone"
3,3,11,17,1,"minecraft:spruce_wood","Spruce Wood"
3,3,12,50,0,"minecraft:torch","Torch (Facing Up)"
4,3,5,188,0,"minecraft:spruce_fence","Spruce Fence"
4,3,7,17,0,"minecraft:oak_wood","Oak Wood (facing east/west)"
4,3,8,17,0,"minecraft:oak_wood","Oak Wood (facing east/west)"
5,3,0,50,0,"minecraft:torch","Torch (Facing Up)"
6,3,5,188,0,"minecraft:spruce_fence","Spruce Fence"
6,3,8,50,0,"minecraft:torch","Torch (Facing Up)"
7,3,4,50,0,"minecraft:torch","Torch (Facing Up)"
7,3,5,17,1,"minecraft:spruce_wood","Spruce Wood"
7,3,6,5,1,"minecraft:spruce_planks","Spruce Wood Plank"
7,3,7,102,0,"minecraft:glass_pane","Glass Pane"
7,3,8,5,1,"minecraft:spruce_planks","Spruce Wood Plank"
7,3,9,17,1,"minecraft:spruce_wood","Spruce Wood"
7,3,11,17,1,"minecraft:spruce_wood","Spruce Wood"
7,3,12,50,0,"minecraft:torch","Torch (Facing Up)"
8,3,5,102,0,"minecraft:glass_pane","Glass Pane"
8,3,8,50,0,"minecraft:torch","Torch (Facing Up)"
8,3,9,4,0,"minecraft:cobblestone","Cobblestone"
8,3,10,50,0,"minecraft:torch","Torch (Facing Up)"
8,3,15,66,0,"minecraft:rail","Rail (sloped, ascending to east)"
8,3,16,17,0,"minecraft:oak_wood","Oak Wood (facing north/south)"
8,3,17,66,0,"minecraft:rail","Rail (sloped, ascending to west)"
9,3,1,50,0,"minecraft:torch","Torch (Facing Up)"
9,3,5,102,0,"minecraft:glass_pane","Glass Pane"
9,3,9,64,0,"minecraft:oak_door","Oak Door (Hinge Left, Unpowered, Upper"
9,3,16,17,0,"minecraft:oak_wood","Oak Wood (facing north/south)"
10,3,2,5,0,"minecraft:oak_planks","Oak Wood Plank"
10,3,5,17,1,"minecraft:spruce_wood","Spruce Wood"
10,3,6,5,1,"minecraft:spruce_planks","Spruce Wood Plank"
10,3,7,102,0,"minecraft:glass_pane","Glass Pane"
10,3,8,5,1,"minecraft:spruce_planks","Spruce Wood Plank"
10,3,9,17,1,"minecraft:spruce_wood","Spruce Wood"
10,3,15,66,0,"minecraft:rail","Rail (sloped, ascending to east)"
10,3,16,17,0,"minecraft:oak_wood","Oak Wood (facing north/south)"
10,3,17,66,0,"minecraft:rail","Rail (sloped, ascending to west)"
11,3,6,18,1,"minecraft:spruce_leaves","Spruce Leaves (No Decay)"
12,3,17,50,0,"minecraft:torch","Torch (Facing Up)"
13,3,5,5,0,"minecraft:oak_planks","Oak Wood Plank"
13,3,10,5,2,"minecraft:birch_planks","Birch Wood Plank"
13,3,14,5,3,"minecraft:jungle_planks","Jungle Wood Plank"
14,3,6,50,0,"minecraft:torch","Torch (Facing Up)"
2,4,11,18,1,"minecraft:spruce_leaves","Spruce Leaves (No Decay)"
3,4,5,17,1,"minecraft:spruce_wood","Spruce Wood"
3,4,6,5,1,"minecraft:spruce_planks","Spruce Wood Plank"
3,4,7,5,1,"minecraft:spruce_planks","Spruce Wood Plank"
3,4,8,17,1,"minecraft:spruce_wood","Spruce Wood"
3,4,9,5,1,"minecraft:spruce_planks","Spruce Wood Plank"
3,4,10,5,1,"minecraft:spruce_planks","Spruce Wood Plank"
3,4,11,17,1,"minecraft:spruce_wood","Spruce Wood"
4,4,5,188,0,"minecraft:spruce_fence","Spruce Fence"
6,4,5,188,0,"minecraft:spruce_fence","Spruce Fence"
7,4,5,17,1,"minecraft:spruce_wood","Spruce Wood"
7,4,6,5,1,"minecraft:spruce_planks","Spruce Wood Plank"
7,4,7,5,1,"minecraft:spruce_planks","Spruce Wood Plank"
7,4,8,5,1,"minecraft:spruce_planks","Spruce Wood Plank"
7,4,9,17,1,"minecraft:spruce_wood","Spruce Wood"
7,4,11,17,1,"minecraft:spruce_wood","Spruce Wood"
8,4,5,5,1,"minecraft:spruce_planks","Spruce Wood Plank"
8,4,9,5,1,"minecraft:spruce_planks","Spruce Wood Plank"
8,4,10,126,1,"minecraft:spruce_slab"," Spruce Wood Slab (Upper)"
8,4,16,66,0,"minecraft:rail","Rail (straight; east and west)"
9,4,4,126,1,"minecraft:spruce_slab"," Spruce Wood Slab (Upper)"
9,4,5,5,1,"minecraft:spruce_planks","Spruce Wood Plank"
9,4,9,5,1,"minecraft:spruce_planks","Spruce Wood Plank"
9,4,10,126,1,"minecraft:spruce_slab"," Spruce Wood Slab (Bottom)"
10,4,4,126,1,"minecraft:spruce_slab"," Spruce Wood Slab (Upper)"
10,4,5,17,1,"minecraft:spruce_wood","Spruce Wood"
10,4,6,5,1,"minecraft:spruce_planks","Spruce Wood Plank"
10,4,7,5,1,"minecraft:spruce_planks","Spruce Wood Plank"
10,4,8,5,1,"minecraft:spruce_planks","Spruce Wood Plank"
10,4,9,17,1,"minecraft:spruce_wood","Spruce Wood"
10,4,10,126,1,"minecraft:spruce_slab"," Spruce Wood Slab (Upper)"
10,4,16,66,0,"minecraft:rail","Rail (straight; east and west)"
11,4,4,126,1,"minecraft:spruce_slab"," Spruce Wood Slab (Upper)"
11,4,5,126,1,"minecraft:spruce_slab"," Spruce Wood Slab (Upper)"
11,4,6,126,1,"minecraft:spruce_slab"," Spruce Wood Slab (Upper)"
11,4,7,126,1,"minecraft:spruce_slab"," Spruce Wood Slab (Upper)"
11,4,8,126,1,"minecraft:spruce_slab"," Spruce Wood Slab (Upper)"
11,4,9,126,1,"minecraft:spruce_slab"," Spruce Wood Slab (Upper)"
12,4,5,18,1,"minecraft:spruce_leaves","Spruce Leaves (No Decay)"
1,5,11,18,1,"minecraft:spruce_leaves","Spruce Leaves (No Decay)"
1,5,12,18,1,"minecraft:spruce_leaves","Spruce Leaves (No Decay)"
2,5,4,134,0,"minecraft:spruce_stairs","Spruce Wood Stairs (North, Normal)"
2,5,5,134,0,"minecraft:spruce_stairs","Spruce Wood Stairs (North, Normal)"
2,5,6,134,0,"minecraft:spruce_stairs","Spruce Wood Stairs (North, Normal)"
2,5,7,134,0,"minecraft:spruce_stairs","Spruce Wood Stairs (North, Normal)"
2,5,8,134,0,"minecraft:spruce_stairs","Spruce Wood Stairs (North, Normal)"
2,5,9,134,0,"minecraft:spruce_stairs","Spruce Wood Stairs (North, Normal)"
2,5,10,134,0,"minecraft:spruce_stairs","Spruce Wood Stairs (North, Normal)"
2,5,11,134,0,"minecraft:spruce_stairs","Spruce Wood Stairs (North, Normal)"
2,5,12,134,0,"minecraft:spruce_stairs","Spruce Wood Stairs (North, Normal)"
3,5,4,134,0,"minecraft:spruce_stairs","Spruce Wood Stairs (South, Upside-down)"
3,5,5,17,1,"minecraft:spruce_wood","Spruce Wood"
3,5,6,4,0,"minecraft:cobblestone","Cobblestone"
3,5,7,4,0,"minecraft:cobblestone","Cobblestone"
3,5,8,17,1,"minecraft:spruce_wood","Spruce Wood"
3,5,9,4,0,"minecraft:cobblestone","Cobblestone"
3,5,10,4,0,"minecraft:cobblestone","Cobblestone"
3,5,11,17,1,"minecraft:spruce_wood","Spruce Wood"
3,5,12,134,0,"minecraft:spruce_stairs","Spruce Wood Stairs (South, Upside-down)"
4,5,5,188,0,"minecraft:spruce_fence","Spruce Fence"
6,5,5,188,0,"minecraft:spruce_fence","Spruce Fence"
7,5,4,126,1,"minecraft:spruce_slab"," Spruce Wood Slab (Upper)"
7,5,5,17,1,"minecraft:spruce_wood","Spruce Wood"
7,5,6,134,0,"minecraft:spruce_stairs","Spruce Wood Stairs (North, Normal)"
7,5,7,134,0,"minecraft:spruce_stairs","Spruce Wood Stairs (North, Normal)"
7,5,8,134,0,"minecraft:spruce_stairs","Spruce Wood Stairs (North, Normal)"
7,5,9,17,1,"minecraft:spruce_wood","Spruce Wood"
7,5,11,17,1,"minecraft:spruce_wood","Spruce Wood"
7,5,12,134,0,"minecraft:spruce_stairs","Spruce Wood Stairs (North, Upside-down)"
8,5,4,126,1,"minecraft:spruce_slab"," Spruce Wood Slab (Bottom)"
8,5,5,126,1,"minecraft:spruce_slab"," Spruce Wood Slab (Upper)"
8,5,6,126,1,"minecraft:spruce_slab"," Spruce Wood Slab (Upper)"
8,5,7,126,1,"minecraft:spruce_slab"," Spruce Wood Slab (Upper)"
8,5,8,126,1,"minecraft:spruce_slab"," Spruce Wood Slab (Upper)"
8,5,9,126,1,"minecraft:spruce_slab"," Spruce Wood Slab (Upper)"
8,5,10,134,0,"minecraft:spruce_stairs","Spruce Wood Stairs (South, Normal)"
8,5,11,134,0,"minecraft:spruce_stairs","Spruce Wood Stairs (South, Normal)"
8,5,12,134,0,"minecraft:spruce_stairs","Spruce Wood Stairs (South, Normal)"
9,5,5,126,1,"minecraft:spruce_slab"," Spruce Wood Slab (Bottom)"
9,5,6,126,1,"minecraft:spruce_slab"," Spruce Wood Slab (Bottom)"
9,5,7,126,1,"minecraft:spruce_slab"," Spruce Wood Slab (Bottom)"
9,5,8,126,1,"minecraft:spruce_slab"," Spruce Wood Slab (Bottom)"
9,5,9,126,1,"minecraft:spruce_slab"," Spruce Wood Slab (Bottom)"
10,5,5,126,1,"minecraft:spruce_slab"," Spruce Wood Slab (Bottom)"
10,5,6,126,1,"minecraft:spruce_slab"," Spruce Wood Slab (Bottom)"
10,5,7,126,1,"minecraft:spruce_slab"," Spruce Wood Slab (Bottom)"
10,5,8,126,1,"minecraft:spruce_slab"," Spruce Wood Slab (Bottom)"
10,5,9,126,1,"minecraft:spruce_slab"," Spruce Wood Slab (Bottom)"
11,5,5,18,1,"minecraft:spruce_leaves","Spruce Leaves (No Decay)"
11,5,6,18,1,"minecraft:spruce_leaves","Spruce Leaves (No Decay)"
2,6,12,18,1,"minecraft:spruce_leaves","Spruce Leaves (No Decay)"
3,6,4,134,0,"minecraft:spruce_stairs","Spruce Wood Stairs (North, Normal)"
3,6,5,134,0,"minecraft:spruce_stairs","Spruce Wood Stairs (North, Normal)"
3,6,6,134,0,"minecraft:spruce_stairs","Spruce Wood Stairs (North, Normal)"
3,6,7,134,0,"minecraft:spruce_stairs","Spruce Wood Stairs (North, Normal)"
3,6,8,134,0,"minecraft:spruce_stairs","Spruce Wood Stairs (North, Normal)"
3,6,9,134,0,"minecraft:spruce_stairs","Spruce Wood Stairs (North, Normal)"
3,6,10,134,0,"minecraft:spruce_stairs","Spruce Wood Stairs (North, Normal)"
3,6,11,134,0,"minecraft:spruce_stairs","Spruce Wood Stairs (North, Normal)"
3,6,12,134,0,"minecraft:spruce_stairs","Spruce Wood Stairs (North, Normal)"
3,6,13,18,1,"minecraft:spruce_leaves","Spruce Leaves (No Decay)"
4,6,4,134,0,"minecraft:spruce_stairs","Spruce Wood Stairs (South, Upside-down)"
4,6,5,188,0,"minecraft:spruce_fence","Spruce Fence"
4,6,11,5,1,"minecraft:spruce_planks","Spruce Wood Plank"
4,6,12,134,0,"minecraft:spruce_stairs","Spruce Wood Stairs (South, Upside-down)"
5,6,4,188,0,"minecraft:spruce_fence","Spruce Fence"
6,6,4,134,0,"minecraft:spruce_stairs","Spruce Wood Stairs (North, Upside-down)"
6,6,5,188,0,"minecraft:spruce_fence","Spruce Fence"
6,6,11,5,1,"minecraft:spruce_planks","Spruce Wood Plank"
6,6,12,134,0,"minecraft:spruce_stairs","Spruce Wood Stairs (North, Upside-down)"
7,6,4,134,0,"minecraft:spruce_stairs","Spruce Wood Stairs (South, Normal)"
7,6,5,134,0,"minecraft:spruce_stairs","Spruce Wood Stairs (South, Normal)"
7,6,6,134,0,"minecraft:spruce_stairs","Spruce Wood Stairs (South, Normal)"
7,6,7,134,0,"minecraft:spruce_stairs","Spruce Wood Stairs (South, Normal)"
7,6,8,134,0,"minecraft:spruce_stairs","Spruce Wood Stairs (South, Normal)"
7,6,9,134,0,"minecraft:spruce_stairs","Spruce Wood Stairs (South, Normal)"
7,6,10,134,0,"minecraft:spruce_stairs","Spruce Wood Stairs (South, Normal)"
7,6,11,134,0,"minecraft:spruce_stairs","Spruce Wood Stairs (South, Normal)"
7,6,12,134,0,"minecraft:spruce_stairs","Spruce Wood Stairs (South, Normal)"
8,6,7,18,1,"minecraft:spruce_leaves","Spruce Leaves (No Decay)"
8,6,8,18,1,"minecraft:spruce_leaves","Spruce Leaves (No Decay)"
8,6,9,18,1,"minecraft:spruce_leaves","Spruce Leaves (No Decay)"
9,6,7,18,1,"minecraft:spruce_leaves","Spruce Leaves (No Decay and Check Decay)"
10,6,7,18,1,"minecraft:spruce_leaves","Spruce Leaves (No Decay)"
10,6,8,18,1,"minecraft:spruce_leaves","Spruce Leaves (No Decay)"
4,7,4,134,0,"minecraft:spruce_stairs","Spruce Wood Stairs (North, Normal)"
4,7,5,134,0,"minecraft:spruce_stairs","Spruce Wood Stairs (North, Normal)"
4,7,6,134,0,"minecraft:spruce_stairs","Spruce Wood Stairs (North, Normal)"
4,7,7,134,0,"minecraft:spruce_stairs","Spruce Wood Stairs (North, Normal)"
4,7,8,134,0,"minecraft:spruce_stairs","Spruce Wood Stairs (North, Normal)"
4,7,9,134,0,"minecraft:spruce_stairs","Spruce Wood Stairs (North, Normal)"
4,7,10,134,0,"minecraft:spruce_stairs","Spruce Wood Stairs (North, Normal)"
4,7,11,134,0,"minecraft:spruce_stairs","Spruce Wood Stairs (North, Normal)"
4,7,12,134,0,"minecraft:spruce_stairs","Spruce Wood Stairs (North, Normal)"
5,7,4,134,0,"minecraft:spruce_stairs","Spruce Wood Stairs (East, Upside-down)"
5,7,12,134,0,"minecraft:spruce_stairs","Spruce Wood Stairs (West, Upside-down)"
6,7,4,134,0,"minecraft:spruce_stairs","Spruce Wood Stairs (South, Normal)"
6,7,5,134,0,"minecraft:spruce_stairs","Spruce Wood Stairs (South, Normal)"
6,7,6,134,0,"minecraft:spruce_stairs","Spruce Wood Stairs (South, Normal)"
6,7,7,134,0,"minecraft:spruce_stairs","Spruce Wood Stairs (South, Normal)"
6,7,8,134,0,"minecraft:spruce_stairs","Spruce Wood Stairs (South, Normal)"
6,7,9,134,0,"minecraft:spruce_stairs","Spruce Wood Stairs (South, Normal)"
6,7,10,134,0,"minecraft:spruce_stairs","Spruce Wood Stairs (South, Normal)"
6,7,11,134,0,"minecraft:spruce_stairs","Spruce Wood Stairs (South, Normal)"
6,7,12,134,0,"minecraft:spruce_stairs","Spruce Wood Stairs (South, Normal)"
7,7,9,18,1,"minecraft:spruce_leaves","Spruce Leaves (No Decay)"
7,7,10,18,1,"minecraft:spruce_leaves","Spruce Leaves (No Decay)"
5,8,5,126,1,"minecraft:spruce_slab"," Spruce Wood Slab (Bottom)"
5,8,6,126,1,"minecraft:spruce_slab"," Spruce Wood Slab (Bottom)"
5,8,7,126,1,"minecraft:spruce_slab"," Spruce Wood Slab (Bottom)"
5,8,8,126,1,"minecraft:spruce_slab"," Spruce Wood Slab (Bottom)"
5,8,9,126,1,"minecraft:spruce_slab"," Spruce Wood Slab (Bottom)"
5,8,10,126,1,"minecraft:spruce_slab"," Spruce Wood Slab (Bottom)"
5,8,11,126,1,"minecraft:spruce_slab"," Spruce Wood Slab (Bottom)"
5,8,12,134,0,"minecraft:spruce_stairs","Spruce Wood Stairs (East, Normal)"
