0,1,18,66,0,"minecraft:rail","Rail (sloped, ascending to west)"
0,1,20,66,0,"minecraft:rail","Rail (sloped, ascending to west)"
1,1,17,17,0,"minecraft:oak_wood","Oak Wood (facing north/south)"
1,1,18,17,0,"minecraft:oak_wood","Oak Wood (facing north/south)"
1,1,19,17,0,"minecraft:oak_wood","Oak Wood (facing north/south)"
1,1,20,17,0,"minecraft:oak_wood","Oak Wood (facing north/south)"
1,1,21,17,0,"minecraft:oak_wood","Oak Wood (facing north/south)"
2,1,18,17,0,"minecraft:oak_wood","Oak Wood (facing north/south)"
2,1,19,17,0,"minecraft:oak_wood","Oak Wood (facing north/south)"
2,1,20,17,0,"minecraft:oak_wood","Oak Wood (facing north/south)"
2,1,21,17,0,"minecraft:oak_wood","Oak Wood (facing north/south)"
3,1,17,17,0,"minecraft:oak_wood","Oak Wood (facing north/south)"
3,1,18,17,0,"minecraft:oak_wood","Oak Wood (facing north/south)"
3,1,19,17,0,"minecraft:oak_wood","Oak Wood (facing north/south)"
3,1,20,17,0,"minecraft:oak_wood","Oak Wood (facing north/south)"
4,1,14,17,0,"minecraft:oak_wood","Oak Wood (facing east/west)"
4,1,18,66,0,"minecraft:rail","Rail (sloped, ascending to east)"
4,1,20,66,0,"minecraft:rail","Rail (sloped, ascending to east)"
5,1,13,17,0,"minecraft:oak_wood","Oak Wood (facing east/west)"
5,1,14,17,0,"minecraft:oak_wood","Oak Wood (facing east/west)"
5,1,15,17,0,"minecraft:oak_wood","Oak Wood (facing east/west)"
6,1,12,66,0,"minecraft:rail","Rail (sloped, ascending to north)"
6,1,13,17,0,"minecraft:oak_wood","Oak Wood (facing east/west)"
6,1,14,17,0,"minecraft:oak_wood","Oak Wood (facing east/west)"
6,1,15,17,0,"minecraft:oak_wood","Oak Wood (facing east/west)"
6,1,16,66,0,"minecraft:rail","Rail (sloped, ascending to south)"
6,1,22,67,0,"minecraft:cobblestone_stairs","Cobblestone Stairs (North, Upside-down)"
6,1,23,118,0,"minecraft:cauldron","Cauldron (Empty)"
6,1,24,118,0,"minecraft:cauldron","Cauldron (Empty)"
6,1,25,67,0,"minecraft:cobblestone_stairs","Cobblestone Stairs (South, Normal)"
6,1,26,66,0,"minecraft:rail","Rail"
6,1,27,66,0,"minecraft:rail","Rail"
6,1,28,66,0,"minecraft:rail","Rail"
6,1,29,66,0,"minecraft:rail","Rail (curved; south and west)"
7,1,1,139,0,"minecraft:cobblestone_wall","Cobblestone Wall"
7,1,5,139,0,"minecraft:cobblestone_wall","Cobblestone Wall"
7,1,9,139,0,"minecraft:cobblestone_wall","Cobblestone Wall"
7,1,13,17,0,"minecraft:oak_wood","Oak Wood (facing east/west)"
7,1,14,17,0,"minecraft:oak_wood","Oak Wood (facing east/west)"
7,1,15,17,0,"minecraft:oak_wood","Oak Wood (facing east/west)"
7,1,29,66,0,"minecraft:rail","Rail (straight; east and west)"
8,1,0,139,0,"minecraft:cobblestone_wall","Cobblestone Wall"
8,1,1,17,0,"minecraft:oak_wood","Oak Wood"
8,1,2,4,0,"minecraft:cobblestone","Cobblestone"
8,1,3,4,0,"minecraft:cobblestone","Cobblestone"
8,1,4,4,0,"minecraft:cobblestone","Cobblestone"
8,1,5,17,0,"minecraft:oak_wood","Oak Wood"
8,1,6,4,0,"minecraft:cobblestone","Cobblestone"
8,1,7,4,0,"minecraft:cobblestone","Cobblestone"
8,1,8,4,0,"minecraft:cobblestone","Cobblestone"
8,1,9,17,0,"minecraft:oak_wood","Oak Wood"
8,1,10,139,0,"minecraft:cobblestone_wall","Cobblestone Wall"
8,1,12,66,0,"minecraft:rail","Rail (sloped, ascending to north)"
8,1,13,17,0,"minecraft:oak_wood","Oak Wood (facing east/west)"
8,1,15,17,0,"minecraft:oak_wood","Oak Wood (facing east/west)"
8,1,16,66,0,"minecraft:rail","Rail (sloped, ascending to south)"
8,1,26,17,0,"minecraft:oak_wood","Oak Wood"
8,1,29,66,0,"minecraft:rail","Rail (straight; east and west)"
8,1,32,17,0,"minecraft:oak_wood","Oak Wood"
9,1,1,4,0,"minecraft:cobblestone","Cobblestone"
9,1,9,4,0,"minecraft:cobblestone","Cobblestone"
9,1,15,17,0,"minecraft:oak_wood","Oak Wood (facing east/west)"
9,1,29,66,0,"minecraft:rail","Rail (straight; east and west)"
10,1,1,4,0,"minecraft:cobblestone","Cobblestone"
10,1,9,64,0,"minecraft:oak_door","Oak Door (Facing South, Closed, Lower)"
10,1,29,66,0,"minecraft:rail","Rail (straight; east and west)"
11,1,1,4,0,"minecraft:cobblestone","Cobblestone"
11,1,9,4,0,"minecraft:cobblestone","Cobblestone"
11,1,29,66,0,"minecraft:rail","Rail (straight; east and west)"
12,1,0,139,0,"minecraft:cobblestone_wall","Cobblestone Wall"
12,1,1,17,0,"minecraft:oak_wood","Oak Wood"
12,1,9,17,0,"minecraft:oak_wood","Oak Wood"
12,1,10,139,0,"minecraft:cobblestone_wall","Cobblestone Wall"
12,1,23,126,0,"minecraft:oak_slab","Oak Wood Slab (Bottom)"
12,1,24,96,0,"minecraft:oak_trapdoor","Wooden Trapdoor (North from block, Closed, Top Half)"
12,1,25,126,0,"minecraft:oak_slab","Oak Wood Slab (Bottom)"
12,1,26,17,0,"minecraft:oak_wood","Oak Wood"
12,1,27,191,0,"minecraft:dark_oak_fence","Oak Fence"
12,1,28,191,0,"minecraft:dark_oak_fence","Oak Fence"
12,1,30,191,0,"minecraft:dark_oak_fence","Oak Fence"
12,1,32,17,0,"minecraft:oak_wood","Oak Wood"
13,1,1,4,0,"minecraft:cobblestone","Cobblestone"
13,1,9,4,0,"minecraft:cobblestone","Cobblestone"
13,1,23,17,0,"minecraft:oak_wood","Oak Wood"
13,1,24,53,0,"minecraft:oak_stairs","Oak Wood Stairs (West, Upside-down)"
13,1,25,17,0,"minecraft:oak_wood","Oak Wood"
13,1,26,17,0,"minecraft:oak_wood","Oak Wood"
13,1,27,67,0,"minecraft:cobblestone_stairs","Cobblestone Stairs (West, Normal)"
13,1,29,101,0,"minecraft:iron_bars","Iron Bars"
13,1,30,191,0,"minecraft:dark_oak_fence","Oak Fence"
14,1,1,4,0,"minecraft:cobblestone","Cobblestone"
14,1,9,4,0,"minecraft:cobblestone","Cobblestone"
14,1,22,50,0,"minecraft:torch","Torch (Facing South)"
14,1,23,17,0,"minecraft:oak_wood","Oak Wood"
14,1,24,5,0,"minecraft:oak_planks","Oak Wood Plank"
14,1,25,17,0,"minecraft:oak_wood","Oak Wood"
14,1,26,17,0,"minecraft:oak_wood","Oak Wood"
14,1,28,67,0,"minecraft:cobblestone_stairs","Cobblestone Stairs (South, Normal)"
14,1,29,101,0,"minecraft:iron_bars","Iron Bars"
14,1,30,191,0,"minecraft:dark_oak_fence","Oak Fence"
15,1,1,4,0,"minecraft:cobblestone","Cobblestone"
15,1,9,4,0,"minecraft:cobblestone","Cobblestone"
15,1,23,17,0,"minecraft:oak_wood","Oak Wood"
15,1,24,53,0,"minecraft:oak_stairs","Oak Wood Stairs (East, Upside-down)"
15,1,25,17,0,"minecraft:oak_wood","Oak Wood"
15,1,26,17,0,"minecraft:oak_wood","Oak Wood"
15,1,27,67,0,"minecraft:cobblestone_stairs","Cobblestone Stairs (East, Normal)"
15,1,29,101,0,"minecraft:iron_bars","Iron Bars"
15,1,30,191,0,"minecraft:dark_oak_fence","Oak Fence"
16,1,0,139,0,"minecraft:cobblestone_wall","Cobblestone Wall"
16,1,1,17,0,"minecraft:oak_wood","Oak Wood"
16,1,2,4,0,"minecraft:cobblestone","Cobblestone"
16,1,3,4,0,"minecraft:cobblestone","Cobblestone"
16,1,4,4,0,"minecraft:cobblestone","Cobblestone"
16,1,5,17,0,"minecraft:oak_wood","Oak Wood"
16,1,6,4,0,"minecraft:cobblestone","Cobblestone"
16,1,7,4,0,"minecraft:cobblestone","Cobblestone"
16,1,8,4,0,"minecraft:cobblestone","Cobblestone"
16,1,9,17,0,"minecraft:oak_wood","Oak Wood"
16,1,10,139,0,"minecraft:cobblestone_wall","Cobblestone Wall"
16,1,23,126,0,"minecraft:oak_slab","Oak Wood Slab (Bottom)"
16,1,24,96,0,"minecraft:oak_trapdoor","Wooden Trapdoor (East from block, Open, Top Half)"
16,1,25,126,0,"minecraft:oak_slab","Oak Wood Slab (Bottom)"
16,1,26,17,0,"minecraft:oak_wood","Oak Wood"
16,1,27,191,0,"minecraft:dark_oak_fence","Oak Fence"
16,1,28,191,0,"minecraft:dark_oak_fence","Oak Fence"
16,1,30,191,0,"minecraft:dark_oak_fence","Oak Fence"
16,1,32,17,0,"minecraft:oak_wood","Oak Wood"
17,1,1,139,0,"minecraft:cobblestone_wall","Cobblestone Wall"
17,1,5,139,0,"minecraft:cobblestone_wall","Cobblestone Wall"
17,1,9,139,0,"minecraft:cobblestone_wall","Cobblestone Wall"
17,1,12,67,0,"minecraft:cobblestone_stairs","Cobblestone Stairs (West, Normal)"
17,1,13,67,0,"minecraft:cobblestone_stairs","Cobblestone Stairs (West, Normal)"
17,1,14,67,0,"minecraft:cobblestone_stairs","Cobblestone Stairs (West, Normal)"
17,1,23,126,0,"minecraft:oak_slab","Oak Wood Slab (Bottom)"
17,1,24,8,0,"minecraft:water","Water (Water level Min)"
17,1,25,126,0,"minecraft:oak_slab","Oak Wood Slab (Bottom)"
17,1,29,66,0,"minecraft:rail","Rail (straight; east and west)"
18,1,11,67,0,"minecraft:cobblestone_stairs","Cobblestone Stairs (West, Normal)"
18,1,12,17,0,"minecraft:oak_wood","Oak Wood"
18,1,13,17,0,"minecraft:oak_wood","Oak Wood"
18,1,14,17,0,"minecraft:oak_wood","Oak Wood"
18,1,15,67,0,"minecraft:cobblestone_stairs","Cobblestone Stairs (West, Normal)"
18,1,23,126,0,"minecraft:oak_slab","Oak Wood Slab (Bottom)"
18,1,24,8,0,"minecraft:water","Water (Water level Min + 1)"
18,1,25,126,0,"minecraft:oak_slab","Oak Wood Slab (Bottom)"
18,1,29,67,0,"minecraft:cobblestone_stairs","Cobblestone Stairs (West, Normal)"
19,1,10,67,0,"minecraft:cobblestone_stairs","Cobblestone Stairs (North, Normal)"
19,1,11,17,0,"minecraft:oak_wood","Oak Wood"
19,1,12,8,0,"minecraft:water","Water (Water level Max - 1, Falling)"
19,1,13,8,0,"minecraft:water","Water (Water level Max)"
19,1,14,8,0,"minecraft:water","Water (Water level Max - 1, Falling)"
19,1,15,17,0,"minecraft:oak_wood","Oak Wood"
19,1,16,67,0,"minecraft:cobblestone_stairs","Cobblestone Stairs (South, Normal)"
19,1,23,126,0,"minecraft:oak_slab","Oak Wood Slab (Bottom)"
19,1,24,8,0,"minecraft:water","Water (Water level Max - 4)"
19,1,25,126,0,"minecraft:oak_slab","Oak Wood Slab (Bottom)"
19,1,29,67,0,"minecraft:cobblestone_stairs","Cobblestone Stairs (East, Upside-down)"
20,1,9,67,0,"minecraft:cobblestone_stairs","Cobblestone Stairs (North, Normal)"
20,1,10,17,0,"minecraft:oak_wood","Oak Wood"
20,1,11,8,0,"minecraft:water","Water (Water level Max - 1, Falling)"
20,1,12,9,0,"minecraft:water","Still Water"
20,1,13,9,0,"minecraft:water","Still Water"
20,1,14,9,0,"minecraft:water","Still Water"
20,1,15,8,0,"minecraft:water","Water (Water level Max, Falling)"
20,1,16,17,0,"minecraft:oak_wood","Oak Wood"
20,1,17,67,0,"minecraft:cobblestone_stairs","Cobblestone Stairs (South, Normal)"
20,1,21,17,0,"minecraft:oak_wood","Oak Wood"
20,1,22,17,0,"minecraft:oak_wood","Oak Wood"
20,1,23,17,0,"minecraft:oak_wood","Oak Wood"
20,1,24,8,0,"minecraft:water","Water (Water level Max - 3)"
20,1,25,126,0,"minecraft:oak_slab","Oak Wood Slab (Bottom)"
20,1,26,17,0,"minecraft:oak_wood","Oak Wood"
20,1,29,67,0,"minecraft:cobblestone_stairs","Cobblestone Stairs (West, Upside-down)"
20,1,32,17,0,"minecraft:oak_wood","Oak Wood"
21,1,9,67,0,"minecraft:cobblestone_stairs","Cobblestone Stairs (North, Normal)"
21,1,10,17,0,"minecraft:oak_wood","Oak Wood"
21,1,11,8,0,"minecraft:water","Water (Water level Max)"
21,1,12,9,0,"minecraft:water","Still Water"
21,1,13,98,0,"minecraft:stone_bricks","Stone Bricks"
21,1,14,9,0,"minecraft:water","Still Water"
21,1,15,8,0,"minecraft:water","Water (Water level Max, Falling)"
21,1,16,17,0,"minecraft:oak_wood","Oak Wood"
21,1,17,67,0,"minecraft:cobblestone_stairs","Cobblestone Stairs (South, Normal)"
21,1,20,17,0,"minecraft:oak_wood","Oak Wood"
21,1,21,8,0,"minecraft:water","Water (Water level Max - 1, Falling)"
21,1,22,8,0,"minecraft:water","Water (Water level Max)"
21,1,23,8,0,"minecraft:water","Water (Water level Max - 1)"
21,1,24,8,0,"minecraft:water","Water (Water level Max - 2)"
21,1,25,126,0,"minecraft:oak_slab","Oak Wood Slab (Bottom)"
22,1,9,67,0,"minecraft:cobblestone_stairs","Cobblestone Stairs (North, Normal)"
22,1,10,17,0,"minecraft:oak_wood","Oak Wood"
22,1,11,8,0,"minecraft:water","Water (Water level Max)"
22,1,12,9,0,"minecraft:water","Still Water"
22,1,13,9,0,"minecraft:water","Still Water"
22,1,14,9,0,"minecraft:water","Still Water"
22,1,15,8,0,"minecraft:water","Water (Water level Max, Falling)"
22,1,16,17,0,"minecraft:oak_wood","Oak Wood"
22,1,17,67,0,"minecraft:cobblestone_stairs","Cobblestone Stairs (South, Normal)"
22,1,21,17,0,"minecraft:oak_wood","Oak Wood"
22,1,22,17,0,"minecraft:oak_wood","Oak Wood"
22,1,23,17,0,"minecraft:oak_wood","Oak Wood"
22,1,24,126,0,"minecraft:oak_slab","Oak Wood Slab (Bottom)"
22,1,25,126,0,"minecraft:oak_slab","Oak Wood Slab (Bottom)"
23,1,10,67,0,"minecraft:cobblestone_stairs","Cobblestone Stairs (North, Normal)"
23,1,11,17,0,"minecraft:oak_wood","Oak Wood"
23,1,12,8,0,"minecraft:water","Water (Water level Max)"
23,1,13,8,0,"minecraft:water","Water (Water level Max)"
23,1,14,8,0,"minecraft:water","Water (Water level Max - 1, Falling)"
23,1,15,17,0,"minecraft:oak_wood","Oak Wood"
23,1,16,67,0,"minecraft:cobblestone_stairs","Cobblestone Stairs (South, Normal)"
24,1,11,67,0,"minecraft:cobblestone_stairs","Cobblestone Stairs (East, Normal)"
24,1,12,17,0,"minecraft:oak_wood","Oak Wood"
24,1,13,17,0,"minecraft:oak_wood","Oak Wood"
24,1,14,17,0,"minecraft:oak_wood","Oak Wood"
24,1,15,67,0,"minecraft:cobblestone_stairs","Cobblestone Stairs (East, Normal)"
25,1,12,67,0,"minecraft:cobblestone_stairs","Cobblestone Stairs (East, Normal)"
25,1,13,67,0,"minecraft:cobblestone_stairs","Cobblestone Stairs (East, Normal)"
25,1,14,67,0,"minecraft:cobblestone_stairs","Cobblestone Stairs (East, Normal)"
1,2,18,66,0,"minecraft:rail","Rail (sloped, ascending to west)"
1,2,20,66,0,"minecraft:rail","Rail (sloped, ascending to west)"
2,2,16,17,0,"minecraft:oak_wood","Oak Wood (facing north/south)"
2,2,17,17,0,"minecraft:oak_wood","Oak Wood (facing north/south)"
2,2,18,17,0,"minecraft:oak_wood","Oak Wood (facing north/south)"
2,2,19,17,0,"minecraft:oak_wood","Oak Wood (facing north/south)"
2,2,20,17,0,"minecraft:oak_wood","Oak Wood (facing north/south)"
3,2,18,66,0,"minecraft:rail","Rail (sloped, ascending to east)"
3,2,20,66,0,"minecraft:rail","Rail (sloped, ascending to east)"
5,2,14,17,0,"minecraft:oak_wood","Oak Wood (facing east/west)"
6,2,13,66,0,"minecraft:rail","Rail (sloped, ascending to north)"
6,2,14,17,0,"minecraft:oak_wood","Oak Wood (facing east/west)"
6,2,15,66,0,"minecraft:rail","Rail (sloped, ascending to south)"
6,2,21,17,0,"minecraft:oak_wood","Oak Wood (facing north/south)"
6,2,22,17,0,"minecraft:oak_wood","Oak Wood (facing north/south)"
6,2,23,17,0,"minecraft:oak_wood","Oak Wood (facing north/south)"
6,2,24,17,0,"minecraft:oak_wood","Oak Wood (facing north/south)"
7,2,1,191,0,"minecraft:dark_oak_fence","Oak Fence"
7,2,5,191,0,"minecraft:dark_oak_fence","Oak Fence"
7,2,9,191,0,"minecraft:dark_oak_fence","Oak Fence"
7,2,14,17,0,"minecraft:oak_wood","Oak Wood (facing east/west)"
8,2,0,191,0,"minecraft:dark_oak_fence","Oak Fence"
8,2,1,17,0,"minecraft:oak_wood","Oak Wood"
8,2,2,98,0,"minecraft:stone_bricks","Stone Bricks"
8,2,3,102,0,"minecraft:glass_pane","Glass Pane"
8,2,4,98,0,"minecraft:stone_bricks","Stone Bricks"
8,2,5,17,0,"minecraft:oak_wood","Oak Wood"
8,2,6,98,0,"minecraft:stone_bricks","Stone Bricks"
8,2,7,102,0,"minecraft:glass_pane","Glass Pane"
8,2,8,98,0,"minecraft:stone_bricks","Stone Bricks"
8,2,9,17,0,"minecraft:oak_wood","Oak Wood"
8,2,10,191,0,"minecraft:dark_oak_fence","Oak Fence"
8,2,13,66,0,"minecraft:rail","Rail (sloped, ascending to north)"
8,2,14,17,0,"minecraft:oak_wood","Oak Wood (facing east/west)"
8,2,15,66,0,"minecraft:rail","Rail (sloped, ascending to south)"
8,2,26,17,0,"minecraft:oak_wood","Oak Wood"
8,2,32,17,0,"minecraft:oak_wood","Oak Wood"
9,2,1,98,0,"minecraft:stone_bricks","Stone Bricks"
9,2,9,98,0,"minecraft:stone_bricks","Stone Bricks"
10,2,1,102,0,"minecraft:glass_pane","Glass Pane"
10,2,9,64,0,"minecraft:oak_door","Oak Door (Hinge Left, Unpowered, Upper"
11,2,1,98,0,"minecraft:stone_bricks","Stone Bricks"
11,2,9,98,0,"minecraft:stone_bricks","Stone Bricks"
12,2,0,191,0,"minecraft:dark_oak_fence","Oak Fence"
12,2,1,17,0,"minecraft:oak_wood","Oak Wood"
12,2,9,17,0,"minecraft:oak_wood","Oak Wood"
12,2,10,191,0,"minecraft:dark_oak_fence","Oak Fence"
12,2,24,53,0,"minecraft:oak_stairs","Oak Wood Stairs (West, Upside-down)"
12,2,26,17,0,"minecraft:oak_wood","Oak Wood"
12,2,27,191,0,"minecraft:dark_oak_fence","Oak Fence"
12,2,29,101,0,"minecraft:iron_bars","Iron Bars"
12,2,30,191,0,"minecraft:dark_oak_fence","Oak Fence"
12,2,32,17,0,"minecraft:oak_wood","Oak Wood"
13,2,1,98,0,"minecraft:stone_bricks","Stone Bricks"
13,2,9,98,0,"minecraft:stone_bricks","Stone Bricks"
13,2,23,191,0,"minecraft:dark_oak_fence","Oak Fence"
13,2,24,53,0,"minecraft:oak_stairs","Oak Wood Stairs (East, Normal)"
13,2,25,17,0,"minecraft:oak_wood","Oak Wood"
13,2,26,17,0,"minecraft:oak_wood","Oak Wood"
13,2,29,101,0,"minecraft:iron_bars","Iron Bars"
14,2,1,102,0,"minecraft:glass_pane","Glass Pane"
14,2,9,102,0,"minecraft:glass_pane","Glass Pane"
14,2,23,191,0,"minecraft:dark_oak_fence","Oak Fence"
14,2,24,17,0,"minecraft:oak_wood","Oak Wood"
14,2,25,17,0,"minecraft:oak_wood","Oak Wood"
14,2,26,69,0,"minecraft:lever","Lever (On Block Side Facing South, Active)"
14,2,27,42,0,"minecraft:iron_block","Iron Block"
14,2,28,33,0,"minecraft:piston","Piston (Facing north, Extended)"
14,2,29,34,0,"minecraft:piston_head","Piston Head (Facing north, Not Extended)"
15,2,1,98,0,"minecraft:stone_bricks","Stone Bricks"
15,2,9,98,0,"minecraft:stone_bricks","Stone Bricks"
15,2,23,191,0,"minecraft:dark_oak_fence","Oak Fence"
15,2,24,53,0,"minecraft:oak_stairs","Oak Wood Stairs (West, Normal)"
15,2,25,17,0,"minecraft:oak_wood","Oak Wood"
15,2,26,17,0,"minecraft:oak_wood","Oak Wood"
15,2,29,101,0,"minecraft:iron_bars","Iron Bars"
16,2,0,191,0,"minecraft:dark_oak_fence","Oak Fence"
16,2,1,17,0,"minecraft:oak_wood","Oak Wood"
16,2,2,98,0,"minecraft:stone_bricks","Stone Bricks"
16,2,3,102,0,"minecraft:glass_pane","Glass Pane"
16,2,4,98,0,"minecraft:stone_bricks","Stone Bricks"
16,2,5,17,0,"minecraft:oak_wood","Oak Wood"
16,2,6,98,0,"minecraft:stone_bricks","Stone Bricks"
16,2,7,102,0,"minecraft:glass_pane","Glass Pane"
16,2,8,98,0,"minecraft:stone_bricks","Stone Bricks"
16,2,9,17,0,"minecraft:oak_wood","Oak Wood"
16,2,10,191,0,"minecraft:dark_oak_fence","Oak Fence"
16,2,24,53,0,"minecraft:oak_stairs","Oak Wood Stairs (East, Upside-down)"
16,2,26,17,0,"minecraft:oak_wood","Oak Wood"
16,2,27,191,0,"minecraft:dark_oak_fence","Oak Fence"
16,2,29,101,0,"minecraft:iron_bars","Iron Bars"
16,2,30,191,0,"minecraft:dark_oak_fence","Oak Fence"
16,2,32,17,0,"minecraft:oak_wood","Oak Wood"
17,2,1,191,0,"minecraft:dark_oak_fence","Oak Fence"
17,2,5,191,0,"minecraft:dark_oak_fence","Oak Fence"
17,2,9,191,0,"minecraft:dark_oak_fence","Oak Fence"
18,2,12,17,0,"minecraft:oak_wood","Oak Wood"
18,2,13,98,0,"minecraft:stone_bricks","Stone Bricks"
18,2,14,17,0,"minecraft:oak_wood","Oak Wood"
19,2,11,17,0,"minecraft:oak_wood","Oak Wood"
19,2,12,8,0,"minecraft:water","Water (Water level Max - 1, Falling)"
19,2,14,8,0,"minecraft:water","Water (Water level Max - 1, Falling)"
19,2,15,17,0,"minecraft:oak_wood","Oak Wood"
19,2,29,17,0,"minecraft:oak_wood","Oak Wood (facing east/west)"
20,2,10,17,0,"minecraft:oak_wood","Oak Wood"
20,2,11,8,0,"minecraft:water","Water (Water level Max - 1, Falling)"
20,2,12,9,0,"minecraft:water","Still Water"
20,2,13,9,0,"minecraft:water","Still Water"
20,2,14,9,0,"minecraft:water","Still Water"
20,2,15,8,0,"minecraft:water","Water (Water level Max, Falling)"
20,2,16,17,0,"minecraft:oak_wood","Oak Wood"
20,2,20,17,0,"minecraft:oak_wood","Oak Wood"
20,2,21,126,0,"minecraft:oak_slab","Oak Wood Slab (Bottom)"
20,2,22,126,0,"minecraft:oak_slab","Oak Wood Slab (Bottom)"
20,2,23,126,0,"minecraft:oak_slab","Oak Wood Slab (Bottom)"
20,2,26,17,0,"minecraft:oak_wood","Oak Wood"
20,2,29,17,0,"minecraft:oak_wood","Oak Wood (facing east/west)"
20,2,32,17,0,"minecraft:oak_wood","Oak Wood"
21,2,10,98,0,"minecraft:stone_bricks","Stone Bricks"
21,2,12,9,0,"minecraft:water","Still Water"
21,2,13,98,0,"minecraft:stone_bricks","Stone Bricks"
21,2,14,9,0,"minecraft:water","Still Water"
21,2,15,8,0,"minecraft:water","Water (Water level Max, Falling)"
21,2,16,98,0,"minecraft:stone_bricks","Stone Bricks"
21,2,19,17,0,"minecraft:oak_wood","Oak Wood"
21,2,20,8,0,"minecraft:water","Water (Water level Max - 1, Falling)"
21,2,21,8,0,"minecraft:water","Water (Water level Max)"
22,2,10,17,0,"minecraft:oak_wood","Oak Wood"
22,2,12,9,0,"minecraft:water","Still Water"
22,2,13,9,0,"minecraft:water","Still Water"
22,2,14,9,0,"minecraft:water","Still Water"
22,2,15,8,0,"minecraft:water","Water (Water level Max, Falling)"
22,2,16,17,0,"minecraft:oak_wood","Oak Wood"
22,2,20,17,0,"minecraft:oak_wood","Oak Wood"
22,2,21,126,0,"minecraft:oak_slab","Oak Wood Slab (Bottom)"
22,2,22,126,0,"minecraft:oak_slab","Oak Wood Slab (Bottom)"
22,2,23,126,0,"minecraft:oak_slab","Oak Wood Slab (Bottom)"
23,2,11,17,0,"minecraft:oak_wood","Oak Wood"
23,2,14,8,0,"minecraft:water","Water (Water level Max - 1, Falling)"
23,2,15,17,0,"minecraft:oak_wood","Oak Wood"
24,2,12,17,0,"minecraft:oak_wood","Oak Wood"
24,2,13,98,0,"minecraft:stone_bricks","Stone Bricks"
24,2,14,17,0,"minecraft:oak_wood","Oak Wood"
2,3,18,66,0,"minecraft:rail","Rail (straight; east and west)"
2,3,20,66,0,"minecraft:rail","Rail (straight; east and west)"
6,3,14,66,0,"minecraft:rail","Rail"
7,3,1,191,0,"minecraft:dark_oak_fence","Oak Fence"
7,3,5,191,0,"minecraft:dark_oak_fence","Oak Fence"
7,3,9,191,0,"minecraft:dark_oak_fence","Oak Fence"
7,3,25,126,0,"minecraft:oak_slab"," Oak Wood Slab (Upper)"
7,3,26,126,0,"minecraft:oak_slab"," Oak Wood Slab (Upper)"
7,3,32,126,0,"minecraft:oak_slab"," Oak Wood Slab (Upper)"
7,3,33,126,0,"minecraft:oak_slab"," Oak Wood Slab (Upper)"
8,3,0,191,0,"minecraft:dark_oak_fence","Oak Fence"
8,3,1,17,0,"minecraft:oak_wood","Oak Wood"
8,3,2,98,0,"minecraft:stone_bricks","Stone Bricks"
8,3,3,102,0,"minecraft:glass_pane","Glass Pane"
8,3,4,98,0,"minecraft:stone_bricks","Stone Bricks"
8,3,5,17,0,"minecraft:oak_wood","Oak Wood"
8,3,6,98,0,"minecraft:stone_bricks","Stone Bricks"
8,3,7,102,0,"minecraft:glass_pane","Glass Pane"
8,3,8,98,0,"minecraft:stone_bricks","Stone Bricks"
8,3,9,17,0,"minecraft:oak_wood","Oak Wood"
8,3,10,191,0,"minecraft:dark_oak_fence","Oak Fence"
8,3,14,66,0,"minecraft:rail","Rail"
8,3,25,126,0,"minecraft:oak_slab"," Oak Wood Slab (Upper)"
8,3,26,17,0,"minecraft:oak_wood","Oak Wood"
8,3,31,50,0,"minecraft:torch","Torch (Facing South)"
8,3,32,17,0,"minecraft:oak_wood","Oak Wood"
8,3,33,126,0,"minecraft:oak_slab"," Oak Wood Slab (Upper)"
9,3,1,98,0,"minecraft:stone_bricks","Stone Bricks"
9,3,5,50,0,"minecraft:torch","Torch (Facing West)"
9,3,9,98,0,"minecraft:stone_bricks","Stone Bricks"
9,3,25,126,0,"minecraft:oak_slab"," Oak Wood Slab (Upper)"
9,3,33,126,0,"minecraft:oak_slab"," Oak Wood Slab (Upper)"
10,3,1,102,0,"minecraft:glass_pane","Glass Pane"
10,3,9,98,0,"minecraft:stone_bricks","Stone Bricks"
10,3,10,50,0,"minecraft:torch","Torch (Facing North)"
10,3,25,126,0,"minecraft:oak_slab"," Oak Wood Slab (Upper)"
10,3,33,126,0,"minecraft:oak_slab"," Oak Wood Slab (Upper)"
11,3,1,98,0,"minecraft:stone_bricks","Stone Bricks"
11,3,9,98,0,"minecraft:stone_bricks","Stone Bricks"
11,3,25,126,0,"minecraft:oak_slab"," Oak Wood Slab (Upper)"
11,3,33,126,0,"minecraft:oak_slab"," Oak Wood Slab (Upper)"
12,3,0,191,0,"minecraft:dark_oak_fence","Oak Fence"
12,3,1,17,0,"minecraft:oak_wood","Oak Wood"
12,3,2,50,0,"minecraft:torch","Torch (Facing North)"
12,3,8,50,0,"minecraft:torch","Torch (Facing South)"
12,3,9,17,0,"minecraft:oak_wood","Oak Wood"
12,3,10,191,0,"minecraft:dark_oak_fence","Oak Fence"
12,3,24,5,0,"minecraft:oak_planks","Oak Wood Plank"
12,3,25,126,0,"minecraft:oak_slab"," Oak Wood Slab (Upper)"
12,3,26,17,0,"minecraft:oak_wood","Oak Wood"
12,3,27,191,0,"minecraft:dark_oak_fence","Oak Fence"
12,3,28,191,0,"minecraft:dark_oak_fence","Oak Fence"
12,3,29,191,0,"minecraft:dark_oak_fence","Oak Fence"
12,3,30,191,0,"minecraft:dark_oak_fence","Oak Fence"
12,3,31,50,0,"minecraft:torch","Torch (Facing South)"
12,3,32,17,0,"minecraft:oak_wood","Oak Wood"
12,3,33,126,0,"minecraft:oak_slab"," Oak Wood Slab (Upper)"
13,3,1,98,0,"minecraft:stone_bricks","Stone Bricks"
13,3,9,98,0,"minecraft:stone_bricks","Stone Bricks"
13,3,24,17,0,"minecraft:oak_wood","Oak Wood (facing east/west)"
13,3,25,126,0,"minecraft:oak_slab"," Oak Wood Slab (Upper)"
13,3,26,17,0,"minecraft:oak_wood","Oak Wood (facing east/west)"
13,3,29,101,0,"minecraft:iron_bars","Iron Bars"
13,3,30,191,0,"minecraft:dark_oak_fence","Oak Fence"
13,3,33,126,0,"minecraft:oak_slab"," Oak Wood Slab (Upper)"
14,3,1,102,0,"minecraft:glass_pane","Glass Pane"
14,3,9,102,0,"minecraft:glass_pane","Glass Pane"
14,3,24,17,0,"minecraft:oak_wood","Oak Wood (facing north/south)"
14,3,25,17,0,"minecraft:oak_wood","Oak Wood (facing north/south)"
14,3,26,17,0,"minecraft:oak_wood","Oak Wood"
14,3,29,101,0,"minecraft:iron_bars","Iron Bars"
14,3,30,191,0,"minecraft:dark_oak_fence","Oak Fence"
14,3,33,126,0,"minecraft:oak_slab"," Oak Wood Slab (Upper)"
15,3,1,98,0,"minecraft:stone_bricks","Stone Bricks"
15,3,5,50,0,"minecraft:torch","Torch (Facing East)"
15,3,9,98,0,"minecraft:stone_bricks","Stone Bricks"
15,3,24,17,0,"minecraft:oak_wood","Oak Wood (facing east/west)"
15,3,25,126,0,"minecraft:oak_slab"," Oak Wood Slab (Upper)"
15,3,26,17,0,"minecraft:oak_wood","Oak Wood (facing east/west)"
15,3,29,101,0,"minecraft:iron_bars","Iron Bars"
15,3,30,191,0,"minecraft:dark_oak_fence","Oak Fence"
15,3,33,126,0,"minecraft:oak_slab"," Oak Wood Slab (Upper)"
16,3,0,191,0,"minecraft:dark_oak_fence","Oak Fence"
16,3,1,17,0,"minecraft:oak_wood","Oak Wood"
16,3,2,98,0,"minecraft:stone_bricks","Stone Bricks"
16,3,3,102,0,"minecraft:glass_pane","Glass Pane"
16,3,4,98,0,"minecraft:stone_bricks","Stone Bricks"
16,3,5,17,0,"minecraft:oak_wood","Oak Wood"
16,3,6,98,0,"minecraft:stone_bricks","Stone Bricks"
16,3,7,102,0,"minecraft:glass_pane","Glass Pane"
16,3,8,98,0,"minecraft:stone_bricks","Stone Bricks"
16,3,9,17,0,"minecraft:oak_wood","Oak Wood"
16,3,10,191,0,"minecraft:dark_oak_fence","Oak Fence"
16,3,24,5,0,"minecraft:oak_planks","Oak Wood Plank"
16,3,25,126,0,"minecraft:oak_slab"," Oak Wood Slab (Upper)"
16,3,26,17,0,"minecraft:oak_wood","Oak Wood"
16,3,27,191,0,"minecraft:dark_oak_fence","Oak Fence"
16,3,28,191,0,"minecraft:dark_oak_fence","Oak Fence"
16,3,29,191,0,"minecraft:dark_oak_fence","Oak Fence"
16,3,30,191,0,"minecraft:dark_oak_fence","Oak Fence"
16,3,31,50,0,"minecraft:torch","Torch (Facing South)"
16,3,32,17,0,"minecraft:oak_wood","Oak Wood"
16,3,33,126,0,"minecraft:oak_slab"," Oak Wood Slab (Upper)"
17,3,1,191,0,"minecraft:dark_oak_fence","Oak Fence"
17,3,5,191,0,"minecraft:dark_oak_fence","Oak Fence"
17,3,9,191,0,"minecraft:dark_oak_fence","Oak Fence"
17,3,13,50,0,"minecraft:torch","Torch (Facing East)"
17,3,25,126,0,"minecraft:oak_slab"," Oak Wood Slab (Upper)"
17,3,33,126,0,"minecraft:oak_slab"," Oak Wood Slab (Upper)"
18,3,12,17,0,"minecraft:oak_wood","Oak Wood"
18,3,13,98,0,"minecraft:stone_bricks","Stone Bricks"
18,3,14,17,0,"minecraft:oak_wood","Oak Wood"
18,3,25,126,0,"minecraft:oak_slab"," Oak Wood Slab (Upper)"
18,3,33,126,0,"minecraft:oak_slab"," Oak Wood Slab (Upper)"
19,3,11,17,0,"minecraft:oak_wood","Oak Wood"
19,3,12,8,0,"minecraft:water","Water (Water level Max - 1, Falling)"
19,3,14,8,0,"minecraft:water","Water (Water level Max - 1, Falling)"
19,3,15,17,0,"minecraft:oak_wood","Oak Wood"
19,3,25,126,0,"minecraft:oak_slab"," Oak Wood Slab (Upper)"
19,3,33,126,0,"minecraft:oak_slab"," Oak Wood Slab (Upper)"
20,3,10,17,0,"minecraft:oak_wood","Oak Wood"
20,3,11,8,0,"minecraft:water","Water (Water level Max - 1, Falling)"
20,3,12,9,0,"minecraft:water","Still Water"
20,3,13,9,0,"minecraft:water","Still Water"
20,3,14,9,0,"minecraft:water","Still Water"
20,3,15,8,0,"minecraft:water","Water (Water level Max, Falling)"
20,3,16,17,0,"minecraft:oak_wood","Oak Wood"
20,3,19,17,0,"minecraft:oak_wood","Oak Wood"
20,3,20,126,0,"minecraft:oak_slab","Oak Wood Slab (Bottom)"
20,3,25,126,0,"minecraft:oak_slab"," Oak Wood Slab (Upper)"
20,3,26,17,0,"minecraft:oak_wood","Oak Wood"
20,3,31,50,0,"minecraft:torch","Torch (Facing South)"
20,3,32,17,0,"minecraft:oak_wood","Oak Wood"
20,3,33,126,0,"minecraft:oak_slab"," Oak Wood Slab (Upper)"
21,3,9,50,0,"minecraft:torch","Torch (Facing South)"
21,3,10,98,0,"minecraft:stone_bricks","Stone Bricks"
21,3,12,9,0,"minecraft:water","Still Water"
21,3,13,98,0,"minecraft:stone_bricks","Stone Bricks"
21,3,14,9,0,"minecraft:water","Still Water"
21,3,15,8,0,"minecraft:water","Water (Water level Max, Falling)"
21,3,16,98,0,"minecraft:stone_bricks","Stone Bricks"
21,3,17,50,0,"minecraft:torch","Torch (Facing North)"
21,3,18,17,0,"minecraft:oak_wood","Oak Wood"
21,3,19,8,0,"minecraft:water","Water (Water level Max - 1, Falling)"
21,3,20,8,0,"minecraft:water","Water (Water level Max)"
21,3,25,126,0,"minecraft:oak_slab"," Oak Wood Slab (Upper)"
21,3,26,126,0,"minecraft:oak_slab"," Oak Wood Slab (Upper)"
21,3,32,126,0,"minecraft:oak_slab"," Oak Wood Slab (Upper)"
21,3,33,126,0,"minecraft:oak_slab"," Oak Wood Slab (Upper)"
22,3,10,17,0,"minecraft:oak_wood","Oak Wood"
22,3,12,9,0,"minecraft:water","Still Water"
22,3,13,9,0,"minecraft:water","Still Water"
22,3,14,9,0,"minecraft:water","Still Water"
22,3,15,8,0,"minecraft:water","Water (Water level Max, Falling)"
22,3,16,17,0,"minecraft:oak_wood","Oak Wood"
22,3,19,17,0,"minecraft:oak_wood","Oak Wood"
22,3,20,126,0,"minecraft:oak_slab","Oak Wood Slab (Bottom)"
23,3,11,17,0,"minecraft:oak_wood","Oak Wood"
23,3,14,8,0,"minecraft:water","Water (Water level Max - 1, Falling)"
23,3,15,17,0,"minecraft:oak_wood","Oak Wood"
24,3,12,17,0,"minecraft:oak_wood","Oak Wood"
24,3,13,98,0,"minecraft:stone_bricks","Stone Bricks"
24,3,14,17,0,"minecraft:oak_wood","Oak Wood"
25,3,13,50,0,"minecraft:torch","Torch (Facing West)"
7,4,26,53,0,"minecraft:oak_stairs","Oak Wood Stairs (North, Normal)"
7,4,27,53,0,"minecraft:oak_stairs","Oak Wood Stairs (South, Upside-down)"
7,4,31,53,0,"minecraft:oak_stairs","Oak Wood Stairs (North, Upside-down)"
7,4,32,53,0,"minecraft:oak_stairs","Oak Wood Stairs (South, Normal)"
8,4,1,17,0,"minecraft:oak_wood","Oak Wood"
8,4,2,17,0,"minecraft:oak_wood","Oak Wood (facing north/south)"
8,4,3,17,0,"minecraft:oak_wood","Oak Wood (facing north/south)"
8,4,4,17,0,"minecraft:oak_wood","Oak Wood (facing north/south)"
8,4,5,17,0,"minecraft:oak_wood","Oak Wood"
8,4,6,17,0,"minecraft:oak_wood","Oak Wood (facing north/south)"
8,4,7,17,0,"minecraft:oak_wood","Oak Wood (facing north/south)"
8,4,8,17,0,"minecraft:oak_wood","Oak Wood (facing north/south)"
8,4,9,17,0,"minecraft:oak_wood","Oak Wood"
8,4,26,53,0,"minecraft:oak_stairs","Oak Wood Stairs (North, Normal)"
8,4,27,17,0,"minecraft:oak_wood","Oak Wood (facing north/south)"
8,4,28,17,0,"minecraft:oak_wood","Oak Wood (facing north/south)"
8,4,30,17,0,"minecraft:oak_wood","Oak Wood (facing north/south)"
8,4,31,17,0,"minecraft:oak_wood","Oak Wood (facing north/south)"
8,4,32,53,0,"minecraft:oak_stairs","Oak Wood Stairs (South, Normal)"
9,4,1,17,0,"minecraft:oak_wood","Oak Wood (facing east/west)"
9,4,9,17,0,"minecraft:oak_wood","Oak Wood (facing east/west)"
9,4,26,53,0,"minecraft:oak_stairs","Oak Wood Stairs (North, Normal)"
9,4,32,53,0,"minecraft:oak_stairs","Oak Wood Stairs (South, Normal)"
10,4,1,17,0,"minecraft:oak_wood","Oak Wood (facing east/west)"
10,4,9,17,0,"minecraft:oak_wood","Oak Wood (facing east/west)"
10,4,26,53,0,"minecraft:oak_stairs","Oak Wood Stairs (North, Normal)"
10,4,32,53,0,"minecraft:oak_stairs","Oak Wood Stairs (South, Normal)"
11,4,1,17,0,"minecraft:oak_wood","Oak Wood (facing east/west)"
11,4,9,17,0,"minecraft:oak_wood","Oak Wood (facing east/west)"
11,4,26,53,0,"minecraft:oak_stairs","Oak Wood Stairs (North, Normal)"
11,4,32,53,0,"minecraft:oak_stairs","Oak Wood Stairs (South, Normal)"
12,4,1,17,0,"minecraft:oak_wood","Oak Wood"
12,4,9,17,0,"minecraft:oak_wood","Oak Wood"
12,4,24,53,0,"minecraft:oak_stairs","Oak Wood Stairs (West, Normal)"
12,4,26,53,0,"minecraft:oak_stairs","Oak Wood Stairs (North, Normal)"
12,4,27,17,0,"minecraft:oak_wood","Oak Wood (facing north/south)"
12,4,28,17,0,"minecraft:oak_wood","Oak Wood (facing north/south)"
12,4,30,17,0,"minecraft:oak_wood","Oak Wood (facing north/south)"
12,4,31,17,0,"minecraft:oak_wood","Oak Wood (facing north/south)"
12,4,32,53,0,"minecraft:oak_stairs","Oak Wood Stairs (South, Normal)"
13,4,1,17,0,"minecraft:oak_wood","Oak Wood (facing east/west)"
13,4,9,17,0,"minecraft:oak_wood","Oak Wood (facing east/west)"
13,4,24,53,0,"minecraft:oak_stairs","Oak Wood Stairs (East, Upside-down)"
13,4,26,53,0,"minecraft:oak_stairs","Oak Wood Stairs (North, Normal)"
13,4,32,53,0,"minecraft:oak_stairs","Oak Wood Stairs (South, Normal)"
14,4,1,17,0,"minecraft:oak_wood","Oak Wood (facing east/west)"
14,4,9,17,0,"minecraft:oak_wood","Oak Wood (facing east/west)"
14,4,24,17,0,"minecraft:oak_wood","Oak Wood"
14,4,26,53,0,"minecraft:oak_stairs","Oak Wood Stairs (North, Normal)"
14,4,32,53,0,"minecraft:oak_stairs","Oak Wood Stairs (South, Normal)"
15,4,1,17,0,"minecraft:oak_wood","Oak Wood (facing east/west)"
15,4,9,17,0,"minecraft:oak_wood","Oak Wood (facing east/west)"
15,4,24,53,0,"minecraft:oak_stairs","Oak Wood Stairs (West, Upside-down)"
15,4,26,53,0,"minecraft:oak_stairs","Oak Wood Stairs (North, Normal)"
15,4,32,53,0,"minecraft:oak_stairs","Oak Wood Stairs (South, Normal)"
16,4,1,17,0,"minecraft:oak_wood","Oak Wood"
16,4,2,17,0,"minecraft:oak_wood","Oak Wood (facing north/south)"
16,4,3,17,0,"minecraft:oak_wood","Oak Wood (facing north/south)"
16,4,4,17,0,"minecraft:oak_wood","Oak Wood (facing north/south)"
16,4,5,17,0,"minecraft:oak_wood","Oak Wood"
16,4,6,17,0,"minecraft:oak_wood","Oak Wood (facing north/south)"
16,4,7,17,0,"minecraft:oak_wood","Oak Wood (facing north/south)"
16,4,8,17,0,"minecraft:oak_wood","Oak Wood (facing north/south)"
16,4,9,17,0,"minecraft:oak_wood","Oak Wood"
16,4,24,53,0,"minecraft:oak_stairs","Oak Wood Stairs (East, Normal)"
16,4,26,53,0,"minecraft:oak_stairs","Oak Wood Stairs (North, Normal)"
16,4,27,17,0,"minecraft:oak_wood","Oak Wood (facing north/south)"
16,4,28,17,0,"minecraft:oak_wood","Oak Wood (facing north/south)"
16,4,30,17,0,"minecraft:oak_wood","Oak Wood (facing north/south)"
16,4,31,17,0,"minecraft:oak_wood","Oak Wood (facing north/south)"
16,4,32,53,0,"minecraft:oak_stairs","Oak Wood Stairs (South, Normal)"
17,4,26,53,0,"minecraft:oak_stairs","Oak Wood Stairs (North, Normal)"
17,4,32,53,0,"minecraft:oak_stairs","Oak Wood Stairs (South, Normal)"
18,4,12,17,0,"minecraft:oak_wood","Oak Wood"
18,4,13,98,0,"minecraft:stone_bricks","Stone Bricks"
18,4,14,17,0,"minecraft:oak_wood","Oak Wood"
18,4,26,53,0,"minecraft:oak_stairs","Oak Wood Stairs (North, Normal)"
18,4,32,53,0,"minecraft:oak_stairs","Oak Wood Stairs (South, Normal)"
19,4,11,17,0,"minecraft:oak_wood","Oak Wood"
19,4,12,8,0,"minecraft:water","Water (Water level Max - 1, Falling)"
19,4,14,8,0,"minecraft:water","Water (Water level Max - 1, Falling)"
19,4,15,17,0,"minecraft:oak_wood","Oak Wood"
19,4,26,53,0,"minecraft:oak_stairs","Oak Wood Stairs (North, Normal)"
19,4,32,53,0,"minecraft:oak_stairs","Oak Wood Stairs (South, Normal)"
20,4,10,17,0,"minecraft:oak_wood","Oak Wood"
20,4,11,8,0,"minecraft:water","Water (Water level Max - 1, Falling)"
20,4,12,9,0,"minecraft:water","Still Water"
20,4,13,9,0,"minecraft:water","Still Water"
20,4,14,9,0,"minecraft:water","Still Water"
20,4,15,8,0,"minecraft:water","Water (Water level Max, Falling)"
20,4,16,17,0,"minecraft:oak_wood","Oak Wood"
20,4,18,17,0,"minecraft:oak_wood","Oak Wood"
20,4,19,126,0,"minecraft:oak_slab","Oak Wood Slab (Bottom)"
20,4,26,53,0,"minecraft:oak_stairs","Oak Wood Stairs (North, Normal)"
20,4,27,17,0,"minecraft:oak_wood","Oak Wood (facing north/south)"
20,4,28,17,0,"minecraft:oak_wood","Oak Wood (facing north/south)"
20,4,30,17,0,"minecraft:oak_wood","Oak Wood (facing north/south)"
20,4,31,17,0,"minecraft:oak_wood","Oak Wood (facing north/south)"
20,4,32,53,0,"minecraft:oak_stairs","Oak Wood Stairs (South, Normal)"
21,4,10,98,0,"minecraft:stone_bricks","Stone Bricks"
21,4,12,9,0,"minecraft:water","Still Water"
21,4,13,98,0,"minecraft:stone_bricks","Stone Bricks"
21,4,14,9,0,"minecraft:water","Still Water"
21,4,15,8,0,"minecraft:water","Water (Water level Max, Falling)"
21,4,16,98,0,"minecraft:stone_bricks","Stone Bricks"
21,4,17,17,0,"minecraft:oak_wood","Oak Wood"
21,4,18,8,0,"minecraft:water","Water (Water level Max - 1, Falling)"
21,4,19,8,0,"minecraft:water","Water (Water level Max)"
21,4,26,53,0,"minecraft:oak_stairs","Oak Wood Stairs (North, Normal)"
21,4,27,53,0,"minecraft:oak_stairs","Oak Wood Stairs (South, Upside-down)"
21,4,31,53,0,"minecraft:oak_stairs","Oak Wood Stairs (North, Upside-down)"
21,4,32,53,0,"minecraft:oak_stairs","Oak Wood Stairs (South, Normal)"
22,4,10,17,0,"minecraft:oak_wood","Oak Wood"
22,4,12,9,0,"minecraft:water","Still Water"
22,4,13,9,0,"minecraft:water","Still Water"
22,4,14,9,0,"minecraft:water","Still Water"
22,4,15,8,0,"minecraft:water","Water (Water level Max, Falling)"
22,4,16,17,0,"minecraft:oak_wood","Oak Wood"
22,4,18,17,0,"minecraft:oak_wood","Oak Wood"
22,4,19,126,0,"minecraft:oak_slab","Oak Wood Slab (Bottom)"
23,4,11,17,0,"minecraft:oak_wood","Oak Wood"
23,4,14,8,0,"minecraft:water","Water (Water level Max - 1, Falling)"
23,4,15,17,0,"minecraft:oak_wood","Oak Wood"
24,4,12,17,0,"minecraft:oak_wood","Oak Wood"
24,4,13,98,0,"minecraft:stone_bricks","Stone Bricks"
24,4,14,17,0,"minecraft:oak_wood","Oak Wood"
7,5,27,126,0,"minecraft:oak_slab","Oak Wood Slab (Bottom)"
7,5,28,126,0,"minecraft:oak_slab","Double Oak Wood Slab"
7,5,29,53,0,"minecraft:oak_stairs","Oak Wood Stairs (West, Upside-down)"
7,5,30,5,0,"minecraft:oak_planks","Oak Wood Plank"
7,5,31,126,0,"minecraft:oak_slab","Oak Wood Slab (Bottom)"
8,5,1,17,0,"minecraft:oak_wood","Oak Wood"
8,5,2,35,0,"minecraft:white_wool","White Wool"
8,5,3,102,0,"minecraft:glass_pane","Glass Pane"
8,5,4,35,0,"minecraft:white_wool","White Wool"
8,5,5,17,0,"minecraft:oak_wood","Oak Wood"
8,5,6,35,0,"minecraft:white_wool","White Wool"
8,5,7,102,0,"minecraft:glass_pane","Glass Pane"
8,5,8,35,0,"minecraft:white_wool","White Wool"
8,5,9,17,0,"minecraft:oak_wood","Oak Wood"
8,5,27,126,0,"minecraft:oak_slab","Oak Wood Slab (Bottom)"
8,5,28,126,0,"minecraft:oak_slab","Double Oak Wood Slab"
8,5,29,17,0,"minecraft:oak_wood","Oak Wood"
8,5,30,5,0,"minecraft:oak_planks","Oak Wood Plank"
8,5,31,126,0,"minecraft:oak_slab","Oak Wood Slab (Bottom)"
9,5,1,35,0,"minecraft:white_wool","White Wool"
9,5,9,35,0,"minecraft:white_wool","White Wool"
9,5,27,126,0,"minecraft:oak_slab","Oak Wood Slab (Bottom)"
9,5,28,126,0,"minecraft:oak_slab","Double Oak Wood Slab"
9,5,30,5,0,"minecraft:oak_planks","Oak Wood Plank"
9,5,31,126,0,"minecraft:oak_slab","Oak Wood Slab (Bottom)"
10,5,1,102,0,"minecraft:glass_pane","Glass Pane"
10,5,9,102,0,"minecraft:glass_pane","Glass Pane"
10,5,27,126,0,"minecraft:oak_slab","Oak Wood Slab (Bottom)"
10,5,28,5,0,"minecraft:oak_planks","Oak Wood Plank"
10,5,30,5,0,"minecraft:oak_planks","Oak Wood Plank"
10,5,31,126,0,"minecraft:oak_slab","Oak Wood Slab (Bottom)"
11,5,1,35,0,"minecraft:white_wool","White Wool"
11,5,9,35,0,"minecraft:white_wool","White Wool"
11,5,27,126,0,"minecraft:oak_slab","Oak Wood Slab (Bottom)"
11,5,28,5,0,"minecraft:oak_planks","Oak Wood Plank"
11,5,30,5,0,"minecraft:oak_planks","Oak Wood Plank"
11,5,31,126,0,"minecraft:oak_slab","Oak Wood Slab (Bottom)"
12,5,1,17,0,"minecraft:oak_wood","Oak Wood"
12,5,9,17,0,"minecraft:oak_wood","Oak Wood"
12,5,24,96,0,"minecraft:oak_trapdoor","Wooden Trapdoor (North from block, Open, Bottom half)"
12,5,27,126,0,"minecraft:oak_slab","Oak Wood Slab (Bottom)"
12,5,28,5,0,"minecraft:oak_planks","Oak Wood Plank"
12,5,29,17,0,"minecraft:oak_wood","Oak Wood"
12,5,30,5,0,"minecraft:oak_planks","Oak Wood Plank"
12,5,31,126,0,"minecraft:oak_slab","Oak Wood Slab (Bottom)"
13,5,1,35,0,"minecraft:white_wool","White Wool"
13,5,9,35,0,"minecraft:white_wool","White Wool"
13,5,24,53,0,"minecraft:oak_stairs","Oak Wood Stairs (West, Normal)"
13,5,27,126,0,"minecraft:oak_slab","Oak Wood Slab (Bottom)"
13,5,28,5,0,"minecraft:oak_planks","Oak Wood Plank"
13,5,30,5,0,"minecraft:oak_planks","Oak Wood Plank"
13,5,31,126,0,"minecraft:oak_slab","Oak Wood Slab (Bottom)"
14,5,1,102,0,"minecraft:glass_pane","Glass Pane"
14,5,9,102,0,"minecraft:glass_pane","Glass Pane"
14,5,24,5,0,"minecraft:oak_planks","Oak Wood Plank"
14,5,27,126,0,"minecraft:oak_slab","Oak Wood Slab (Bottom)"
14,5,28,5,0,"minecraft:oak_planks","Oak Wood Plank"
14,5,30,5,0,"minecraft:oak_planks","Oak Wood Plank"
14,5,31,126,0,"minecraft:oak_slab","Oak Wood Slab (Bottom)"
15,5,1,35,0,"minecraft:white_wool","White Wool"
15,5,9,35,0,"minecraft:white_wool","White Wool"
15,5,24,53,0,"minecraft:oak_stairs","Oak Wood Stairs (East, Normal)"
15,5,27,126,0,"minecraft:oak_slab","Oak Wood Slab (Bottom)"
15,5,28,5,0,"minecraft:oak_planks","Oak Wood Plank"
15,5,30,5,0,"minecraft:oak_planks","Oak Wood Plank"
15,5,31,126,0,"minecraft:oak_slab","Oak Wood Slab (Bottom)"
16,5,1,17,0,"minecraft:oak_wood","Oak Wood"
16,5,2,35,0,"minecraft:white_wool","White Wool"
16,5,3,102,0,"minecraft:glass_pane","Glass Pane"
16,5,4,35,0,"minecraft:white_wool","White Wool"
16,5,5,17,0,"minecraft:oak_wood","Oak Wood"
16,5,6,35,0,"minecraft:white_wool","White Wool"
16,5,7,102,0,"minecraft:glass_pane","Glass Pane"
16,5,8,35,0,"minecraft:white_wool","White Wool"
16,5,9,17,0,"minecraft:oak_wood","Oak Wood"
16,5,24,96,0,"minecraft:oak_trapdoor","Wooden Trapdoor (East from block, Closed, Bottom half)"
16,5,27,126,0,"minecraft:oak_slab","Oak Wood Slab (Bottom)"
16,5,28,5,0,"minecraft:oak_planks","Oak Wood Plank"
16,5,29,17,0,"minecraft:oak_wood","Oak Wood"
16,5,30,5,0,"minecraft:oak_planks","Oak Wood Plank"
16,5,31,126,0,"minecraft:oak_slab","Oak Wood Slab (Bottom)"
17,5,27,126,0,"minecraft:oak_slab","Oak Wood Slab (Bottom)"
17,5,28,5,0,"minecraft:oak_planks","Oak Wood Plank"
17,5,30,5,0,"minecraft:oak_planks","Oak Wood Plank"
17,5,31,126,0,"minecraft:oak_slab","Oak Wood Slab (Bottom)"
18,5,12,17,0,"minecraft:oak_wood","Oak Wood"
18,5,13,17,0,"minecraft:oak_wood","Oak Wood"
18,5,14,17,0,"minecraft:oak_wood","Oak Wood"
18,5,27,126,0,"minecraft:oak_slab","Oak Wood Slab (Bottom)"
18,5,28,5,0,"minecraft:oak_planks","Oak Wood Plank"
18,5,30,5,0,"minecraft:oak_planks","Oak Wood Plank"
18,5,31,126,0,"minecraft:oak_slab","Oak Wood Slab (Bottom)"
19,5,11,17,0,"minecraft:oak_wood","Oak Wood"
19,5,12,8,0,"minecraft:water","Water (Water level Max)"
19,5,14,8,0,"minecraft:water","Water (Water level Max)"
19,5,15,17,0,"minecraft:oak_wood","Oak Wood"
19,5,27,126,0,"minecraft:oak_slab","Oak Wood Slab (Bottom)"
19,5,28,5,0,"minecraft:oak_planks","Oak Wood Plank"
19,5,30,5,0,"minecraft:oak_planks","Oak Wood Plank"
19,5,31,126,0,"minecraft:oak_slab","Oak Wood Slab (Bottom)"
20,5,10,17,0,"minecraft:oak_wood","Oak Wood"
20,5,11,8,0,"minecraft:water","Water (Water level Max)"
20,5,12,9,0,"minecraft:water","Still Water"
20,5,13,9,0,"minecraft:water","Still Water"
20,5,14,9,0,"minecraft:water","Still Water"
20,5,15,9,0,"minecraft:water","Still Water"
20,5,16,17,0,"minecraft:oak_wood","Oak Wood"
20,5,17,17,0,"minecraft:oak_wood","Oak Wood"
20,5,18,126,0,"minecraft:oak_slab","Oak Wood Slab (Bottom)"
20,5,27,126,0,"minecraft:oak_slab","Oak Wood Slab (Bottom)"
20,5,28,126,0,"minecraft:oak_slab","Double Oak Wood Slab"
20,5,29,17,0,"minecraft:oak_wood","Oak Wood"
20,5,30,126,0,"minecraft:oak_slab","Double Oak Wood Slab"
20,5,31,126,0,"minecraft:oak_slab","Oak Wood Slab (Bottom)"
21,5,10,17,0,"minecraft:oak_wood","Oak Wood"
21,5,12,9,0,"minecraft:water","Still Water"
21,5,13,98,0,"minecraft:stone_bricks","Stone Bricks"
21,5,14,9,0,"minecraft:water","Still Water"
21,5,15,8,0,"minecraft:water","Water (Water level Max, Falling)"
21,5,16,17,0,"minecraft:oak_wood","Oak Wood"
21,5,17,8,0,"minecraft:water","Water (Water level Max - 2, Falling)"
21,5,18,8,0,"minecraft:water","Water (Water level Max)"
21,5,27,126,0,"minecraft:oak_slab","Oak Wood Slab (Bottom)"
21,5,28,126,0,"minecraft:oak_slab","Double Oak Wood Slab"
21,5,29,53,0,"minecraft:oak_stairs","Oak Wood Stairs (East, Upside-down)"
21,5,30,126,0,"minecraft:oak_slab","Double Oak Wood Slab"
21,5,31,126,0,"minecraft:oak_slab","Oak Wood Slab (Bottom)"
22,5,10,17,0,"minecraft:oak_wood","Oak Wood"
22,5,12,9,0,"minecraft:water","Still Water"
22,5,13,9,0,"minecraft:water","Still Water"
22,5,14,9,0,"minecraft:water","Still Water"
22,5,15,9,0,"minecraft:water","Still Water"
22,5,16,17,0,"minecraft:oak_wood","Oak Wood"
22,5,17,17,0,"minecraft:oak_wood","Oak Wood"
22,5,18,126,0,"minecraft:oak_slab","Oak Wood Slab (Bottom)"
23,5,11,17,0,"minecraft:oak_wood","Oak Wood"
23,5,14,8,0,"minecraft:water","Water (Water level Max)"
23,5,15,17,0,"minecraft:oak_wood","Oak Wood"
24,5,12,17,0,"minecraft:oak_wood","Oak Wood"
24,5,13,17,0,"minecraft:oak_wood","Oak Wood"
24,5,14,17,0,"minecraft:oak_wood","Oak Wood"
7,6,29,126,0,"minecraft:oak_slab","Oak Wood Slab (Bottom)"
8,6,1,17,0,"minecraft:oak_wood","Oak Wood"
8,6,2,35,0,"minecraft:white_wool","White Wool"
8,6,3,102,0,"minecraft:glass_pane","Glass Pane"
8,6,4,35,0,"minecraft:white_wool","White Wool"
8,6,5,17,0,"minecraft:oak_wood","Oak Wood"
8,6,6,35,0,"minecraft:white_wool","White Wool"
8,6,7,102,0,"minecraft:glass_pane","Glass Pane"
8,6,8,35,0,"minecraft:white_wool","White Wool"
8,6,9,17,0,"minecraft:oak_wood","Oak Wood"
8,6,29,126,0,"minecraft:oak_slab","Oak Wood Slab (Bottom)"
9,6,1,35,0,"minecraft:white_wool","White Wool"
9,6,9,35,0,"minecraft:white_wool","White Wool"
9,6,29,126,0,"minecraft:oak_slab","Oak Wood Slab (Bottom)"
10,6,1,102,0,"minecraft:glass_pane","Glass Pane"
10,6,9,102,0,"minecraft:glass_pane","Glass Pane"
10,6,29,126,0,"minecraft:oak_slab","Oak Wood Slab (Bottom)"
11,6,1,35,0,"minecraft:white_wool","White Wool"
11,6,9,35,0,"minecraft:white_wool","White Wool"
11,6,29,126,0,"minecraft:oak_slab","Oak Wood Slab (Bottom)"
12,6,1,17,0,"minecraft:oak_wood","Oak Wood"
12,6,9,17,0,"minecraft:oak_wood","Oak Wood"
12,6,29,126,0,"minecraft:oak_slab","Oak Wood Slab (Bottom)"
13,6,1,35,0,"minecraft:white_wool","White Wool"
13,6,9,35,0,"minecraft:white_wool","White Wool"
13,6,29,126,0,"minecraft:oak_slab","Oak Wood Slab (Bottom)"
14,6,1,102,0,"minecraft:glass_pane","Glass Pane"
14,6,9,102,0,"minecraft:glass_pane","Glass Pane"
14,6,29,126,0,"minecraft:oak_slab","Oak Wood Slab (Bottom)"
15,6,1,35,0,"minecraft:white_wool","White Wool"
15,6,9,35,0,"minecraft:white_wool","White Wool"
15,6,29,126,0,"minecraft:oak_slab","Oak Wood Slab (Bottom)"
16,6,1,17,0,"minecraft:oak_wood","Oak Wood"
16,6,2,35,0,"minecraft:white_wool","White Wool"
16,6,3,102,0,"minecraft:glass_pane","Glass Pane"
16,6,4,35,0,"minecraft:white_wool","White Wool"
16,6,5,17,0,"minecraft:oak_wood","Oak Wood"
16,6,6,35,0,"minecraft:white_wool","White Wool"
16,6,7,102,0,"minecraft:glass_pane","Glass Pane"
16,6,8,35,0,"minecraft:white_wool","White Wool"
16,6,9,17,0,"minecraft:oak_wood","Oak Wood"
16,6,29,126,0,"minecraft:oak_slab","Oak Wood Slab (Bottom)"
17,6,29,126,0,"minecraft:oak_slab","Oak Wood Slab (Bottom)"
18,6,12,17,0,"minecraft:oak_wood","Oak Wood"
18,6,14,17,0,"minecraft:oak_wood","Oak Wood"
18,6,29,126,0,"minecraft:oak_slab","Oak Wood Slab (Bottom)"
19,6,12,17,0,"minecraft:oak_wood","Oak Wood"
19,6,13,17,0,"minecraft:oak_wood","Oak Wood"
19,6,14,17,0,"minecraft:oak_wood","Oak Wood"
19,6,29,126,0,"minecraft:oak_slab","Oak Wood Slab (Bottom)"
20,6,10,17,0,"minecraft:oak_wood","Oak Wood"
20,6,11,17,0,"minecraft:oak_wood","Oak Wood"
20,6,12,9,0,"minecraft:water","Still Water"
20,6,13,9,0,"minecraft:water","Still Water"
20,6,14,9,0,"minecraft:water","Still Water"
20,6,15,17,0,"minecraft:oak_wood","Oak Wood"
20,6,16,17,0,"minecraft:oak_wood","Oak Wood"
20,6,17,126,0,"minecraft:oak_slab","Oak Wood Slab (Bottom)"
20,6,29,126,0,"minecraft:oak_slab","Oak Wood Slab (Bottom)"
21,6,11,17,0,"minecraft:oak_wood","Oak Wood"
21,6,12,9,0,"minecraft:water","Still Water"
21,6,13,98,0,"minecraft:stone_bricks","Stone Bricks"
21,6,14,9,0,"minecraft:water","Still Water"
21,6,15,9,0,"minecraft:water","Still Water"
21,6,16,8,0,"minecraft:water","Water (Water level Max)"
21,6,17,8,0,"minecraft:water","Water (Water level Max - 1)"
21,6,29,126,0,"minecraft:oak_slab","Oak Wood Slab (Bottom)"
22,6,10,17,0,"minecraft:oak_wood","Oak Wood"
22,6,11,17,0,"minecraft:oak_wood","Oak Wood"
22,6,12,9,0,"minecraft:water","Still Water"
22,6,13,9,0,"minecraft:water","Still Water"
22,6,14,9,0,"minecraft:water","Still Water"
22,6,15,17,0,"minecraft:oak_wood","Oak Wood"
22,6,16,17,0,"minecraft:oak_wood","Oak Wood"
22,6,17,126,0,"minecraft:oak_slab","Oak Wood Slab (Bottom)"
23,6,12,17,0,"minecraft:oak_wood","Oak Wood"
23,6,13,17,0,"minecraft:oak_wood","Oak Wood"
23,6,14,17,0,"minecraft:oak_wood","Oak Wood"
24,6,12,17,0,"minecraft:oak_wood","Oak Wood"
24,6,14,17,0,"minecraft:oak_wood","Oak Wood"
8,7,1,17,0,"minecraft:oak_wood","Oak Wood"
8,7,2,35,0,"minecraft:white_wool","White Wool"
8,7,3,35,0,"minecraft:white_wool","White Wool"
8,7,4,35,0,"minecraft:white_wool","White Wool"
8,7,5,17,0,"minecraft:oak_wood","Oak Wood"
8,7,6,35,0,"minecraft:white_wool","White Wool"
8,7,7,35,0,"minecraft:white_wool","White Wool"
8,7,8,35,0,"minecraft:white_wool","White Wool"
8,7,9,17,0,"minecraft:oak_wood","Oak Wood"
9,7,1,35,0,"minecraft:white_wool","White Wool"
9,7,9,35,0,"minecraft:white_wool","White Wool"
10,7,1,35,0,"minecraft:white_wool","White Wool"
10,7,9,35,0,"minecraft:white_wool","White Wool"
11,7,1,35,0,"minecraft:white_wool","White Wool"
11,7,9,35,0,"minecraft:white_wool","White Wool"
12,7,1,17,0,"minecraft:oak_wood","Oak Wood"
12,7,9,17,0,"minecraft:oak_wood","Oak Wood"
13,7,1,35,0,"minecraft:white_wool","White Wool"
13,7,9,35,0,"minecraft:white_wool","White Wool"
14,7,1,35,0,"minecraft:white_wool","White Wool"
14,7,9,35,0,"minecraft:white_wool","White Wool"
15,7,1,35,0,"minecraft:white_wool","White Wool"
15,7,9,35,0,"minecraft:white_wool","White Wool"
16,7,1,17,0,"minecraft:oak_wood","Oak Wood"
16,7,2,35,0,"minecraft:white_wool","White Wool"
16,7,3,35,0,"minecraft:white_wool","White Wool"
16,7,4,35,0,"minecraft:white_wool","White Wool"
16,7,5,17,0,"minecraft:oak_wood","Oak Wood"
16,7,6,35,0,"minecraft:white_wool","White Wool"
16,7,7,35,0,"minecraft:white_wool","White Wool"
16,7,8,35,0,"minecraft:white_wool","White Wool"
16,7,9,17,0,"minecraft:oak_wood","Oak Wood"
19,7,12,17,0,"minecraft:oak_wood","Oak Wood"
19,7,13,4,0,"minecraft:cobblestone","Cobblestone"
19,7,14,17,0,"minecraft:oak_wood","Oak Wood"
20,7,11,17,0,"minecraft:oak_wood","Oak Wood"
20,7,12,9,0,"minecraft:water","Still Water"
20,7,13,9,0,"minecraft:water","Still Water"
20,7,14,9,0,"minecraft:water","Still Water"
20,7,15,17,0,"minecraft:oak_wood","Oak Wood"
20,7,16,126,0,"minecraft:oak_slab","Oak Wood Slab (Bottom)"
21,7,11,4,0,"minecraft:cobblestone","Cobblestone"
21,7,12,9,0,"minecraft:water","Still Water"
21,7,13,98,0,"minecraft:stone_bricks","Stone Bricks"
21,7,14,9,0,"minecraft:water","Still Water"
21,7,15,4,0,"minecraft:cobblestone","Cobblestone"
22,7,11,17,0,"minecraft:oak_wood","Oak Wood"
22,7,12,9,0,"minecraft:water","Still Water"
22,7,13,9,0,"minecraft:water","Still Water"
22,7,14,9,0,"minecraft:water","Still Water"
22,7,15,17,0,"minecraft:oak_wood","Oak Wood"
22,7,16,126,0,"minecraft:oak_slab","Oak Wood Slab (Bottom)"
23,7,12,17,0,"minecraft:oak_wood","Oak Wood"
23,7,13,4,0,"minecraft:cobblestone","Cobblestone"
23,7,14,17,0,"minecraft:oak_wood","Oak Wood"
7,8,0,53,0,"minecraft:oak_stairs","Oak Wood Stairs (West, Normal)"
7,8,1,53,0,"minecraft:oak_stairs","Oak Wood Stairs (West, Normal)"
7,8,2,53,0,"minecraft:oak_stairs","Oak Wood Stairs (West, Normal)"
7,8,3,53,0,"minecraft:oak_stairs","Oak Wood Stairs (West, Normal)"
7,8,4,53,0,"minecraft:oak_stairs","Oak Wood Stairs (West, Normal)"
7,8,5,53,0,"minecraft:oak_stairs","Oak Wood Stairs (West, Normal)"
7,8,6,53,0,"minecraft:oak_stairs","Oak Wood Stairs (West, Normal)"
7,8,7,53,0,"minecraft:oak_stairs","Oak Wood Stairs (West, Normal)"
7,8,8,53,0,"minecraft:oak_stairs","Oak Wood Stairs (West, Normal)"
7,8,9,53,0,"minecraft:oak_stairs","Oak Wood Stairs (West, Normal)"
7,8,10,53,0,"minecraft:oak_stairs","Oak Wood Stairs (West, Normal)"
8,8,0,53,0,"minecraft:oak_stairs","Oak Wood Stairs (East, Upside-down)"
8,8,1,17,0,"minecraft:oak_wood","Oak Wood"
8,8,2,17,0,"minecraft:oak_wood","Oak Wood (facing north/south)"
8,8,3,17,0,"minecraft:oak_wood","Oak Wood (facing north/south)"
8,8,4,17,0,"minecraft:oak_wood","Oak Wood (facing north/south)"
8,8,5,17,0,"minecraft:oak_wood","Oak Wood"
8,8,6,17,0,"minecraft:oak_wood","Oak Wood (facing north/south)"
8,8,7,17,0,"minecraft:oak_wood","Oak Wood (facing north/south)"
8,8,8,17,0,"minecraft:oak_wood","Oak Wood (facing north/south)"
8,8,9,17,0,"minecraft:oak_wood","Oak Wood"
8,8,10,53,0,"minecraft:oak_stairs","Oak Wood Stairs (East, Upside-down)"
9,8,1,17,0,"minecraft:oak_wood","Oak Wood (facing east/west)"
9,8,9,17,0,"minecraft:oak_wood","Oak Wood (facing east/west)"
10,8,1,17,0,"minecraft:oak_wood","Oak Wood (facing east/west)"
10,8,9,17,0,"minecraft:oak_wood","Oak Wood (facing east/west)"
11,8,1,17,0,"minecraft:oak_wood","Oak Wood (facing east/west)"
11,8,9,17,0,"minecraft:oak_wood","Oak Wood (facing east/west)"
12,8,1,17,0,"minecraft:oak_wood","Oak Wood"
12,8,9,17,0,"minecraft:oak_wood","Oak Wood"
13,8,1,17,0,"minecraft:oak_wood","Oak Wood (facing east/west)"
13,8,9,17,0,"minecraft:oak_wood","Oak Wood (facing east/west)"
14,8,1,17,0,"minecraft:oak_wood","Oak Wood (facing east/west)"
14,8,9,17,0,"minecraft:oak_wood","Oak Wood (facing east/west)"
15,8,1,17,0,"minecraft:oak_wood","Oak Wood (facing east/west)"
15,8,9,17,0,"minecraft:oak_wood","Oak Wood (facing east/west)"
16,8,0,53,0,"minecraft:oak_stairs","Oak Wood Stairs (West, Upside-down)"
16,8,1,17,0,"minecraft:oak_wood","Oak Wood"
16,8,2,17,0,"minecraft:oak_wood","Oak Wood (facing north/south)"
16,8,3,17,0,"minecraft:oak_wood","Oak Wood (facing north/south)"
16,8,4,17,0,"minecraft:oak_wood","Oak Wood (facing north/south)"
16,8,5,17,0,"minecraft:oak_wood","Oak Wood"
16,8,6,17,0,"minecraft:oak_wood","Oak Wood (facing north/south)"
16,8,7,17,0,"minecraft:oak_wood","Oak Wood (facing north/south)"
16,8,8,17,0,"minecraft:oak_wood","Oak Wood (facing north/south)"
16,8,9,17,0,"minecraft:oak_wood","Oak Wood"
16,8,10,53,0,"minecraft:oak_stairs","Oak Wood Stairs (West, Upside-down)"
17,8,0,53,0,"minecraft:oak_stairs","Oak Wood Stairs (East, Normal)"
17,8,1,53,0,"minecraft:oak_stairs","Oak Wood Stairs (East, Normal)"
17,8,2,53,0,"minecraft:oak_stairs","Oak Wood Stairs (East, Normal)"
17,8,3,53,0,"minecraft:oak_stairs","Oak Wood Stairs (East, Normal)"
17,8,4,53,0,"minecraft:oak_stairs","Oak Wood Stairs (East, Normal)"
17,8,5,53,0,"minecraft:oak_stairs","Oak Wood Stairs (East, Normal)"
17,8,6,53,0,"minecraft:oak_stairs","Oak Wood Stairs (East, Normal)"
17,8,7,53,0,"minecraft:oak_stairs","Oak Wood Stairs (East, Normal)"
17,8,8,53,0,"minecraft:oak_stairs","Oak Wood Stairs (East, Normal)"
17,8,9,53,0,"minecraft:oak_stairs","Oak Wood Stairs (East, Normal)"
17,8,10,53,0,"minecraft:oak_stairs","Oak Wood Stairs (East, Normal)"
19,8,12,17,0,"minecraft:oak_wood","Oak Wood"
19,8,13,4,0,"minecraft:cobblestone","Cobblestone"
19,8,14,17,0,"minecraft:oak_wood","Oak Wood"
20,8,11,17,0,"minecraft:oak_wood","Oak Wood"
20,8,12,9,0,"minecraft:water","Still Water"
20,8,13,9,0,"minecraft:water","Still Water"
20,8,14,9,0,"minecraft:water","Still Water"
20,8,15,17,0,"minecraft:oak_wood","Oak Wood"
21,8,11,4,0,"minecraft:cobblestone","Cobblestone"
21,8,12,9,0,"minecraft:water","Still Water"
21,8,13,98,0,"minecraft:stone_bricks","Stone Bricks"
21,8,14,9,0,"minecraft:water","Still Water"
21,8,15,4,0,"minecraft:cobblestone","Cobblestone"
22,8,11,17,0,"minecraft:oak_wood","Oak Wood"
22,8,12,9,0,"minecraft:water","Still Water"
22,8,13,9,0,"minecraft:water","Still Water"
22,8,14,9,0,"minecraft:water","Still Water"
22,8,15,17,0,"minecraft:oak_wood","Oak Wood"
23,8,12,17,0,"minecraft:oak_wood","Oak Wood"
23,8,13,4,0,"minecraft:cobblestone","Cobblestone"
23,8,14,17,0,"minecraft:oak_wood","Oak Wood"
8,9,0,53,0,"minecraft:oak_stairs","Oak Wood Stairs (West, Normal)"
8,9,1,53,0,"minecraft:oak_stairs","Oak Wood Stairs (West, Normal)"
8,9,2,53,0,"minecraft:oak_stairs","Oak Wood Stairs (West, Normal)"
8,9,3,53,0,"minecraft:oak_stairs","Oak Wood Stairs (West, Normal)"
8,9,4,53,0,"minecraft:oak_stairs","Oak Wood Stairs (West, Normal)"
8,9,5,53,0,"minecraft:oak_stairs","Oak Wood Stairs (West, Normal)"
8,9,6,53,0,"minecraft:oak_stairs","Oak Wood Stairs (West, Normal)"
8,9,7,53,0,"minecraft:oak_stairs","Oak Wood Stairs (West, Normal)"
8,9,8,53,0,"minecraft:oak_stairs","Oak Wood Stairs (West, Normal)"
8,9,9,53,0,"minecraft:oak_stairs","Oak Wood Stairs (West, Normal)"
8,9,10,53,0,"minecraft:oak_stairs","Oak Wood Stairs (West, Normal)"
9,9,0,53,0,"minecraft:oak_stairs","Oak Wood Stairs (East, Upside-down)"
9,9,1,17,0,"minecraft:oak_wood","Oak Wood"
9,9,9,17,0,"minecraft:oak_wood","Oak Wood"
9,9,10,53,0,"minecraft:oak_stairs","Oak Wood Stairs (East, Upside-down)"
10,9,1,35,0,"minecraft:white_wool","White Wool"
10,9,9,35,0,"minecraft:white_wool","White Wool"
11,9,1,35,0,"minecraft:white_wool","White Wool"
11,9,9,35,0,"minecraft:white_wool","White Wool"
12,9,1,35,0,"minecraft:white_wool","White Wool"
12,9,9,35,0,"minecraft:white_wool","White Wool"
13,9,1,35,0,"minecraft:white_wool","White Wool"
13,9,9,35,0,"minecraft:white_wool","White Wool"
14,9,1,35,0,"minecraft:white_wool","White Wool"
14,9,9,35,0,"minecraft:white_wool","White Wool"
15,9,0,53,0,"minecraft:oak_stairs","Oak Wood Stairs (West, Upside-down)"
15,9,1,17,0,"minecraft:oak_wood","Oak Wood"
15,9,9,17,0,"minecraft:oak_wood","Oak Wood"
15,9,10,53,0,"minecraft:oak_stairs","Oak Wood Stairs (West, Upside-down)"
16,9,0,53,0,"minecraft:oak_stairs","Oak Wood Stairs (East, Normal)"
16,9,1,53,0,"minecraft:oak_stairs","Oak Wood Stairs (East, Normal)"
16,9,2,53,0,"minecraft:oak_stairs","Oak Wood Stairs (East, Normal)"
16,9,3,53,0,"minecraft:oak_stairs","Oak Wood Stairs (East, Normal)"
16,9,4,53,0,"minecraft:oak_stairs","Oak Wood Stairs (East, Normal)"
16,9,5,53,0,"minecraft:oak_stairs","Oak Wood Stairs (East, Normal)"
16,9,6,53,0,"minecraft:oak_stairs","Oak Wood Stairs (East, Normal)"
16,9,7,53,0,"minecraft:oak_stairs","Oak Wood Stairs (East, Normal)"
16,9,8,53,0,"minecraft:oak_stairs","Oak Wood Stairs (East, Normal)"
16,9,9,53,0,"minecraft:oak_stairs","Oak Wood Stairs (East, Normal)"
16,9,10,53,0,"minecraft:oak_stairs","Oak Wood Stairs (East, Normal)"
19,9,12,17,0,"minecraft:oak_wood","Oak Wood"
19,9,13,4,0,"minecraft:cobblestone","Cobblestone"
19,9,14,17,0,"minecraft:oak_wood","Oak Wood"
20,9,11,17,0,"minecraft:oak_wood","Oak Wood"
20,9,12,9,0,"minecraft:water","Still Water"
20,9,13,9,0,"minecraft:water","Still Water"
20,9,14,9,0,"minecraft:water","Still Water"
20,9,15,17,0,"minecraft:oak_wood","Oak Wood"
21,9,11,4,0,"minecraft:cobblestone","Cobblestone"
21,9,12,9,0,"minecraft:water","Still Water"
21,9,13,9,0,"minecraft:water","Still Water"
21,9,14,9,0,"minecraft:water","Still Water"
21,9,15,4,0,"minecraft:cobblestone","Cobblestone"
22,9,11,17,0,"minecraft:oak_wood","Oak Wood"
22,9,12,9,0,"minecraft:water","Still Water"
22,9,13,9,0,"minecraft:water","Still Water"
22,9,14,9,0,"minecraft:water","Still Water"
22,9,15,17,0,"minecraft:oak_wood","Oak Wood"
23,9,12,17,0,"minecraft:oak_wood","Oak Wood"
23,9,13,4,0,"minecraft:cobblestone","Cobblestone"
23,9,14,17,0,"minecraft:oak_wood","Oak Wood"
9,10,0,53,0,"minecraft:oak_stairs","Oak Wood Stairs (West, Normal)"
9,10,1,53,0,"minecraft:oak_stairs","Oak Wood Stairs (West, Normal)"
9,10,2,53,0,"minecraft:oak_stairs","Oak Wood Stairs (West, Normal)"
9,10,3,53,0,"minecraft:oak_stairs","Oak Wood Stairs (West, Normal)"
9,10,4,53,0,"minecraft:oak_stairs","Oak Wood Stairs (West, Normal)"
9,10,5,53,0,"minecraft:oak_stairs","Oak Wood Stairs (West, Normal)"
9,10,6,53,0,"minecraft:oak_stairs","Oak Wood Stairs (West, Normal)"
9,10,7,53,0,"minecraft:oak_stairs","Oak Wood Stairs (West, Normal)"
9,10,8,53,0,"minecraft:oak_stairs","Oak Wood Stairs (West, Normal)"
9,10,9,53,0,"minecraft:oak_stairs","Oak Wood Stairs (West, Normal)"
9,10,10,53,0,"minecraft:oak_stairs","Oak Wood Stairs (West, Normal)"
10,10,0,53,0,"minecraft:oak_stairs","Oak Wood Stairs (East, Upside-down)"
10,10,1,17,0,"minecraft:oak_wood","Oak Wood"
10,10,9,17,0,"minecraft:oak_wood","Oak Wood"
10,10,10,53,0,"minecraft:oak_stairs","Oak Wood Stairs (East, Upside-down)"
11,10,1,35,0,"minecraft:white_wool","White Wool"
11,10,9,35,0,"minecraft:white_wool","White Wool"
12,10,1,186,0,"minecraft:dark_oak_fence_gate","Oak Fence Gate (Facing North, Closed)"
12,10,9,186,0,"minecraft:dark_oak_fence_gate","Oak Fence Gate (Facing South, Closed)"
13,10,1,35,0,"minecraft:white_wool","White Wool"
13,10,9,35,0,"minecraft:white_wool","White Wool"
14,10,0,53,0,"minecraft:oak_stairs","Oak Wood Stairs (West, Upside-down)"
14,10,1,17,0,"minecraft:oak_wood","Oak Wood"
14,10,9,17,0,"minecraft:oak_wood","Oak Wood"
14,10,10,53,0,"minecraft:oak_stairs","Oak Wood Stairs (West, Upside-down)"
15,10,0,53,0,"minecraft:oak_stairs","Oak Wood Stairs (East, Normal)"
15,10,1,53,0,"minecraft:oak_stairs","Oak Wood Stairs (East, Normal)"
15,10,2,53,0,"minecraft:oak_stairs","Oak Wood Stairs (East, Normal)"
15,10,3,53,0,"minecraft:oak_stairs","Oak Wood Stairs (East, Normal)"
15,10,4,53,0,"minecraft:oak_stairs","Oak Wood Stairs (East, Normal)"
15,10,5,53,0,"minecraft:oak_stairs","Oak Wood Stairs (East, Normal)"
15,10,6,53,0,"minecraft:oak_stairs","Oak Wood Stairs (East, Normal)"
15,10,7,53,0,"minecraft:oak_stairs","Oak Wood Stairs (East, Normal)"
15,10,8,53,0,"minecraft:oak_stairs","Oak Wood Stairs (East, Normal)"
15,10,9,53,0,"minecraft:oak_stairs","Oak Wood Stairs (East, Normal)"
15,10,10,53,0,"minecraft:oak_stairs","Oak Wood Stairs (East, Normal)"
18,10,11,126,0,"minecraft:oak_slab"," Oak Wood Slab (Upper)"
18,10,15,126,0,"minecraft:oak_slab"," Oak Wood Slab (Upper)"
19,10,10,126,0,"minecraft:oak_slab"," Oak Wood Slab (Upper)"
19,10,11,126,0,"minecraft:oak_slab"," Oak Wood Slab (Upper)"
19,10,12,17,0,"minecraft:oak_wood","Oak Wood"
19,10,13,17,0,"minecraft:oak_wood","Oak Wood"
19,10,14,17,0,"minecraft:oak_wood","Oak Wood"
19,10,15,126,0,"minecraft:oak_slab"," Oak Wood Slab (Upper)"
19,10,16,126,0,"minecraft:oak_slab"," Oak Wood Slab (Upper)"
20,10,11,17,0,"minecraft:oak_wood","Oak Wood"
20,10,15,17,0,"minecraft:oak_wood","Oak Wood"
21,10,11,17,0,"minecraft:oak_wood","Oak Wood"
21,10,15,17,0,"minecraft:oak_wood","Oak Wood"
22,10,11,17,0,"minecraft:oak_wood","Oak Wood"
22,10,15,17,0,"minecraft:oak_wood","Oak Wood"
23,10,10,126,0,"minecraft:oak_slab"," Oak Wood Slab (Upper)"
23,10,11,126,0,"minecraft:oak_slab"," Oak Wood Slab (Upper)"
23,10,12,17,0,"minecraft:oak_wood","Oak Wood"
23,10,13,17,0,"minecraft:oak_wood","Oak Wood"
23,10,14,17,0,"minecraft:oak_wood","Oak Wood"
23,10,15,126,0,"minecraft:oak_slab"," Oak Wood Slab (Upper)"
23,10,16,126,0,"minecraft:oak_slab"," Oak Wood Slab (Upper)"
24,10,11,126,0,"minecraft:oak_slab"," Oak Wood Slab (Upper)"
24,10,15,126,0,"minecraft:oak_slab"," Oak Wood Slab (Upper)"
10,11,0,53,0,"minecraft:oak_stairs","Oak Wood Stairs (West, Normal)"
10,11,1,53,0,"minecraft:oak_stairs","Oak Wood Stairs (West, Normal)"
10,11,2,53,0,"minecraft:oak_stairs","Oak Wood Stairs (West, Normal)"
10,11,3,53,0,"minecraft:oak_stairs","Oak Wood Stairs (West, Normal)"
10,11,4,53,0,"minecraft:oak_stairs","Oak Wood Stairs (West, Normal)"
10,11,5,53,0,"minecraft:oak_stairs","Oak Wood Stairs (West, Normal)"
10,11,6,53,0,"minecraft:oak_stairs","Oak Wood Stairs (West, Normal)"
10,11,7,53,0,"minecraft:oak_stairs","Oak Wood Stairs (West, Normal)"
10,11,8,53,0,"minecraft:oak_stairs","Oak Wood Stairs (West, Normal)"
10,11,9,53,0,"minecraft:oak_stairs","Oak Wood Stairs (West, Normal)"
10,11,10,53,0,"minecraft:oak_stairs","Oak Wood Stairs (West, Normal)"
11,11,0,53,0,"minecraft:oak_stairs","Oak Wood Stairs (East, Upside-down)"
11,11,1,17,0,"minecraft:oak_wood","Oak Wood"
11,11,9,17,0,"minecraft:oak_wood","Oak Wood"
11,11,10,53,0,"minecraft:oak_stairs","Oak Wood Stairs (East, Upside-down)"
12,11,1,35,0,"minecraft:white_wool","White Wool"
12,11,9,35,0,"minecraft:white_wool","White Wool"
13,11,0,53,0,"minecraft:oak_stairs","Oak Wood Stairs (West, Upside-down)"
13,11,1,17,0,"minecraft:oak_wood","Oak Wood"
13,11,9,17,0,"minecraft:oak_wood","Oak Wood"
13,11,10,53,0,"minecraft:oak_stairs","Oak Wood Stairs (West, Upside-down)"
14,11,0,53,0,"minecraft:oak_stairs","Oak Wood Stairs (East, Normal)"
14,11,1,53,0,"minecraft:oak_stairs","Oak Wood Stairs (East, Normal)"
14,11,2,53,0,"minecraft:oak_stairs","Oak Wood Stairs (East, Normal)"
14,11,3,53,0,"minecraft:oak_stairs","Oak Wood Stairs (East, Normal)"
14,11,4,53,0,"minecraft:oak_stairs","Oak Wood Stairs (East, Normal)"
14,11,5,53,0,"minecraft:oak_stairs","Oak Wood Stairs (East, Normal)"
14,11,6,53,0,"minecraft:oak_stairs","Oak Wood Stairs (East, Normal)"
14,11,7,53,0,"minecraft:oak_stairs","Oak Wood Stairs (East, Normal)"
14,11,8,53,0,"minecraft:oak_stairs","Oak Wood Stairs (East, Normal)"
14,11,9,53,0,"minecraft:oak_stairs","Oak Wood Stairs (East, Normal)"
14,11,10,53,0,"minecraft:oak_stairs","Oak Wood Stairs (East, Normal)"
18,11,12,53,0,"minecraft:oak_stairs","Oak Wood Stairs (North, Normal)"
18,11,14,53,0,"minecraft:oak_stairs","Oak Wood Stairs (South, Normal)"
19,11,11,126,0,"minecraft:oak_slab","Oak Wood Slab (Bottom)"
19,11,12,53,0,"minecraft:oak_stairs","Oak Wood Stairs (North, Normal)"
19,11,13,186,0,"minecraft:dark_oak_fence_gate","Oak Fence Gate (Facing West, Closed)"
19,11,14,53,0,"minecraft:oak_stairs","Oak Wood Stairs (South, Normal)"
19,11,15,126,0,"minecraft:oak_slab","Oak Wood Slab (Bottom)"
20,11,10,53,0,"minecraft:oak_stairs","Oak Wood Stairs (West, Normal)"
20,11,11,53,0,"minecraft:oak_stairs","Oak Wood Stairs (West, Normal)"
20,11,12,5,0,"minecraft:oak_planks","Oak Wood Plank"
20,11,14,5,0,"minecraft:oak_planks","Oak Wood Plank"
20,11,15,53,0,"minecraft:oak_stairs","Oak Wood Stairs (West, Normal)"
20,11,16,53,0,"minecraft:oak_stairs","Oak Wood Stairs (West, Normal)"
21,11,11,186,0,"minecraft:dark_oak_fence_gate","Oak Fence Gate (Facing North, Closed)"
21,11,15,186,0,"minecraft:dark_oak_fence_gate","Oak Fence Gate (Facing South, Closed)"
22,11,10,53,0,"minecraft:oak_stairs","Oak Wood Stairs (East, Normal)"
22,11,11,53,0,"minecraft:oak_stairs","Oak Wood Stairs (East, Normal)"
22,11,12,5,0,"minecraft:oak_planks","Oak Wood Plank"
22,11,14,5,0,"minecraft:oak_planks","Oak Wood Plank"
22,11,15,53,0,"minecraft:oak_stairs","Oak Wood Stairs (East, Normal)"
22,11,16,53,0,"minecraft:oak_stairs","Oak Wood Stairs (East, Normal)"
23,11,11,126,0,"minecraft:oak_slab","Oak Wood Slab (Bottom)"
23,11,12,53,0,"minecraft:oak_stairs","Oak Wood Stairs (North, Normal)"
23,11,13,186,0,"minecraft:dark_oak_fence_gate","Oak Fence Gate (Facing East, Closed)"
23,11,14,53,0,"minecraft:oak_stairs","Oak Wood Stairs (South, Normal)"
23,11,15,126,0,"minecraft:oak_slab","Oak Wood Slab (Bottom)"
24,11,12,53,0,"minecraft:oak_stairs","Oak Wood Stairs (North, Normal)"
24,11,14,53,0,"minecraft:oak_stairs","Oak Wood Stairs (South, Normal)"
11,12,0,53,0,"minecraft:oak_stairs","Oak Wood Stairs (West, Normal)"
11,12,1,53,0,"minecraft:oak_stairs","Oak Wood Stairs (West, Normal)"
11,12,2,53,0,"minecraft:oak_stairs","Oak Wood Stairs (West, Normal)"
11,12,3,53,0,"minecraft:oak_stairs","Oak Wood Stairs (West, Normal)"
11,12,4,53,0,"minecraft:oak_stairs","Oak Wood Stairs (West, Normal)"
11,12,5,53,0,"minecraft:oak_stairs","Oak Wood Stairs (West, Normal)"
11,12,6,53,0,"minecraft:oak_stairs","Oak Wood Stairs (West, Normal)"
11,12,7,53,0,"minecraft:oak_stairs","Oak Wood Stairs (West, Normal)"
11,12,8,53,0,"minecraft:oak_stairs","Oak Wood Stairs (West, Normal)"
11,12,9,53,0,"minecraft:oak_stairs","Oak Wood Stairs (West, Normal)"
11,12,10,53,0,"minecraft:oak_stairs","Oak Wood Stairs (West, Normal)"
12,12,0,53,0,"minecraft:oak_stairs","Oak Wood Stairs (North, Upside-down)"
12,12,1,17,0,"minecraft:oak_wood","Oak Wood"
12,12,9,17,0,"minecraft:oak_wood","Oak Wood"
12,12,10,53,0,"minecraft:oak_stairs","Oak Wood Stairs (South, Upside-down)"
13,12,0,53,0,"minecraft:oak_stairs","Oak Wood Stairs (East, Normal)"
13,12,1,53,0,"minecraft:oak_stairs","Oak Wood Stairs (East, Normal)"
13,12,2,53,0,"minecraft:oak_stairs","Oak Wood Stairs (East, Normal)"
13,12,3,53,0,"minecraft:oak_stairs","Oak Wood Stairs (East, Normal)"
13,12,4,53,0,"minecraft:oak_stairs","Oak Wood Stairs (East, Normal)"
13,12,5,53,0,"minecraft:oak_stairs","Oak Wood Stairs (East, Normal)"
13,12,6,53,0,"minecraft:oak_stairs","Oak Wood Stairs (East, Normal)"
13,12,7,53,0,"minecraft:oak_stairs","Oak Wood Stairs (East, Normal)"
13,12,8,53,0,"minecraft:oak_stairs","Oak Wood Stairs (East, Normal)"
13,12,9,53,0,"minecraft:oak_stairs","Oak Wood Stairs (East, Normal)"
13,12,10,53,0,"minecraft:oak_stairs","Oak Wood Stairs (East, Normal)"
18,12,13,53,0,"minecraft:oak_stairs","Oak Wood Stairs (West, Normal)"
19,12,13,5,0,"minecraft:oak_planks","Oak Wood Plank"
20,12,12,126,0,"minecraft:oak_slab","Oak Wood Slab (Bottom)"
20,12,13,5,0,"minecraft:oak_planks","Oak Wood Plank"
20,12,14,126,0,"minecraft:oak_slab","Oak Wood Slab (Bottom)"
21,12,10,53,0,"minecraft:oak_stairs","Oak Wood Stairs (North, Normal)"
21,12,11,5,0,"minecraft:oak_planks","Oak Wood Plank"
21,12,12,5,0,"minecraft:oak_planks","Oak Wood Plank"
21,12,13,5,0,"minecraft:oak_planks","Oak Wood Plank"
21,12,14,5,0,"minecraft:oak_planks","Oak Wood Plank"
21,12,15,5,0,"minecraft:oak_planks","Oak Wood Plank"
21,12,16,53,0,"minecraft:oak_stairs","Oak Wood Stairs (South, Normal)"
22,12,12,126,0,"minecraft:oak_slab","Oak Wood Slab (Bottom)"
22,12,13,5,0,"minecraft:oak_planks","Oak Wood Plank"
22,12,14,126,0,"minecraft:oak_slab","Oak Wood Slab (Bottom)"
23,12,13,5,0,"minecraft:oak_planks","Oak Wood Plank"
24,12,13,53,0,"minecraft:oak_stairs","Oak Wood Stairs (East, Normal)"
20,13,13,126,0,"minecraft:oak_slab","Oak Wood Slab (Bottom)"
21,13,12,126,0,"minecraft:oak_slab","Oak Wood Slab (Bottom)"
21,13,13,5,0,"minecraft:oak_planks","Oak Wood Plank"
21,13,14,126,0,"minecraft:oak_slab","Oak Wood Slab (Bottom)"
22,13,13,126,0,"minecraft:oak_slab","Oak Wood Slab (Bottom)"
