0,1,0,44,0,"minecraft:stone_slab","Stone Slab"
0,1,1,44,0,"minecraft:stone_slab","Stone Slab"
0,1,2,44,0,"minecraft:stone_slab","Stone Slab"
0,1,3,44,0,"minecraft:stone_slab","Stone Slab"
0,1,4,44,0,"minecraft:stone_slab","Stone Slab"
0,1,5,44,0,"minecraft:stone_slab","Stone Slab"
0,1,6,44,0,"minecraft:stone_slab","Stone Slab"
0,1,7,44,0,"minecraft:stone_slab","Stone Slab"
0,1,8,44,0,"minecraft:stone_slab","Stone Slab"
0,1,9,44,0,"minecraft:stone_slab","Stone Slab"
0,1,10,44,0,"minecraft:stone_slab","Stone Slab"
0,1,11,44,0,"minecraft:stone_slab","Stone Slab"
0,1,12,44,0,"minecraft:stone_slab","Stone Slab"
0,1,13,44,0,"minecraft:stone_slab","Stone Slab"
0,1,14,44,0,"minecraft:stone_slab","Stone Slab"
0,1,15,44,0,"minecraft:stone_slab","Stone Slab"
1,1,0,44,0,"minecraft:stone_slab","Stone Slab"
1,1,1,44,0,"minecraft:stone_slab","Stone Slab"
1,1,2,44,0,"minecraft:stone_slab","Stone Slab"
1,1,3,44,0,"minecraft:stone_slab","Stone Slab"
1,1,4,44,0,"minecraft:stone_slab","Stone Slab"
1,1,5,44,0,"minecraft:stone_slab","Stone Slab"
1,1,6,44,0,"minecraft:stone_slab","Stone Slab"
1,1,7,44,0,"minecraft:stone_slab","Stone Slab"
1,1,8,44,0,"minecraft:stone_slab","Stone Slab"
1,1,9,44,0,"minecraft:stone_slab","Stone Slab"
1,1,10,44,0,"minecraft:stone_slab","Stone Slab"
1,1,11,44,0,"minecraft:stone_slab","Stone Slab"
1,1,12,44,0,"minecraft:stone_slab","Stone Slab"
1,1,13,44,0,"minecraft:stone_slab","Stone Slab"
1,1,14,44,0,"minecraft:stone_slab","Stone Slab"
1,1,15,44,0,"minecraft:stone_slab","Stone Slab"
2,1,0,44,0,"minecraft:stone_slab","Stone Slab"
2,1,1,1,0,"minecraft:stone","Stone"
2,1,2,1,0,"minecraft:stone","Stone"
2,1,3,1,0,"minecraft:stone","Stone"
2,1,4,1,0,"minecraft:stone","Stone"
2,1,5,1,0,"minecraft:stone","Stone"
2,1,6,1,0,"minecraft:stone","Stone"
2,1,7,1,0,"minecraft:stone","Stone"
2,1,8,1,0,"minecraft:stone","Stone"
2,1,9,1,0,"minecraft:stone","Stone"
2,1,10,1,0,"minecraft:stone","Stone"
2,1,11,1,0,"minecraft:stone","Stone"
2,1,12,1,0,"minecraft:stone","Stone"
2,1,13,1,0,"minecraft:stone","Stone"
2,1,14,44,0,"minecraft:stone_slab","Stone Slab"
2,1,15,44,0,"minecraft:stone_slab","Stone Slab"
3,1,0,44,0,"minecraft:stone_slab","Stone Slab"
3,1,1,1,0,"minecraft:stone","Stone"
3,1,2,1,0,"minecraft:stone","Stone"
3,1,3,1,0,"minecraft:stone","Stone"
3,1,4,1,0,"minecraft:stone","Stone"
3,1,5,1,0,"minecraft:stone","Stone"
3,1,6,1,0,"minecraft:stone","Stone"
3,1,7,1,0,"minecraft:stone","Stone"
3,1,8,1,0,"minecraft:stone","Stone"
3,1,9,1,0,"minecraft:stone","Stone"
3,1,10,1,0,"minecraft:stone","Stone"
3,1,11,1,0,"minecraft:stone","Stone"
3,1,12,1,0,"minecraft:stone","Stone"
3,1,13,1,0,"minecraft:stone","Stone"
3,1,14,44,0,"minecraft:stone_slab","Stone Slab"
3,1,15,44,0,"minecraft:stone_slab","Stone Slab"
4,1,0,44,0,"minecraft:stone_slab","Stone Slab"
4,1,1,1,0,"minecraft:stone","Stone"
4,1,2,1,0,"minecraft:stone","Stone"
4,1,3,1,0,"minecraft:stone","Stone"
4,1,4,1,0,"minecraft:stone","Stone"
4,1,5,1,0,"minecraft:stone","Stone"
4,1,6,1,0,"minecraft:stone","Stone"
4,1,7,1,0,"minecraft:stone","Stone"
4,1,8,1,0,"minecraft:stone","Stone"
4,1,9,1,0,"minecraft:stone","Stone"
4,1,10,1,0,"minecraft:stone","Stone"
4,1,11,1,0,"minecraft:stone","Stone"
4,1,12,1,0,"minecraft:stone","Stone"
4,1,13,1,0,"minecraft:stone","Stone"
4,1,14,44,0,"minecraft:stone_slab","Stone Slab"
4,1,15,44,0,"minecraft:stone_slab","Stone Slab"
5,1,0,44,0,"minecraft:stone_slab","Stone Slab"
5,1,1,1,0,"minecraft:stone","Stone"
5,1,2,1,0,"minecraft:stone","Stone"
5,1,3,1,0,"minecraft:stone","Stone"
5,1,4,1,0,"minecraft:stone","Stone"
5,1,5,1,0,"minecraft:stone","Stone"
5,1,6,1,0,"minecraft:stone","Stone"
5,1,7,1,0,"minecraft:stone","Stone"
5,1,8,1,0,"minecraft:stone","Stone"
5,1,9,1,0,"minecraft:stone","Stone"
5,1,10,1,0,"minecraft:stone","Stone"
5,1,11,1,0,"minecraft:stone","Stone"
5,1,12,1,0,"minecraft:stone","Stone"
5,1,13,1,0,"minecraft:stone","Stone"
5,1,14,44,0,"minecraft:stone_slab","Stone Slab"
5,1,15,44,0,"minecraft:stone_slab","Stone Slab"
6,1,0,44,0,"minecraft:stone_slab","Stone Slab"
6,1,1,1,0,"minecraft:stone","Stone"
6,1,2,1,0,"minecraft:stone","Stone"
6,1,3,1,0,"minecraft:stone","Stone"
6,1,4,1,0,"minecraft:stone","Stone"
6,1,5,1,0,"minecraft:stone","Stone"
6,1,6,1,0,"minecraft:stone","Stone"
6,1,7,1,0,"minecraft:stone","Stone"
6,1,8,1,0,"minecraft:stone","Stone"
6,1,9,1,0,"minecraft:stone","Stone"
6,1,10,1,0,"minecraft:stone","Stone"
6,1,11,1,0,"minecraft:stone","Stone"
6,1,12,1,0,"minecraft:stone","Stone"
6,1,13,1,0,"minecraft:stone","Stone"
6,1,14,44,0,"minecraft:stone_slab","Stone Slab"
6,1,15,44,0,"minecraft:stone_slab","Stone Slab"
7,1,0,44,0,"minecraft:stone_slab","Stone Slab"
7,1,1,1,0,"minecraft:stone","Stone"
7,1,2,1,0,"minecraft:stone","Stone"
7,1,3,1,0,"minecraft:stone","Stone"
7,1,4,1,0,"minecraft:stone","Stone"
7,1,5,1,0,"minecraft:stone","Stone"
7,1,6,1,0,"minecraft:stone","Stone"
7,1,7,1,0,"minecraft:stone","Stone"
7,1,8,1,0,"minecraft:stone","Stone"
7,1,9,1,0,"minecraft:stone","Stone"
7,1,10,1,0,"minecraft:stone","Stone"
7,1,11,1,0,"minecraft:stone","Stone"
7,1,12,1,0,"minecraft:stone","Stone"
7,1,13,1,0,"minecraft:stone","Stone"
7,1,14,44,0,"minecraft:stone_slab","Stone Slab"
7,1,15,44,0,"minecraft:stone_slab","Stone Slab"
8,1,0,44,0,"minecraft:stone_slab","Stone Slab"
8,1,1,1,0,"minecraft:stone","Stone"
8,1,2,1,0,"minecraft:stone","Stone"
8,1,3,1,0,"minecraft:stone","Stone"
8,1,4,1,0,"minecraft:stone","Stone"
8,1,5,1,0,"minecraft:stone","Stone"
8,1,6,1,0,"minecraft:stone","Stone"
8,1,7,1,0,"minecraft:stone","Stone"
8,1,8,1,0,"minecraft:stone","Stone"
8,1,9,1,0,"minecraft:stone","Stone"
8,1,10,1,0,"minecraft:stone","Stone"
8,1,11,1,0,"minecraft:stone","Stone"
8,1,12,1,0,"minecraft:stone","Stone"
8,1,13,1,0,"minecraft:stone","Stone"
8,1,14,44,0,"minecraft:stone_slab","Stone Slab"
8,1,15,44,0,"minecraft:stone_slab","Stone Slab"
9,1,0,44,0,"minecraft:stone_slab","Stone Slab"
9,1,1,1,0,"minecraft:stone","Stone"
9,1,2,1,0,"minecraft:stone","Stone"
9,1,3,1,0,"minecraft:stone","Stone"
9,1,4,1,0,"minecraft:stone","Stone"
9,1,5,1,0,"minecraft:stone","Stone"
9,1,6,1,0,"minecraft:stone","Stone"
9,1,7,1,0,"minecraft:stone","Stone"
9,1,8,1,0,"minecraft:stone","Stone"
9,1,9,1,0,"minecraft:stone","Stone"
9,1,10,1,0,"minecraft:stone","Stone"
9,1,11,1,0,"minecraft:stone","Stone"
9,1,12,1,0,"minecraft:stone","Stone"
9,1,13,1,0,"minecraft:stone","Stone"
9,1,14,44,0,"minecraft:stone_slab","Stone Slab"
9,1,15,44,0,"minecraft:stone_slab","Stone Slab"
10,1,0,44,0,"minecraft:stone_slab","Stone Slab"
10,1,1,1,0,"minecraft:stone","Stone"
10,1,2,1,0,"minecraft:stone","Stone"
10,1,3,1,0,"minecraft:stone","Stone"
10,1,4,1,0,"minecraft:stone","Stone"
10,1,5,1,0,"minecraft:stone","Stone"
10,1,6,1,0,"minecraft:stone","Stone"
10,1,7,1,0,"minecraft:stone","Stone"
10,1,8,1,0,"minecraft:stone","Stone"
10,1,9,1,0,"minecraft:stone","Stone"
10,1,10,1,0,"minecraft:stone","Stone"
10,1,11,1,0,"minecraft:stone","Stone"
10,1,12,1,0,"minecraft:stone","Stone"
10,1,13,1,0,"minecraft:stone","Stone"
10,1,14,44,0,"minecraft:stone_slab","Stone Slab"
10,1,15,44,0,"minecraft:stone_slab","Stone Slab"
11,1,0,44,0,"minecraft:stone_slab","Stone Slab"
11,1,1,1,0,"minecraft:stone","Stone"
11,1,2,1,0,"minecraft:stone","Stone"
11,1,3,1,0,"minecraft:stone","Stone"
11,1,4,1,0,"minecraft:stone","Stone"
11,1,5,1,0,"minecraft:stone","Stone"
11,1,6,1,0,"minecraft:stone","Stone"
11,1,7,1,0,"minecraft:stone","Stone"
11,1,8,1,0,"minecraft:stone","Stone"
11,1,9,1,0,"minecraft:stone","Stone"
11,1,10,1,0,"minecraft:stone","Stone"
11,1,11,1,0,"minecraft:stone","Stone"
11,1,12,1,0,"minecraft:stone","Stone"
11,1,13,1,0,"minecraft:stone","Stone"
11,1,14,44,0,"minecraft:stone_slab","Stone Slab"
11,1,15,44,0,"minecraft:stone_slab","Stone Slab"
12,1,0,44,0,"minecraft:stone_slab","Stone Slab"
12,1,1,1,0,"minecraft:stone","Stone"
12,1,2,1,0,"minecraft:stone","Stone"
12,1,3,1,0,"minecraft:stone","Stone"
12,1,4,1,0,"minecraft:stone","Stone"
12,1,5,1,0,"minecraft:stone","Stone"
12,1,6,1,0,"minecraft:stone","Stone"
12,1,7,1,0,"minecraft:stone","Stone"
12,1,8,1,0,"minecraft:stone","Stone"
12,1,9,1,0,"minecraft:stone","Stone"
12,1,10,1,0,"minecraft:stone","Stone"
12,1,11,1,0,"minecraft:stone","Stone"
12,1,12,1,0,"minecraft:stone","Stone"
12,1,13,1,0,"minecraft:stone","Stone"
12,1,14,1,0,"minecraft:stone","Stone"
12,1,15,44,0,"minecraft:stone_slab","Stone Slab"
13,1,0,44,0,"minecraft:stone_slab","Stone Slab"
13,1,1,1,0,"minecraft:stone","Stone"
13,1,2,1,0,"minecraft:stone","Stone"
13,1,3,1,0,"minecraft:stone","Stone"
13,1,4,1,0,"minecraft:stone","Stone"
13,1,5,1,0,"minecraft:stone","Stone"
13,1,6,1,0,"minecraft:stone","Stone"
13,1,7,1,0,"minecraft:stone","Stone"
13,1,8,1,0,"minecraft:stone","Stone"
13,1,9,1,0,"minecraft:stone","Stone"
13,1,10,1,0,"minecraft:stone","Stone"
13,1,11,1,0,"minecraft:stone","Stone"
13,1,12,1,0,"minecraft:stone","Stone"
13,1,13,1,0,"minecraft:stone","Stone"
13,1,14,1,0,"minecraft:stone","Stone"
13,1,15,44,0,"minecraft:stone_slab","Stone Slab"
14,1,0,44,0,"minecraft:stone_slab","Stone Slab"
14,1,1,1,0,"minecraft:stone","Stone"
14,1,2,1,0,"minecraft:stone","Stone"
14,1,3,1,0,"minecraft:stone","Stone"
14,1,4,1,0,"minecraft:stone","Stone"
14,1,5,1,0,"minecraft:stone","Stone"
14,1,6,1,0,"minecraft:stone","Stone"
14,1,7,1,0,"minecraft:stone","Stone"
14,1,8,1,0,"minecraft:stone","Stone"
14,1,9,1,0,"minecraft:stone","Stone"
14,1,10,1,0,"minecraft:stone","Stone"
14,1,11,1,0,"minecraft:stone","Stone"
14,1,12,1,0,"minecraft:stone","Stone"
14,1,13,1,0,"minecraft:stone","Stone"
14,1,14,1,0,"minecraft:stone","Stone"
14,1,15,44,0,"minecraft:stone_slab","Stone Slab"
15,1,0,44,0,"minecraft:stone_slab","Stone Slab"
15,1,1,1,0,"minecraft:stone","Stone"
15,1,2,1,0,"minecraft:stone","Stone"
15,1,3,1,0,"minecraft:stone","Stone"
15,1,4,1,0,"minecraft:stone","Stone"
15,1,5,1,0,"minecraft:stone","Stone"
15,1,6,1,0,"minecraft:stone","Stone"
15,1,7,1,0,"minecraft:stone","Stone"
15,1,8,1,0,"minecraft:stone","Stone"
15,1,9,1,0,"minecraft:stone","Stone"
15,1,10,1,0,"minecraft:stone","Stone"
15,1,11,1,0,"minecraft:stone","Stone"
15,1,12,1,0,"minecraft:stone","Stone"
15,1,13,1,0,"minecraft:stone","Stone"
15,1,14,1,0,"minecraft:stone","Stone"
15,1,15,44,0,"minecraft:stone_slab","Stone Slab"
16,1,0,44,0,"minecraft:stone_slab","Stone Slab"
16,1,1,1,0,"minecraft:stone","Stone"
16,1,2,1,0,"minecraft:stone","Stone"
16,1,3,1,0,"minecraft:stone","Stone"
16,1,4,1,0,"minecraft:stone","Stone"
16,1,5,1,0,"minecraft:stone","Stone"
16,1,6,1,0,"minecraft:stone","Stone"
16,1,7,1,0,"minecraft:stone","Stone"
16,1,8,1,0,"minecraft:stone","Stone"
16,1,9,1,0,"minecraft:stone","Stone"
16,1,10,1,0,"minecraft:stone","Stone"
16,1,11,1,0,"minecraft:stone","Stone"
16,1,12,1,0,"minecraft:stone","Stone"
16,1,13,1,0,"minecraft:stone","Stone"
16,1,14,1,0,"minecraft:stone","Stone"
16,1,15,43,0,"minecraft:smooth_quartz","Double Stone Slab"
17,1,0,44,0,"minecraft:stone_slab","Stone Slab"
17,1,1,1,0,"minecraft:stone","Stone"
17,1,2,1,0,"minecraft:stone","Stone"
17,1,3,1,0,"minecraft:stone","Stone"
17,1,4,1,0,"minecraft:stone","Stone"
17,1,5,1,0,"minecraft:stone","Stone"
17,1,6,1,0,"minecraft:stone","Stone"
17,1,7,1,0,"minecraft:stone","Stone"
17,1,8,1,0,"minecraft:stone","Stone"
17,1,9,1,0,"minecraft:stone","Stone"
17,1,10,1,0,"minecraft:stone","Stone"
17,1,11,1,0,"minecraft:stone","Stone"
17,1,12,1,0,"minecraft:stone","Stone"
17,1,13,1,0,"minecraft:stone","Stone"
17,1,14,1,0,"minecraft:stone","Stone"
17,1,15,44,0,"minecraft:stone_slab","Stone Slab"
18,1,0,44,0,"minecraft:stone_slab","Stone Slab"
18,1,1,1,0,"minecraft:stone","Stone"
18,1,2,1,0,"minecraft:stone","Stone"
18,1,3,1,0,"minecraft:stone","Stone"
18,1,4,1,0,"minecraft:stone","Stone"
18,1,5,1,0,"minecraft:stone","Stone"
18,1,6,1,0,"minecraft:stone","Stone"
18,1,7,1,0,"minecraft:stone","Stone"
18,1,8,1,0,"minecraft:stone","Stone"
18,1,9,1,0,"minecraft:stone","Stone"
18,1,10,1,0,"minecraft:stone","Stone"
18,1,11,1,0,"minecraft:stone","Stone"
18,1,12,1,0,"minecraft:stone","Stone"
18,1,13,1,0,"minecraft:stone","Stone"
18,1,14,1,0,"minecraft:stone","Stone"
18,1,15,44,0,"minecraft:stone_slab","Stone Slab"
19,1,0,44,0,"minecraft:stone_slab","Stone Slab"
19,1,1,1,0,"minecraft:stone","Stone"
19,1,2,1,0,"minecraft:stone","Stone"
19,1,3,1,0,"minecraft:stone","Stone"
19,1,4,1,0,"minecraft:stone","Stone"
19,1,5,1,0,"minecraft:stone","Stone"
19,1,6,1,0,"minecraft:stone","Stone"
19,1,7,1,0,"minecraft:stone","Stone"
19,1,8,1,0,"minecraft:stone","Stone"
19,1,9,1,0,"minecraft:stone","Stone"
19,1,10,1,0,"minecraft:stone","Stone"
19,1,11,1,0,"minecraft:stone","Stone"
19,1,12,1,0,"minecraft:stone","Stone"
19,1,13,1,0,"minecraft:stone","Stone"
19,1,14,1,0,"minecraft:stone","Stone"
19,1,15,44,0,"minecraft:stone_slab","Stone Slab"
20,1,0,44,0,"minecraft:stone_slab","Stone Slab"
20,1,1,1,0,"minecraft:stone","Stone"
20,1,2,1,0,"minecraft:stone","Stone"
20,1,3,1,0,"minecraft:stone","Stone"
20,1,4,1,0,"minecraft:stone","Stone"
20,1,5,1,0,"minecraft:stone","Stone"
20,1,6,1,0,"minecraft:stone","Stone"
20,1,7,1,0,"minecraft:stone","Stone"
20,1,8,1,0,"minecraft:stone","Stone"
20,1,9,1,0,"minecraft:stone","Stone"
20,1,10,1,0,"minecraft:stone","Stone"
20,1,11,1,0,"minecraft:stone","Stone"
20,1,12,1,0,"minecraft:stone","Stone"
20,1,13,1,0,"minecraft:stone","Stone"
20,1,14,1,0,"minecraft:stone","Stone"
20,1,15,44,0,"minecraft:stone_slab","Stone Slab"
21,1,0,44,0,"minecraft:stone_slab","Stone Slab"
21,1,1,1,0,"minecraft:stone","Stone"
21,1,2,1,0,"minecraft:stone","Stone"
21,1,3,1,0,"minecraft:stone","Stone"
21,1,4,1,0,"minecraft:stone","Stone"
21,1,5,1,0,"minecraft:stone","Stone"
21,1,6,1,0,"minecraft:stone","Stone"
21,1,7,1,0,"minecraft:stone","Stone"
21,1,8,1,0,"minecraft:stone","Stone"
21,1,9,1,0,"minecraft:stone","Stone"
21,1,10,1,0,"minecraft:stone","Stone"
21,1,11,1,0,"minecraft:stone","Stone"
21,1,12,1,0,"minecraft:stone","Stone"
21,1,13,1,0,"minecraft:stone","Stone"
21,1,14,44,0,"minecraft:stone_slab","Stone Slab"
21,1,15,44,0,"minecraft:stone_slab","Stone Slab"
22,1,0,44,0,"minecraft:stone_slab","Stone Slab"
22,1,1,1,0,"minecraft:stone","Stone"
22,1,2,1,0,"minecraft:stone","Stone"
22,1,3,1,0,"minecraft:stone","Stone"
22,1,4,1,0,"minecraft:stone","Stone"
22,1,5,1,0,"minecraft:stone","Stone"
22,1,6,1,0,"minecraft:stone","Stone"
22,1,7,1,0,"minecraft:stone","Stone"
22,1,8,1,0,"minecraft:stone","Stone"
22,1,9,1,0,"minecraft:stone","Stone"
22,1,10,1,0,"minecraft:stone","Stone"
22,1,11,1,0,"minecraft:stone","Stone"
22,1,12,1,0,"minecraft:stone","Stone"
22,1,13,1,0,"minecraft:stone","Stone"
22,1,14,44,0,"minecraft:stone_slab","Stone Slab"
22,1,15,44,0,"minecraft:stone_slab","Stone Slab"
23,1,0,44,0,"minecraft:stone_slab","Stone Slab"
23,1,1,1,0,"minecraft:stone","Stone"
23,1,2,1,0,"minecraft:stone","Stone"
23,1,3,1,0,"minecraft:stone","Stone"
23,1,4,1,0,"minecraft:stone","Stone"
23,1,5,1,0,"minecraft:stone","Stone"
23,1,6,1,0,"minecraft:stone","Stone"
23,1,7,1,0,"minecraft:stone","Stone"
23,1,8,1,0,"minecraft:stone","Stone"
23,1,9,1,0,"minecraft:stone","Stone"
23,1,10,1,0,"minecraft:stone","Stone"
23,1,11,1,0,"minecraft:stone","Stone"
23,1,12,1,0,"minecraft:stone","Stone"
23,1,13,1,0,"minecraft:stone","Stone"
23,1,14,44,0,"minecraft:stone_slab","Stone Slab"
23,1,15,44,0,"minecraft:stone_slab","Stone Slab"
24,1,0,44,0,"minecraft:stone_slab","Stone Slab"
24,1,1,1,0,"minecraft:stone","Stone"
24,1,2,1,0,"minecraft:stone","Stone"
24,1,3,1,0,"minecraft:stone","Stone"
24,1,4,1,0,"minecraft:stone","Stone"
24,1,5,1,0,"minecraft:stone","Stone"
24,1,6,1,0,"minecraft:stone","Stone"
24,1,7,1,0,"minecraft:stone","Stone"
24,1,8,1,0,"minecraft:stone","Stone"
24,1,9,1,0,"minecraft:stone","Stone"
24,1,10,1,0,"minecraft:stone","Stone"
24,1,11,1,0,"minecraft:stone","Stone"
24,1,12,1,0,"minecraft:stone","Stone"
24,1,13,1,0,"minecraft:stone","Stone"
24,1,14,44,0,"minecraft:stone_slab","Stone Slab"
24,1,15,44,0,"minecraft:stone_slab","Stone Slab"
25,1,0,44,0,"minecraft:stone_slab","Stone Slab"
25,1,1,1,0,"minecraft:stone","Stone"
25,1,2,1,0,"minecraft:stone","Stone"
25,1,3,1,0,"minecraft:stone","Stone"
25,1,4,1,0,"minecraft:stone","Stone"
25,1,5,1,0,"minecraft:stone","Stone"
25,1,6,1,0,"minecraft:stone","Stone"
25,1,7,1,0,"minecraft:stone","Stone"
25,1,8,1,0,"minecraft:stone","Stone"
25,1,9,1,0,"minecraft:stone","Stone"
25,1,10,1,0,"minecraft:stone","Stone"
25,1,11,1,0,"minecraft:stone","Stone"
25,1,12,1,0,"minecraft:stone","Stone"
25,1,13,1,0,"minecraft:stone","Stone"
25,1,14,44,0,"minecraft:stone_slab","Stone Slab"
25,1,15,44,0,"minecraft:stone_slab","Stone Slab"
26,1,0,44,0,"minecraft:stone_slab","Stone Slab"
26,1,1,1,0,"minecraft:stone","Stone"
26,1,2,1,0,"minecraft:stone","Stone"
26,1,3,1,0,"minecraft:stone","Stone"
26,1,4,1,0,"minecraft:stone","Stone"
26,1,5,1,0,"minecraft:stone","Stone"
26,1,6,1,0,"minecraft:stone","Stone"
26,1,7,1,0,"minecraft:stone","Stone"
26,1,8,1,0,"minecraft:stone","Stone"
26,1,9,1,0,"minecraft:stone","Stone"
26,1,10,1,0,"minecraft:stone","Stone"
26,1,11,1,0,"minecraft:stone","Stone"
26,1,12,1,0,"minecraft:stone","Stone"
26,1,13,1,0,"minecraft:stone","Stone"
26,1,14,44,0,"minecraft:stone_slab","Stone Slab"
26,1,15,44,0,"minecraft:stone_slab","Stone Slab"
27,1,0,44,0,"minecraft:stone_slab","Stone Slab"
27,1,1,1,0,"minecraft:stone","Stone"
27,1,2,1,0,"minecraft:stone","Stone"
27,1,3,1,0,"minecraft:stone","Stone"
27,1,4,1,0,"minecraft:stone","Stone"
27,1,5,1,0,"minecraft:stone","Stone"
27,1,6,1,0,"minecraft:stone","Stone"
27,1,7,1,0,"minecraft:stone","Stone"
27,1,8,1,0,"minecraft:stone","Stone"
27,1,9,1,0,"minecraft:stone","Stone"
27,1,10,1,0,"minecraft:stone","Stone"
27,1,11,1,0,"minecraft:stone","Stone"
27,1,12,1,0,"minecraft:stone","Stone"
27,1,13,1,0,"minecraft:stone","Stone"
27,1,14,44,0,"minecraft:stone_slab","Stone Slab"
27,1,15,44,0,"minecraft:stone_slab","Stone Slab"
28,1,0,44,0,"minecraft:stone_slab","Stone Slab"
28,1,1,1,0,"minecraft:stone","Stone"
28,1,2,1,0,"minecraft:stone","Stone"
28,1,3,1,0,"minecraft:stone","Stone"
28,1,4,1,0,"minecraft:stone","Stone"
28,1,5,1,0,"minecraft:stone","Stone"
28,1,6,1,0,"minecraft:stone","Stone"
28,1,7,1,0,"minecraft:stone","Stone"
28,1,8,1,0,"minecraft:stone","Stone"
28,1,9,1,0,"minecraft:stone","Stone"
28,1,10,1,0,"minecraft:stone","Stone"
28,1,11,1,0,"minecraft:stone","Stone"
28,1,12,1,0,"minecraft:stone","Stone"
28,1,13,1,0,"minecraft:stone","Stone"
28,1,14,44,0,"minecraft:stone_slab","Stone Slab"
28,1,15,44,0,"minecraft:stone_slab","Stone Slab"
29,1,0,44,0,"minecraft:stone_slab","Stone Slab"
29,1,1,44,0,"minecraft:stone_slab","Stone Slab"
29,1,2,44,0,"minecraft:stone_slab","Stone Slab"
29,1,3,44,0,"minecraft:stone_slab","Stone Slab"
29,1,4,44,0,"minecraft:stone_slab","Stone Slab"
29,1,5,44,0,"minecraft:stone_slab","Stone Slab"
29,1,6,44,0,"minecraft:stone_slab","Stone Slab"
29,1,7,44,0,"minecraft:stone_slab","Stone Slab"
29,1,8,44,0,"minecraft:stone_slab","Stone Slab"
29,1,9,44,0,"minecraft:stone_slab","Stone Slab"
29,1,10,44,0,"minecraft:stone_slab","Stone Slab"
29,1,11,44,0,"minecraft:stone_slab","Stone Slab"
29,1,12,44,0,"minecraft:stone_slab","Stone Slab"
29,1,13,44,0,"minecraft:stone_slab","Stone Slab"
29,1,14,44,0,"minecraft:stone_slab","Stone Slab"
29,1,15,44,0,"minecraft:stone_slab","Stone Slab"
30,1,0,44,0,"minecraft:stone_slab","Stone Slab"
30,1,1,44,0,"minecraft:stone_slab","Stone Slab"
30,1,2,44,0,"minecraft:stone_slab","Stone Slab"
30,1,3,44,0,"minecraft:stone_slab","Stone Slab"
30,1,4,44,0,"minecraft:stone_slab","Stone Slab"
30,1,5,44,0,"minecraft:stone_slab","Stone Slab"
30,1,6,44,0,"minecraft:stone_slab","Stone Slab"
30,1,7,44,0,"minecraft:stone_slab","Stone Slab"
30,1,8,44,0,"minecraft:stone_slab","Stone Slab"
30,1,9,44,0,"minecraft:stone_slab","Stone Slab"
30,1,10,44,0,"minecraft:stone_slab","Stone Slab"
30,1,11,44,0,"minecraft:stone_slab","Stone Slab"
30,1,12,44,0,"minecraft:stone_slab","Stone Slab"
30,1,13,44,0,"minecraft:stone_slab","Stone Slab"
30,1,14,44,0,"minecraft:stone_slab","Stone Slab"
30,1,15,44,0,"minecraft:stone_slab","Stone Slab"
31,1,0,44,0,"minecraft:stone_slab","Stone Slab"
31,1,1,44,0,"minecraft:stone_slab","Stone Slab"
31,1,2,44,0,"minecraft:stone_slab","Stone Slab"
31,1,3,44,0,"minecraft:stone_slab","Stone Slab"
31,1,4,44,0,"minecraft:stone_slab","Stone Slab"
31,1,5,44,0,"minecraft:stone_slab","Stone Slab"
31,1,6,44,0,"minecraft:stone_slab","Stone Slab"
31,1,7,44,0,"minecraft:stone_slab","Stone Slab"
31,1,8,44,0,"minecraft:stone_slab","Stone Slab"
31,1,9,44,0,"minecraft:stone_slab","Stone Slab"
31,1,10,44,0,"minecraft:stone_slab","Stone Slab"
31,1,11,44,0,"minecraft:stone_slab","Stone Slab"
31,1,12,44,0,"minecraft:stone_slab","Stone Slab"
31,1,13,44,0,"minecraft:stone_slab","Stone Slab"
31,1,14,44,0,"minecraft:stone_slab","Stone Slab"
31,1,15,44,0,"minecraft:stone_slab","Stone Slab"
2,2,1,159,16,"minecraft:terracotta","Hardened Clay"
2,2,2,159,16,"minecraft:terracotta","Hardened Clay"
2,2,3,159,16,"minecraft:terracotta","Hardened Clay"
2,2,4,159,16,"minecraft:terracotta","Hardened Clay"
2,2,5,159,16,"minecraft:terracotta","Hardened Clay"
2,2,6,159,16,"minecraft:terracotta","Hardened Clay"
2,2,7,159,16,"minecraft:terracotta","Hardened Clay"
2,2,8,159,16,"minecraft:terracotta","Hardened Clay"
2,2,9,159,16,"minecraft:terracotta","Hardened Clay"
2,2,10,159,16,"minecraft:terracotta","Hardened Clay"
2,2,11,159,16,"minecraft:terracotta","Hardened Clay"
2,2,12,159,16,"minecraft:terracotta","Hardened Clay"
2,2,13,159,16,"minecraft:terracotta","Hardened Clay"
3,2,1,159,16,"minecraft:terracotta","Hardened Clay"
3,2,2,159,16,"minecraft:terracotta","Hardened Clay"
3,2,3,159,16,"minecraft:terracotta","Hardened Clay"
3,2,4,159,16,"minecraft:terracotta","Hardened Clay"
3,2,5,159,16,"minecraft:terracotta","Hardened Clay"
3,2,6,159,16,"minecraft:terracotta","Hardened Clay"
3,2,7,159,16,"minecraft:terracotta","Hardened Clay"
3,2,8,159,16,"minecraft:terracotta","Hardened Clay"
3,2,9,159,16,"minecraft:terracotta","Hardened Clay"
3,2,10,159,16,"minecraft:terracotta","Hardened Clay"
3,2,11,159,16,"minecraft:terracotta","Hardened Clay"
3,2,12,159,16,"minecraft:terracotta","Hardened Clay"
3,2,13,159,16,"minecraft:terracotta","Hardened Clay"
4,2,1,1,0,"minecraft:stone","Stone"
4,2,2,159,16,"minecraft:terracotta","Hardened Clay"
4,2,3,159,16,"minecraft:terracotta","Hardened Clay"
4,2,4,159,16,"minecraft:terracotta","Hardened Clay"
4,2,5,159,3,"minecraft:light_blue_terracotta","Light Blue Stained Clay"
4,2,6,159,16,"minecraft:terracotta","Hardened Clay"
4,2,7,159,16,"minecraft:terracotta","Hardened Clay"
4,2,8,159,16,"minecraft:terracotta","Hardened Clay"
4,2,9,159,3,"minecraft:light_blue_terracotta","Light Blue Stained Clay"
4,2,10,159,16,"minecraft:terracotta","Hardened Clay"
4,2,11,159,16,"minecraft:terracotta","Hardened Clay"
4,2,12,159,16,"minecraft:terracotta","Hardened Clay"
4,2,13,1,0,"minecraft:stone","Stone"
5,2,1,159,3,"minecraft:light_blue_terracotta","Light Blue Stained Clay"
5,2,2,44,0,"minecraft:stone_slab","Stone Slab (Upper)"
5,2,4,44,0,"minecraft:stone_slab","Stone Slab (Upper)"
5,2,5,44,0,"minecraft:stone_slab","Stone Slab"
5,2,6,44,0,"minecraft:stone_slab","Stone Slab (Upper)"
5,2,8,44,0,"minecraft:stone_slab","Stone Slab (Upper)"
5,2,9,44,0,"minecraft:stone_slab","Stone Slab"
5,2,10,44,0,"minecraft:stone_slab","Stone Slab (Upper)"
5,2,12,44,0,"minecraft:stone_slab","Stone Slab (Upper)"
5,2,13,159,3,"minecraft:light_blue_terracotta","Light Blue Stained Clay"
6,2,1,159,3,"minecraft:light_blue_terracotta","Light Blue Stained Clay"
6,2,2,58,0,"minecraft:crafting_table","Crafting Table"
6,2,4,58,0,"minecraft:crafting_table","Crafting Table"
6,2,5,44,0,"minecraft:stone_slab","Stone Slab"
6,2,6,58,0,"minecraft:crafting_table","Crafting Table"
6,2,8,58,0,"minecraft:crafting_table","Crafting Table"
6,2,9,44,0,"minecraft:stone_slab","Stone Slab"
6,2,10,58,0,"minecraft:crafting_table","Crafting Table"
6,2,12,58,0,"minecraft:crafting_table","Crafting Table"
6,2,13,159,3,"minecraft:light_blue_terracotta","Light Blue Stained Clay"
7,2,1,159,3,"minecraft:light_blue_terracotta","Light Blue Stained Clay"
7,2,2,44,0,"minecraft:stone_slab","Stone Slab (Upper)"
7,2,4,44,0,"minecraft:stone_slab","Stone Slab (Upper)"
7,2,5,44,0,"minecraft:stone_slab","Stone Slab"
7,2,6,44,0,"minecraft:stone_slab","Stone Slab (Upper)"
7,2,8,44,0,"minecraft:stone_slab","Stone Slab (Upper)"
7,2,9,44,0,"minecraft:stone_slab","Stone Slab"
7,2,10,44,0,"minecraft:stone_slab","Stone Slab (Upper)"
7,2,12,44,0,"minecraft:stone_slab","Stone Slab (Upper)"
7,2,13,159,3,"minecraft:light_blue_terracotta","Light Blue Stained Clay"
8,2,1,159,3,"minecraft:light_blue_terracotta","Light Blue Stained Clay"
8,2,2,44,0,"minecraft:stone_slab","Stone Slab (Upper)"
8,2,4,44,0,"minecraft:stone_slab","Stone Slab (Upper)"
8,2,5,44,0,"minecraft:stone_slab","Stone Slab"
8,2,6,44,0,"minecraft:stone_slab","Stone Slab (Upper)"
8,2,8,44,0,"minecraft:stone_slab","Stone Slab (Upper)"
8,2,9,44,0,"minecraft:stone_slab","Stone Slab"
8,2,10,44,0,"minecraft:stone_slab","Stone Slab (Upper)"
8,2,12,44,0,"minecraft:stone_slab","Stone Slab (Upper)"
8,2,13,159,3,"minecraft:light_blue_terracotta","Light Blue Stained Clay"
9,2,1,159,3,"minecraft:light_blue_terracotta","Light Blue Stained Clay"
9,2,2,54,0,"minecraft:chest","Chest (South)"
9,2,4,54,0,"minecraft:chest","Chest (South)"
9,2,5,44,0,"minecraft:stone_slab","Stone Slab"
9,2,6,54,0,"minecraft:chest","Chest (South)"
9,2,8,54,0,"minecraft:chest","Chest (South)"
9,2,9,44,0,"minecraft:stone_slab","Stone Slab"
9,2,10,54,0,"minecraft:chest","Chest (South)"
9,2,12,54,0,"minecraft:chest","Chest (East)"
9,2,13,159,3,"minecraft:light_blue_terracotta","Light Blue Stained Clay"
10,2,1,159,3,"minecraft:light_blue_terracotta","Light Blue Stained Clay"
10,2,13,159,3,"minecraft:light_blue_terracotta","Light Blue Stained Clay"
11,2,1,159,3,"minecraft:light_blue_terracotta","Light Blue Stained Clay"
11,2,13,159,3,"minecraft:light_blue_terracotta","Light Blue Stained Clay"
12,2,1,159,3,"minecraft:light_blue_terracotta","Light Blue Stained Clay"
12,2,13,1,0,"minecraft:stone","Stone"
12,2,14,1,0,"minecraft:stone","Stone"
13,2,1,159,3,"minecraft:light_blue_terracotta","Light Blue Stained Clay"
13,2,2,44,0,"minecraft:stone_slab","Stone Slab (Upper)"
13,2,14,159,3,"minecraft:light_blue_terracotta","Light Blue Stained Clay"
14,2,1,159,3,"minecraft:light_blue_terracotta","Light Blue Stained Clay"
14,2,2,44,0,"minecraft:stone_slab","Stone Slab (Upper)"
14,2,14,159,3,"minecraft:light_blue_terracotta","Light Blue Stained Clay"
15,2,1,159,3,"minecraft:light_blue_terracotta","Light Blue Stained Clay"
15,2,2,58,0,"minecraft:crafting_table","Crafting Table"
15,2,14,159,3,"minecraft:light_blue_terracotta","Light Blue Stained Clay"
16,2,1,159,3,"minecraft:light_blue_terracotta","Light Blue Stained Clay"
16,2,2,44,0,"minecraft:stone_slab","Stone Slab (Upper)"
16,2,5,43,0,"minecraft:smooth_quartz","Double Stone Slab"
16,2,7,43,0,"minecraft:smooth_quartz","Double Stone Slab"
16,2,9,43,0,"minecraft:smooth_quartz","Double Stone Slab"
17,2,1,159,3,"minecraft:light_blue_terracotta","Light Blue Stained Clay"
17,2,2,54,0,"minecraft:chest","Chest (South)"
17,2,5,44,0,"minecraft:stone_slab","Stone Slab (Upper)"
17,2,9,44,0,"minecraft:stone_slab","Stone Slab (Upper)"
17,2,14,159,3,"minecraft:light_blue_terracotta","Light Blue Stained Clay"
18,2,1,159,3,"minecraft:light_blue_terracotta","Light Blue Stained Clay"
18,2,2,44,0,"minecraft:stone_slab","Stone Slab (Upper)"
18,2,5,58,0,"minecraft:crafting_table","Crafting Table"
18,2,9,58,0,"minecraft:crafting_table","Crafting Table"
18,2,14,159,3,"minecraft:light_blue_terracotta","Light Blue Stained Clay"
19,2,1,159,3,"minecraft:light_blue_terracotta","Light Blue Stained Clay"
19,2,2,44,0,"minecraft:stone_slab","Stone Slab (Upper)"
19,2,5,54,0,"minecraft:chest","Chest (South)"
19,2,9,54,0,"minecraft:chest","Chest (South)"
19,2,14,159,3,"minecraft:light_blue_terracotta","Light Blue Stained Clay"
20,2,1,159,3,"minecraft:light_blue_terracotta","Light Blue Stained Clay"
20,2,2,44,0,"minecraft:stone_slab","Stone Slab (Upper)"
20,2,5,43,0,"minecraft:smooth_quartz","Double Stone Slab"
20,2,9,43,0,"minecraft:smooth_quartz","Double Stone Slab"
20,2,12,44,0,"minecraft:stone_slab","Stone Slab (Upper)"
20,2,13,1,0,"minecraft:stone","Stone"
20,2,14,1,0,"minecraft:stone","Stone"
21,2,1,159,3,"minecraft:light_blue_terracotta","Light Blue Stained Clay"
21,2,2,58,0,"minecraft:crafting_table","Crafting Table"
21,2,5,54,0,"minecraft:chest","Chest (South)"
21,2,9,54,0,"minecraft:chest","Chest (South)"
21,2,12,44,0,"minecraft:stone_slab","Stone Slab (Upper)"
21,2,13,159,3,"minecraft:light_blue_terracotta","Light Blue Stained Clay"
22,2,1,159,3,"minecraft:light_blue_terracotta","Light Blue Stained Clay"
22,2,2,44,0,"minecraft:stone_slab","Stone Slab (Upper)"
22,2,5,58,0,"minecraft:crafting_table","Crafting Table"
22,2,9,58,0,"minecraft:crafting_table","Crafting Table"
22,2,12,44,0,"minecraft:stone_slab","Stone Slab (Upper)"
22,2,13,159,3,"minecraft:light_blue_terracotta","Light Blue Stained Clay"
23,2,1,159,3,"minecraft:light_blue_terracotta","Light Blue Stained Clay"
23,2,2,44,0,"minecraft:stone_slab","Stone Slab (Upper)"
23,2,5,44,0,"minecraft:stone_slab","Stone Slab (Upper)"
23,2,9,44,0,"minecraft:stone_slab","Stone Slab (Upper)"
23,2,12,44,0,"minecraft:stone_slab","Stone Slab (Upper)"
23,2,13,159,3,"minecraft:light_blue_terracotta","Light Blue Stained Clay"
24,2,1,159,3,"minecraft:light_blue_terracotta","Light Blue Stained Clay"
24,2,2,54,0,"minecraft:chest","Chest (South)"
24,2,5,43,0,"minecraft:smooth_quartz","Double Stone Slab"
24,2,6,44,0,"minecraft:stone_slab","Stone Slab (Upper)"
24,2,7,58,0,"minecraft:crafting_table","Crafting Table"
24,2,8,44,0,"minecraft:stone_slab","Stone Slab (Upper)"
24,2,9,43,0,"minecraft:smooth_quartz","Double Stone Slab"
24,2,12,58,0,"minecraft:crafting_table","Crafting Table"
24,2,13,159,3,"minecraft:light_blue_terracotta","Light Blue Stained Clay"
25,2,1,159,3,"minecraft:light_blue_terracotta","Light Blue Stained Clay"
25,2,2,44,0,"minecraft:stone_slab","Stone Slab (Upper)"
25,2,12,44,0,"minecraft:stone_slab","Stone Slab (Upper)"
25,2,13,159,3,"minecraft:light_blue_terracotta","Light Blue Stained Clay"
26,2,1,159,3,"minecraft:light_blue_terracotta","Light Blue Stained Clay"
26,2,2,44,0,"minecraft:stone_slab","Stone Slab (Upper)"
26,2,12,44,0,"minecraft:stone_slab","Stone Slab (Upper)"
26,2,13,159,3,"minecraft:light_blue_terracotta","Light Blue Stained Clay"
27,2,1,159,3,"minecraft:light_blue_terracotta","Light Blue Stained Clay"
27,2,2,44,0,"minecraft:stone_slab","Stone Slab (Upper)"
27,2,3,58,0,"minecraft:crafting_table","Crafting Table"
27,2,4,44,0,"minecraft:stone_slab","Stone Slab (Upper)"
27,2,5,54,0,"minecraft:chest","Chest (South)"
27,2,6,44,0,"minecraft:stone_slab","Stone Slab (Upper)"
27,2,7,44,0,"minecraft:stone_slab","Stone Slab (Upper)"
27,2,8,58,0,"minecraft:crafting_table","Crafting Table"
27,2,9,44,0,"minecraft:stone_slab","Stone Slab (Upper)"
27,2,10,54,0,"minecraft:chest","Chest (South)"
27,2,11,44,0,"minecraft:stone_slab","Stone Slab (Upper)"
27,2,12,44,0,"minecraft:stone_slab","Stone Slab (Upper)"
27,2,13,159,3,"minecraft:light_blue_terracotta","Light Blue Stained Clay"
28,2,1,1,0,"minecraft:stone","Stone"
28,2,2,159,3,"minecraft:light_blue_terracotta","Light Blue Stained Clay"
28,2,3,159,3,"minecraft:light_blue_terracotta","Light Blue Stained Clay"
28,2,4,159,3,"minecraft:light_blue_terracotta","Light Blue Stained Clay"
28,2,5,159,3,"minecraft:light_blue_terracotta","Light Blue Stained Clay"
28,2,6,159,3,"minecraft:light_blue_terracotta","Light Blue Stained Clay"
28,2,7,159,3,"minecraft:light_blue_terracotta","Light Blue Stained Clay"
28,2,8,159,3,"minecraft:light_blue_terracotta","Light Blue Stained Clay"
28,2,9,159,3,"minecraft:light_blue_terracotta","Light Blue Stained Clay"
28,2,10,159,3,"minecraft:light_blue_terracotta","Light Blue Stained Clay"
28,2,11,159,3,"minecraft:light_blue_terracotta","Light Blue Stained Clay"
28,2,12,159,3,"minecraft:light_blue_terracotta","Light Blue Stained Clay"
28,2,13,1,0,"minecraft:stone","Stone"
2,3,1,159,16,"minecraft:terracotta","Hardened Clay"
2,3,2,159,16,"minecraft:terracotta","Hardened Clay"
2,3,3,159,16,"minecraft:terracotta","Hardened Clay"
2,3,4,159,16,"minecraft:terracotta","Hardened Clay"
2,3,5,159,16,"minecraft:terracotta","Hardened Clay"
2,3,6,159,16,"minecraft:terracotta","Hardened Clay"
2,3,7,159,16,"minecraft:terracotta","Hardened Clay"
2,3,8,159,16,"minecraft:terracotta","Hardened Clay"
2,3,9,159,16,"minecraft:terracotta","Hardened Clay"
2,3,10,159,16,"minecraft:terracotta","Hardened Clay"
2,3,11,159,16,"minecraft:terracotta","Hardened Clay"
2,3,12,159,16,"minecraft:terracotta","Hardened Clay"
2,3,13,159,16,"minecraft:terracotta","Hardened Clay"
3,3,1,159,16,"minecraft:terracotta","Hardened Clay"
3,3,2,159,16,"minecraft:terracotta","Hardened Clay"
3,3,3,159,16,"minecraft:terracotta","Hardened Clay"
3,3,4,159,16,"minecraft:terracotta","Hardened Clay"
3,3,5,159,16,"minecraft:terracotta","Hardened Clay"
3,3,6,159,16,"minecraft:terracotta","Hardened Clay"
3,3,7,159,16,"minecraft:terracotta","Hardened Clay"
3,3,8,159,16,"minecraft:terracotta","Hardened Clay"
3,3,9,159,16,"minecraft:terracotta","Hardened Clay"
3,3,10,159,16,"minecraft:terracotta","Hardened Clay"
3,3,11,159,16,"minecraft:terracotta","Hardened Clay"
3,3,12,159,16,"minecraft:terracotta","Hardened Clay"
3,3,13,159,16,"minecraft:terracotta","Hardened Clay"
4,3,1,1,0,"minecraft:stone","Stone"
4,3,2,159,16,"minecraft:terracotta","Hardened Clay"
4,3,3,159,16,"minecraft:terracotta","Hardened Clay"
4,3,4,159,16,"minecraft:terracotta","Hardened Clay"
4,3,5,159,3,"minecraft:light_blue_terracotta","Light Blue Stained Clay"
4,3,6,159,16,"minecraft:terracotta","Hardened Clay"
4,3,7,159,16,"minecraft:terracotta","Hardened Clay"
4,3,8,159,16,"minecraft:terracotta","Hardened Clay"
4,3,9,159,3,"minecraft:light_blue_terracotta","Light Blue Stained Clay"
4,3,10,159,16,"minecraft:terracotta","Hardened Clay"
4,3,11,159,16,"minecraft:terracotta","Hardened Clay"
4,3,12,159,16,"minecraft:terracotta","Hardened Clay"
4,3,13,1,0,"minecraft:stone","Stone"
5,3,1,159,3,"minecraft:light_blue_terracotta","Light Blue Stained Clay"
5,3,13,159,3,"minecraft:light_blue_terracotta","Light Blue Stained Clay"
6,3,1,102,0,"minecraft:glass_pane","Glass Pane"
6,3,13,102,0,"minecraft:glass_pane","Glass Pane"
7,3,1,159,3,"minecraft:light_blue_terracotta","Light Blue Stained Clay"
7,3,13,159,3,"minecraft:light_blue_terracotta","Light Blue Stained Clay"
8,3,1,102,0,"minecraft:glass_pane","Glass Pane"
8,3,4,117,0,"minecraft:brewing_stand","Brewing Stand (Slot 1 Unactive, Slot 2 Unactive, Slot 3 Unac"
8,3,8,117,0,"minecraft:brewing_stand","Brewing Stand (Slot 1 Unactive, Slot 2 Unactive, Slot 3 Unac"
8,3,12,117,0,"minecraft:brewing_stand","Brewing Stand (Slot 1 Unactive, Slot 2 Unactive, Slot 3 Unac"
8,3,13,102,0,"minecraft:glass_pane","Glass Pane"
9,3,1,159,3,"minecraft:light_blue_terracotta","Light Blue Stained Clay"
9,3,13,159,3,"minecraft:light_blue_terracotta","Light Blue Stained Clay"
10,3,1,102,0,"minecraft:glass_pane","Glass Pane"
10,3,13,102,0,"minecraft:glass_pane","Glass Pane"
11,3,1,159,3,"minecraft:light_blue_terracotta","Light Blue Stained Clay"
11,3,13,159,3,"minecraft:light_blue_terracotta","Light Blue Stained Clay"
12,3,1,102,0,"minecraft:glass_pane","Glass Pane"
12,3,13,1,0,"minecraft:stone","Stone"
12,3,14,1,0,"minecraft:stone","Stone"
13,3,1,159,3,"minecraft:light_blue_terracotta","Light Blue Stained Clay"
13,3,14,159,3,"minecraft:light_blue_terracotta","Light Blue Stained Clay"
14,3,1,102,0,"minecraft:glass_pane","Glass Pane"
14,3,2,117,0,"minecraft:brewing_stand","Brewing Stand (Slot 1 Unactive, Slot 2 Unactive, Slot 3 Unac"
14,3,14,102,0,"minecraft:glass_pane","Glass Pane"
15,3,1,159,3,"minecraft:light_blue_terracotta","Light Blue Stained Clay"
15,3,14,159,3,"minecraft:light_blue_terracotta","Light Blue Stained Clay"
16,3,1,102,0,"minecraft:glass_pane","Glass Pane"
16,3,5,117,0,"minecraft:brewing_stand","Brewing Stand (Slot 1 Unactive, Slot 2 Unactive, Slot 3 Unac"
16,3,7,50,0,"minecraft:torch","Torch (Facing Up)"
16,3,9,117,0,"minecraft:brewing_stand","Brewing Stand (Slot 1 Unactive, Slot 2 Unactive, Slot 3 Unac"
17,3,1,159,3,"minecraft:light_blue_terracotta","Light Blue Stained Clay"
17,3,14,159,3,"minecraft:light_blue_terracotta","Light Blue Stained Clay"
18,3,1,102,0,"minecraft:glass_pane","Glass Pane"
18,3,14,102,0,"minecraft:glass_pane","Glass Pane"
19,3,1,159,3,"minecraft:light_blue_terracotta","Light Blue Stained Clay"
19,3,14,159,3,"minecraft:light_blue_terracotta","Light Blue Stained Clay"
20,3,1,102,0,"minecraft:glass_pane","Glass Pane"
20,3,2,117,0,"minecraft:brewing_stand","Brewing Stand (Slot 1 Unactive, Slot 2 Unactive, Slot 3 Unac"
20,3,5,117,0,"minecraft:brewing_stand","Brewing Stand (Slot 1 Unactive, Slot 2 Unactive, Slot 3 Unac"
20,3,13,1,0,"minecraft:stone","Stone"
20,3,14,1,0,"minecraft:stone","Stone"
21,3,1,159,3,"minecraft:light_blue_terracotta","Light Blue Stained Clay"
21,3,12,117,0,"minecraft:brewing_stand","Brewing Stand (Slot 1 Unactive, Slot 2 Unactive, Slot 3 Unac"
21,3,13,159,3,"minecraft:light_blue_terracotta","Light Blue Stained Clay"
22,3,1,102,0,"minecraft:glass_pane","Glass Pane"
22,3,13,102,0,"minecraft:glass_pane","Glass Pane"
23,3,1,159,3,"minecraft:light_blue_terracotta","Light Blue Stained Clay"
23,3,9,117,0,"minecraft:brewing_stand","Brewing Stand (Slot 1 Unactive, Slot 2 Unactive, Slot 3 Unac"
23,3,13,159,3,"minecraft:light_blue_terracotta","Light Blue Stained Clay"
24,3,1,102,0,"minecraft:glass_pane","Glass Pane"
24,3,13,102,0,"minecraft:glass_pane","Glass Pane"
25,3,1,159,3,"minecraft:light_blue_terracotta","Light Blue Stained Clay"
25,3,13,159,3,"minecraft:light_blue_terracotta","Light Blue Stained Clay"
26,3,1,102,0,"minecraft:glass_pane","Glass Pane"
26,3,2,117,0,"minecraft:brewing_stand","Brewing Stand (Slot 1 Unactive, Slot 2 Unactive, Slot 3 Unac"
26,3,12,117,0,"minecraft:brewing_stand","Brewing Stand (Slot 1 Unactive, Slot 2 Unactive, Slot 3 Unac"
26,3,13,102,0,"minecraft:glass_pane","Glass Pane"
27,3,1,159,3,"minecraft:light_blue_terracotta","Light Blue Stained Clay"
27,3,7,117,0,"minecraft:brewing_stand","Brewing Stand (Slot 1 Unactive, Slot 2 Unactive, Slot 3 Unac"
27,3,13,159,3,"minecraft:light_blue_terracotta","Light Blue Stained Clay"
28,3,1,1,0,"minecraft:stone","Stone"
28,3,2,159,3,"minecraft:light_blue_terracotta","Light Blue Stained Clay"
28,3,3,102,0,"minecraft:glass_pane","Glass Pane"
28,3,4,159,3,"minecraft:light_blue_terracotta","Light Blue Stained Clay"
28,3,5,102,0,"minecraft:glass_pane","Glass Pane"
28,3,6,159,3,"minecraft:light_blue_terracotta","Light Blue Stained Clay"
28,3,7,102,0,"minecraft:glass_pane","Glass Pane"
28,3,8,159,3,"minecraft:light_blue_terracotta","Light Blue Stained Clay"
28,3,9,102,0,"minecraft:glass_pane","Glass Pane"
28,3,10,159,3,"minecraft:light_blue_terracotta","Light Blue Stained Clay"
28,3,11,102,0,"minecraft:glass_pane","Glass Pane"
28,3,12,159,3,"minecraft:light_blue_terracotta","Light Blue Stained Clay"
28,3,13,1,0,"minecraft:stone","Stone"
3,4,2,159,16,"minecraft:terracotta","Hardened Clay"
3,4,3,159,16,"minecraft:terracotta","Hardened Clay"
3,4,4,159,16,"minecraft:terracotta","Hardened Clay"
3,4,6,159,16,"minecraft:terracotta","Hardened Clay"
3,4,7,159,16,"minecraft:terracotta","Hardened Clay"
3,4,8,159,16,"minecraft:terracotta","Hardened Clay"
3,4,10,159,16,"minecraft:terracotta","Hardened Clay"
3,4,11,159,16,"minecraft:terracotta","Hardened Clay"
3,4,12,159,16,"minecraft:terracotta","Hardened Clay"
4,4,1,1,0,"minecraft:stone","Stone"
4,4,2,159,16,"minecraft:terracotta","Hardened Clay"
4,4,3,159,16,"minecraft:terracotta","Hardened Clay"
4,4,4,159,16,"minecraft:terracotta","Hardened Clay"
4,4,5,159,3,"minecraft:light_blue_terracotta","Light Blue Stained Clay"
4,4,6,159,16,"minecraft:terracotta","Hardened Clay"
4,4,7,159,16,"minecraft:terracotta","Hardened Clay"
4,4,8,159,16,"minecraft:terracotta","Hardened Clay"
4,4,9,159,3,"minecraft:light_blue_terracotta","Light Blue Stained Clay"
4,4,10,159,16,"minecraft:terracotta","Hardened Clay"
4,4,11,159,16,"minecraft:terracotta","Hardened Clay"
4,4,12,159,16,"minecraft:terracotta","Hardened Clay"
4,4,13,1,0,"minecraft:stone","Stone"
5,4,1,159,3,"minecraft:light_blue_terracotta","Light Blue Stained Clay"
5,4,5,50,0,"minecraft:torch","Torch (Facing South)"
5,4,9,50,0,"minecraft:torch","Torch (Facing South)"
5,4,13,159,3,"minecraft:light_blue_terracotta","Light Blue Stained Clay"
6,4,1,102,0,"minecraft:glass_pane","Glass Pane"
6,4,13,102,0,"minecraft:glass_pane","Glass Pane"
7,4,1,159,3,"minecraft:light_blue_terracotta","Light Blue Stained Clay"
7,4,13,159,3,"minecraft:light_blue_terracotta","Light Blue Stained Clay"
8,4,1,102,0,"minecraft:glass_pane","Glass Pane"
8,4,13,102,0,"minecraft:glass_pane","Glass Pane"
9,4,1,159,3,"minecraft:light_blue_terracotta","Light Blue Stained Clay"
9,4,12,50,0,"minecraft:torch","Torch (Facing East)"
9,4,13,159,3,"minecraft:light_blue_terracotta","Light Blue Stained Clay"
10,4,1,102,0,"minecraft:glass_pane","Glass Pane"
10,4,13,102,0,"minecraft:glass_pane","Glass Pane"
11,4,1,159,3,"minecraft:light_blue_terracotta","Light Blue Stained Clay"
11,4,13,159,3,"minecraft:light_blue_terracotta","Light Blue Stained Clay"
12,4,1,102,0,"minecraft:glass_pane","Glass Pane"
12,4,13,1,0,"minecraft:stone","Stone"
12,4,14,1,0,"minecraft:stone","Stone"
13,4,1,159,3,"minecraft:light_blue_terracotta","Light Blue Stained Clay"
13,4,14,159,3,"minecraft:light_blue_terracotta","Light Blue Stained Clay"
14,4,1,102,0,"minecraft:glass_pane","Glass Pane"
14,4,14,102,0,"minecraft:glass_pane","Glass Pane"
15,4,1,159,3,"minecraft:light_blue_terracotta","Light Blue Stained Clay"
15,4,14,159,3,"minecraft:light_blue_terracotta","Light Blue Stained Clay"
16,4,1,102,0,"minecraft:glass_pane","Glass Pane"
16,4,13,50,0,"minecraft:torch","Torch (Facing East)"
16,4,14,159,3,"minecraft:light_blue_terracotta","Light Blue Stained Clay"
17,4,1,159,3,"minecraft:light_blue_terracotta","Light Blue Stained Clay"
17,4,14,159,3,"minecraft:light_blue_terracotta","Light Blue Stained Clay"
18,4,1,102,0,"minecraft:glass_pane","Glass Pane"
18,4,14,102,0,"minecraft:glass_pane","Glass Pane"
19,4,1,159,3,"minecraft:light_blue_terracotta","Light Blue Stained Clay"
19,4,14,159,3,"minecraft:light_blue_terracotta","Light Blue Stained Clay"
20,4,1,102,0,"minecraft:glass_pane","Glass Pane"
20,4,13,1,0,"minecraft:stone","Stone"
20,4,14,1,0,"minecraft:stone","Stone"
21,4,1,159,3,"minecraft:light_blue_terracotta","Light Blue Stained Clay"
21,4,13,159,3,"minecraft:light_blue_terracotta","Light Blue Stained Clay"
22,4,1,102,0,"minecraft:glass_pane","Glass Pane"
22,4,13,102,0,"minecraft:glass_pane","Glass Pane"
23,4,1,159,3,"minecraft:light_blue_terracotta","Light Blue Stained Clay"
23,4,12,50,0,"minecraft:torch","Torch (Facing East)"
23,4,13,159,3,"minecraft:light_blue_terracotta","Light Blue Stained Clay"
24,4,1,102,0,"minecraft:glass_pane","Glass Pane"
24,4,13,102,0,"minecraft:glass_pane","Glass Pane"
25,4,1,159,3,"minecraft:light_blue_terracotta","Light Blue Stained Clay"
25,4,13,159,3,"minecraft:light_blue_terracotta","Light Blue Stained Clay"
26,4,1,102,0,"minecraft:glass_pane","Glass Pane"
26,4,13,102,0,"minecraft:glass_pane","Glass Pane"
27,4,1,159,3,"minecraft:light_blue_terracotta","Light Blue Stained Clay"
27,4,13,159,3,"minecraft:light_blue_terracotta","Light Blue Stained Clay"
28,4,1,1,0,"minecraft:stone","Stone"
28,4,2,159,3,"minecraft:light_blue_terracotta","Light Blue Stained Clay"
28,4,3,102,0,"minecraft:glass_pane","Glass Pane"
28,4,4,159,3,"minecraft:light_blue_terracotta","Light Blue Stained Clay"
28,4,5,102,0,"minecraft:glass_pane","Glass Pane"
28,4,6,159,3,"minecraft:light_blue_terracotta","Light Blue Stained Clay"
28,4,7,102,0,"minecraft:glass_pane","Glass Pane"
28,4,8,159,3,"minecraft:light_blue_terracotta","Light Blue Stained Clay"
28,4,9,102,0,"minecraft:glass_pane","Glass Pane"
28,4,10,159,3,"minecraft:light_blue_terracotta","Light Blue Stained Clay"
28,4,11,102,0,"minecraft:glass_pane","Glass Pane"
28,4,12,159,3,"minecraft:light_blue_terracotta","Light Blue Stained Clay"
28,4,13,1,0,"minecraft:stone","Stone"
3,5,2,159,16,"minecraft:terracotta","Hardened Clay"
3,5,3,159,16,"minecraft:terracotta","Hardened Clay"
3,5,4,159,16,"minecraft:terracotta","Hardened Clay"
3,5,6,159,16,"minecraft:terracotta","Hardened Clay"
3,5,7,159,16,"minecraft:terracotta","Hardened Clay"
3,5,8,159,16,"minecraft:terracotta","Hardened Clay"
3,5,10,159,16,"minecraft:terracotta","Hardened Clay"
3,5,11,159,16,"minecraft:terracotta","Hardened Clay"
3,5,12,159,16,"minecraft:terracotta","Hardened Clay"
4,5,1,1,0,"minecraft:stone","Stone"
4,5,2,159,16,"minecraft:terracotta","Hardened Clay"
4,5,3,159,16,"minecraft:terracotta","Hardened Clay"
4,5,4,159,16,"minecraft:terracotta","Hardened Clay"
4,5,5,159,3,"minecraft:light_blue_terracotta","Light Blue Stained Clay"
4,5,6,159,16,"minecraft:terracotta","Hardened Clay"
4,5,7,159,16,"minecraft:terracotta","Hardened Clay"
4,5,8,159,16,"minecraft:terracotta","Hardened Clay"
4,5,9,159,3,"minecraft:light_blue_terracotta","Light Blue Stained Clay"
4,5,10,159,16,"minecraft:terracotta","Hardened Clay"
4,5,11,159,16,"minecraft:terracotta","Hardened Clay"
4,5,12,159,16,"minecraft:terracotta","Hardened Clay"
4,5,13,1,0,"minecraft:stone","Stone"
5,5,1,159,3,"minecraft:light_blue_terracotta","Light Blue Stained Clay"
5,5,13,159,3,"minecraft:light_blue_terracotta","Light Blue Stained Clay"
6,5,1,159,3,"minecraft:light_blue_terracotta","Light Blue Stained Clay"
6,5,13,159,3,"minecraft:light_blue_terracotta","Light Blue Stained Clay"
7,5,1,159,3,"minecraft:light_blue_terracotta","Light Blue Stained Clay"
7,5,13,159,3,"minecraft:light_blue_terracotta","Light Blue Stained Clay"
8,5,1,159,3,"minecraft:light_blue_terracotta","Light Blue Stained Clay"
8,5,13,159,3,"minecraft:light_blue_terracotta","Light Blue Stained Clay"
9,5,1,159,3,"minecraft:light_blue_terracotta","Light Blue Stained Clay"
9,5,13,159,3,"minecraft:light_blue_terracotta","Light Blue Stained Clay"
10,5,1,159,3,"minecraft:light_blue_terracotta","Light Blue Stained Clay"
10,5,13,159,3,"minecraft:light_blue_terracotta","Light Blue Stained Clay"
11,5,1,159,3,"minecraft:light_blue_terracotta","Light Blue Stained Clay"
11,5,13,159,3,"minecraft:light_blue_terracotta","Light Blue Stained Clay"
12,5,1,159,3,"minecraft:light_blue_terracotta","Light Blue Stained Clay"
12,5,13,1,0,"minecraft:stone","Stone"
12,5,14,1,0,"minecraft:stone","Stone"
13,5,1,159,3,"minecraft:light_blue_terracotta","Light Blue Stained Clay"
13,5,14,159,3,"minecraft:light_blue_terracotta","Light Blue Stained Clay"
14,5,1,159,3,"minecraft:light_blue_terracotta","Light Blue Stained Clay"
14,5,14,159,3,"minecraft:light_blue_terracotta","Light Blue Stained Clay"
15,5,1,159,3,"minecraft:light_blue_terracotta","Light Blue Stained Clay"
15,5,14,159,3,"minecraft:light_blue_terracotta","Light Blue Stained Clay"
16,5,1,159,3,"minecraft:light_blue_terracotta","Light Blue Stained Clay"
16,5,14,159,3,"minecraft:light_blue_terracotta","Light Blue Stained Clay"
17,5,1,159,3,"minecraft:light_blue_terracotta","Light Blue Stained Clay"
17,5,14,159,3,"minecraft:light_blue_terracotta","Light Blue Stained Clay"
18,5,1,159,3,"minecraft:light_blue_terracotta","Light Blue Stained Clay"
18,5,14,159,3,"minecraft:light_blue_terracotta","Light Blue Stained Clay"
19,5,1,159,3,"minecraft:light_blue_terracotta","Light Blue Stained Clay"
19,5,14,159,3,"minecraft:light_blue_terracotta","Light Blue Stained Clay"
20,5,1,159,3,"minecraft:light_blue_terracotta","Light Blue Stained Clay"
20,5,13,1,0,"minecraft:stone","Stone"
20,5,14,1,0,"minecraft:stone","Stone"
21,5,1,159,3,"minecraft:light_blue_terracotta","Light Blue Stained Clay"
21,5,13,159,3,"minecraft:light_blue_terracotta","Light Blue Stained Clay"
22,5,1,159,3,"minecraft:light_blue_terracotta","Light Blue Stained Clay"
22,5,13,159,3,"minecraft:light_blue_terracotta","Light Blue Stained Clay"
23,5,1,159,3,"minecraft:light_blue_terracotta","Light Blue Stained Clay"
23,5,13,159,3,"minecraft:light_blue_terracotta","Light Blue Stained Clay"
24,5,1,159,3,"minecraft:light_blue_terracotta","Light Blue Stained Clay"
24,5,13,159,3,"minecraft:light_blue_terracotta","Light Blue Stained Clay"
25,5,1,159,3,"minecraft:light_blue_terracotta","Light Blue Stained Clay"
25,5,13,159,3,"minecraft:light_blue_terracotta","Light Blue Stained Clay"
26,5,1,159,3,"minecraft:light_blue_terracotta","Light Blue Stained Clay"
26,5,13,159,3,"minecraft:light_blue_terracotta","Light Blue Stained Clay"
27,5,1,159,3,"minecraft:light_blue_terracotta","Light Blue Stained Clay"
27,5,13,159,3,"minecraft:light_blue_terracotta","Light Blue Stained Clay"
28,5,1,1,0,"minecraft:stone","Stone"
28,5,2,159,3,"minecraft:light_blue_terracotta","Light Blue Stained Clay"
28,5,3,159,3,"minecraft:light_blue_terracotta","Light Blue Stained Clay"
28,5,4,159,3,"minecraft:light_blue_terracotta","Light Blue Stained Clay"
28,5,5,159,3,"minecraft:light_blue_terracotta","Light Blue Stained Clay"
28,5,6,159,3,"minecraft:light_blue_terracotta","Light Blue Stained Clay"
28,5,7,159,3,"minecraft:light_blue_terracotta","Light Blue Stained Clay"
28,5,8,159,3,"minecraft:light_blue_terracotta","Light Blue Stained Clay"
28,5,9,159,3,"minecraft:light_blue_terracotta","Light Blue Stained Clay"
28,5,10,159,3,"minecraft:light_blue_terracotta","Light Blue Stained Clay"
28,5,11,159,3,"minecraft:light_blue_terracotta","Light Blue Stained Clay"
28,5,12,159,3,"minecraft:light_blue_terracotta","Light Blue Stained Clay"
28,5,13,1,0,"minecraft:stone","Stone"
3,6,2,159,16,"minecraft:terracotta","Hardened Clay"
3,6,3,159,16,"minecraft:terracotta","Hardened Clay"
3,6,4,159,16,"minecraft:terracotta","Hardened Clay"
3,6,6,159,16,"minecraft:terracotta","Hardened Clay"
3,6,7,159,16,"minecraft:terracotta","Hardened Clay"
3,6,8,159,16,"minecraft:terracotta","Hardened Clay"
3,6,10,159,16,"minecraft:terracotta","Hardened Clay"
3,6,11,159,16,"minecraft:terracotta","Hardened Clay"
3,6,12,159,16,"minecraft:terracotta","Hardened Clay"
4,6,1,1,0,"minecraft:stone","Stone"
4,6,2,159,16,"minecraft:terracotta","Hardened Clay"
4,6,3,159,16,"minecraft:terracotta","Hardened Clay"
4,6,4,159,16,"minecraft:terracotta","Hardened Clay"
4,6,5,1,0,"minecraft:stone","Stone"
4,6,6,159,16,"minecraft:terracotta","Hardened Clay"
4,6,7,159,16,"minecraft:terracotta","Hardened Clay"
4,6,8,159,16,"minecraft:terracotta","Hardened Clay"
4,6,9,1,0,"minecraft:stone","Stone"
4,6,10,159,16,"minecraft:terracotta","Hardened Clay"
4,6,11,159,16,"minecraft:terracotta","Hardened Clay"
4,6,12,159,16,"minecraft:terracotta","Hardened Clay"
4,6,13,1,0,"minecraft:stone","Stone"
5,6,1,1,0,"minecraft:stone","Stone"
5,6,2,44,0,"minecraft:stone_slab","Stone Slab"
5,6,3,44,0,"minecraft:stone_slab","Stone Slab"
5,6,4,44,0,"minecraft:stone_slab","Stone Slab"
5,6,5,44,0,"minecraft:stone_slab","Stone Slab"
5,6,6,44,0,"minecraft:stone_slab","Stone Slab"
5,6,7,44,0,"minecraft:stone_slab","Stone Slab"
5,6,8,44,0,"minecraft:stone_slab","Stone Slab"
5,6,9,44,0,"minecraft:stone_slab","Stone Slab"
5,6,10,44,0,"minecraft:stone_slab","Stone Slab"
5,6,11,44,0,"minecraft:stone_slab","Stone Slab"
5,6,12,44,0,"minecraft:stone_slab","Stone Slab"
5,6,13,1,0,"minecraft:stone","Stone"
6,6,1,1,0,"minecraft:stone","Stone"
6,6,2,44,0,"minecraft:stone_slab","Stone Slab"
6,6,3,44,0,"minecraft:stone_slab","Stone Slab"
6,6,4,44,0,"minecraft:stone_slab","Stone Slab"
6,6,5,44,0,"minecraft:stone_slab","Stone Slab"
6,6,6,44,0,"minecraft:stone_slab","Stone Slab"
6,6,7,44,0,"minecraft:stone_slab","Stone Slab"
6,6,8,44,0,"minecraft:stone_slab","Stone Slab"
6,6,9,44,0,"minecraft:stone_slab","Stone Slab"
6,6,10,44,0,"minecraft:stone_slab","Stone Slab"
6,6,11,44,0,"minecraft:stone_slab","Stone Slab"
6,6,12,44,0,"minecraft:stone_slab","Stone Slab"
6,6,13,1,0,"minecraft:stone","Stone"
7,6,1,1,0,"minecraft:stone","Stone"
7,6,2,44,0,"minecraft:stone_slab","Stone Slab"
7,6,3,44,0,"minecraft:stone_slab","Stone Slab"
7,6,4,44,0,"minecraft:stone_slab","Stone Slab"
7,6,5,44,0,"minecraft:stone_slab","Stone Slab"
7,6,6,44,0,"minecraft:stone_slab","Stone Slab"
7,6,7,44,0,"minecraft:stone_slab","Stone Slab"
7,6,8,44,0,"minecraft:stone_slab","Stone Slab"
7,6,9,44,0,"minecraft:stone_slab","Stone Slab"
7,6,10,44,0,"minecraft:stone_slab","Stone Slab"
7,6,11,44,0,"minecraft:stone_slab","Stone Slab"
7,6,12,44,0,"minecraft:stone_slab","Stone Slab"
7,6,13,1,0,"minecraft:stone","Stone"
8,6,1,1,0,"minecraft:stone","Stone"
8,6,2,44,0,"minecraft:stone_slab","Stone Slab"
8,6,3,44,0,"minecraft:stone_slab","Stone Slab"
8,6,4,44,0,"minecraft:stone_slab","Stone Slab"
8,6,5,44,0,"minecraft:stone_slab","Stone Slab"
8,6,6,44,0,"minecraft:stone_slab","Stone Slab"
8,6,7,44,0,"minecraft:stone_slab","Stone Slab"
8,6,8,44,0,"minecraft:stone_slab","Stone Slab"
8,6,9,44,0,"minecraft:stone_slab","Stone Slab"
8,6,10,44,0,"minecraft:stone_slab","Stone Slab"
8,6,11,44,0,"minecraft:stone_slab","Stone Slab"
8,6,12,44,0,"minecraft:stone_slab","Stone Slab"
8,6,13,1,0,"minecraft:stone","Stone"
9,6,1,1,0,"minecraft:stone","Stone"
9,6,2,44,0,"minecraft:stone_slab","Stone Slab"
9,6,3,44,0,"minecraft:stone_slab","Stone Slab"
9,6,4,44,0,"minecraft:stone_slab","Stone Slab"
9,6,5,44,0,"minecraft:stone_slab","Stone Slab"
9,6,6,44,0,"minecraft:stone_slab","Stone Slab"
9,6,7,44,0,"minecraft:stone_slab","Stone Slab"
9,6,8,44,0,"minecraft:stone_slab","Stone Slab"
9,6,9,44,0,"minecraft:stone_slab","Stone Slab"
9,6,10,44,0,"minecraft:stone_slab","Stone Slab"
9,6,11,44,0,"minecraft:stone_slab","Stone Slab"
9,6,12,44,0,"minecraft:stone_slab","Stone Slab"
9,6,13,1,0,"minecraft:stone","Stone"
10,6,1,1,0,"minecraft:stone","Stone"
10,6,2,44,0,"minecraft:stone_slab","Stone Slab"
10,6,3,44,0,"minecraft:stone_slab","Stone Slab"
10,6,4,44,0,"minecraft:stone_slab","Stone Slab"
10,6,5,44,0,"minecraft:stone_slab","Stone Slab"
10,6,6,44,0,"minecraft:stone_slab","Stone Slab"
10,6,7,44,0,"minecraft:stone_slab","Stone Slab"
10,6,8,44,0,"minecraft:stone_slab","Stone Slab"
10,6,9,44,0,"minecraft:stone_slab","Stone Slab"
10,6,10,44,0,"minecraft:stone_slab","Stone Slab"
10,6,11,44,0,"minecraft:stone_slab","Stone Slab"
10,6,12,44,0,"minecraft:stone_slab","Stone Slab"
10,6,13,1,0,"minecraft:stone","Stone"
11,6,1,1,0,"minecraft:stone","Stone"
11,6,2,44,0,"minecraft:stone_slab","Stone Slab"
11,6,3,44,0,"minecraft:stone_slab","Stone Slab"
11,6,4,44,0,"minecraft:stone_slab","Stone Slab"
11,6,5,44,0,"minecraft:stone_slab","Stone Slab"
11,6,6,44,0,"minecraft:stone_slab","Stone Slab"
11,6,7,44,0,"minecraft:stone_slab","Stone Slab"
11,6,8,44,0,"minecraft:stone_slab","Stone Slab"
11,6,9,44,0,"minecraft:stone_slab","Stone Slab"
11,6,10,44,0,"minecraft:stone_slab","Stone Slab"
11,6,11,44,0,"minecraft:stone_slab","Stone Slab"
11,6,12,44,0,"minecraft:stone_slab","Stone Slab"
11,6,13,1,0,"minecraft:stone","Stone"
12,6,1,1,0,"minecraft:stone","Stone"
12,6,2,1,0,"minecraft:stone","Stone"
12,6,3,1,0,"minecraft:stone","Stone"
12,6,4,1,0,"minecraft:stone","Stone"
12,6,5,1,0,"minecraft:stone","Stone"
12,6,6,1,0,"minecraft:stone","Stone"
12,6,7,1,0,"minecraft:stone","Stone"
12,6,8,1,0,"minecraft:stone","Stone"
12,6,9,1,0,"minecraft:stone","Stone"
12,6,10,1,0,"minecraft:stone","Stone"
12,6,11,1,0,"minecraft:stone","Stone"
12,6,12,1,0,"minecraft:stone","Stone"
12,6,13,1,0,"minecraft:stone","Stone"
12,6,14,1,0,"minecraft:stone","Stone"
13,6,1,159,3,"minecraft:light_blue_terracotta","Light Blue Stained Clay"
13,6,14,159,3,"minecraft:light_blue_terracotta","Light Blue Stained Clay"
14,6,1,159,3,"minecraft:light_blue_terracotta","Light Blue Stained Clay"
14,6,14,159,3,"minecraft:light_blue_terracotta","Light Blue Stained Clay"
15,6,1,159,3,"minecraft:light_blue_terracotta","Light Blue Stained Clay"
15,6,14,159,3,"minecraft:light_blue_terracotta","Light Blue Stained Clay"
16,6,1,159,3,"minecraft:light_blue_terracotta","Light Blue Stained Clay"
16,6,14,159,3,"minecraft:light_blue_terracotta","Light Blue Stained Clay"
17,6,1,159,3,"minecraft:light_blue_terracotta","Light Blue Stained Clay"
17,6,14,159,3,"minecraft:light_blue_terracotta","Light Blue Stained Clay"
18,6,1,159,3,"minecraft:light_blue_terracotta","Light Blue Stained Clay"
18,6,14,159,3,"minecraft:light_blue_terracotta","Light Blue Stained Clay"
19,6,1,159,3,"minecraft:light_blue_terracotta","Light Blue Stained Clay"
19,6,14,159,3,"minecraft:light_blue_terracotta","Light Blue Stained Clay"
20,6,1,1,0,"minecraft:stone","Stone"
20,6,2,1,0,"minecraft:stone","Stone"
20,6,3,1,0,"minecraft:stone","Stone"
20,6,4,1,0,"minecraft:stone","Stone"
20,6,5,1,0,"minecraft:stone","Stone"
20,6,6,1,0,"minecraft:stone","Stone"
20,6,7,1,0,"minecraft:stone","Stone"
20,6,8,1,0,"minecraft:stone","Stone"
20,6,9,1,0,"minecraft:stone","Stone"
20,6,10,1,0,"minecraft:stone","Stone"
20,6,11,1,0,"minecraft:stone","Stone"
20,6,12,1,0,"minecraft:stone","Stone"
20,6,13,1,0,"minecraft:stone","Stone"
20,6,14,1,0,"minecraft:stone","Stone"
21,6,1,1,0,"minecraft:stone","Stone"
21,6,2,44,0,"minecraft:stone_slab","Stone Slab"
21,6,3,44,0,"minecraft:stone_slab","Stone Slab"
21,6,4,44,0,"minecraft:stone_slab","Stone Slab"
21,6,5,44,0,"minecraft:stone_slab","Stone Slab"
21,6,6,44,0,"minecraft:stone_slab","Stone Slab"
21,6,7,44,0,"minecraft:stone_slab","Stone Slab"
21,6,8,44,0,"minecraft:stone_slab","Stone Slab"
21,6,9,44,0,"minecraft:stone_slab","Stone Slab"
21,6,10,44,0,"minecraft:stone_slab","Stone Slab"
21,6,11,44,0,"minecraft:stone_slab","Stone Slab"
21,6,12,44,0,"minecraft:stone_slab","Stone Slab"
21,6,13,1,0,"minecraft:stone","Stone"
22,6,1,1,0,"minecraft:stone","Stone"
22,6,2,44,0,"minecraft:stone_slab","Stone Slab"
22,6,3,44,0,"minecraft:stone_slab","Stone Slab"
22,6,4,44,0,"minecraft:stone_slab","Stone Slab"
22,6,5,44,0,"minecraft:stone_slab","Stone Slab"
22,6,6,44,0,"minecraft:stone_slab","Stone Slab"
22,6,7,44,0,"minecraft:stone_slab","Stone Slab"
22,6,8,44,0,"minecraft:stone_slab","Stone Slab"
22,6,9,44,0,"minecraft:stone_slab","Stone Slab"
22,6,10,44,0,"minecraft:stone_slab","Stone Slab"
22,6,11,44,0,"minecraft:stone_slab","Stone Slab"
22,6,12,44,0,"minecraft:stone_slab","Stone Slab"
22,6,13,1,0,"minecraft:stone","Stone"
23,6,1,1,0,"minecraft:stone","Stone"
23,6,2,44,0,"minecraft:stone_slab","Stone Slab"
23,6,3,44,0,"minecraft:stone_slab","Stone Slab"
23,6,4,44,0,"minecraft:stone_slab","Stone Slab"
23,6,5,44,0,"minecraft:stone_slab","Stone Slab"
23,6,6,44,0,"minecraft:stone_slab","Stone Slab"
23,6,7,44,0,"minecraft:stone_slab","Stone Slab"
23,6,8,44,0,"minecraft:stone_slab","Stone Slab"
23,6,9,44,0,"minecraft:stone_slab","Stone Slab"
23,6,10,44,0,"minecraft:stone_slab","Stone Slab"
23,6,11,44,0,"minecraft:stone_slab","Stone Slab"
23,6,12,44,0,"minecraft:stone_slab","Stone Slab"
23,6,13,1,0,"minecraft:stone","Stone"
24,6,1,1,0,"minecraft:stone","Stone"
24,6,2,44,0,"minecraft:stone_slab","Stone Slab"
24,6,3,44,0,"minecraft:stone_slab","Stone Slab"
24,6,4,44,0,"minecraft:stone_slab","Stone Slab"
24,6,5,44,0,"minecraft:stone_slab","Stone Slab"
24,6,6,44,0,"minecraft:stone_slab","Stone Slab"
24,6,7,44,0,"minecraft:stone_slab","Stone Slab"
24,6,8,44,0,"minecraft:stone_slab","Stone Slab"
24,6,9,44,0,"minecraft:stone_slab","Stone Slab"
24,6,10,44,0,"minecraft:stone_slab","Stone Slab"
24,6,11,44,0,"minecraft:stone_slab","Stone Slab"
24,6,12,44,0,"minecraft:stone_slab","Stone Slab"
24,6,13,1,0,"minecraft:stone","Stone"
25,6,1,1,0,"minecraft:stone","Stone"
25,6,2,44,0,"minecraft:stone_slab","Stone Slab"
25,6,3,44,0,"minecraft:stone_slab","Stone Slab"
25,6,4,44,0,"minecraft:stone_slab","Stone Slab"
25,6,5,44,0,"minecraft:stone_slab","Stone Slab"
25,6,6,44,0,"minecraft:stone_slab","Stone Slab"
25,6,7,44,0,"minecraft:stone_slab","Stone Slab"
25,6,8,44,0,"minecraft:stone_slab","Stone Slab"
25,6,9,44,0,"minecraft:stone_slab","Stone Slab"
25,6,10,44,0,"minecraft:stone_slab","Stone Slab"
25,6,11,44,0,"minecraft:stone_slab","Stone Slab"
25,6,12,44,0,"minecraft:stone_slab","Stone Slab"
25,6,13,1,0,"minecraft:stone","Stone"
26,6,1,1,0,"minecraft:stone","Stone"
26,6,2,44,0,"minecraft:stone_slab","Stone Slab"
26,6,3,44,0,"minecraft:stone_slab","Stone Slab"
26,6,4,44,0,"minecraft:stone_slab","Stone Slab"
26,6,5,44,0,"minecraft:stone_slab","Stone Slab"
26,6,6,44,0,"minecraft:stone_slab","Stone Slab"
26,6,7,44,0,"minecraft:stone_slab","Stone Slab"
26,6,8,44,0,"minecraft:stone_slab","Stone Slab"
26,6,9,44,0,"minecraft:stone_slab","Stone Slab"
26,6,10,44,0,"minecraft:stone_slab","Stone Slab"
26,6,11,44,0,"minecraft:stone_slab","Stone Slab"
26,6,12,44,0,"minecraft:stone_slab","Stone Slab"
26,6,13,1,0,"minecraft:stone","Stone"
27,6,1,1,0,"minecraft:stone","Stone"
27,6,2,44,0,"minecraft:stone_slab","Stone Slab"
27,6,3,44,0,"minecraft:stone_slab","Stone Slab"
27,6,4,44,0,"minecraft:stone_slab","Stone Slab"
27,6,5,44,0,"minecraft:stone_slab","Stone Slab"
27,6,6,44,0,"minecraft:stone_slab","Stone Slab"
27,6,7,44,0,"minecraft:stone_slab","Stone Slab"
27,6,8,44,0,"minecraft:stone_slab","Stone Slab"
27,6,9,44,0,"minecraft:stone_slab","Stone Slab"
27,6,10,44,0,"minecraft:stone_slab","Stone Slab"
27,6,11,44,0,"minecraft:stone_slab","Stone Slab"
27,6,12,44,0,"minecraft:stone_slab","Stone Slab"
27,6,13,1,0,"minecraft:stone","Stone"
28,6,1,1,0,"minecraft:stone","Stone"
28,6,2,1,0,"minecraft:stone","Stone"
28,6,3,1,0,"minecraft:stone","Stone"
28,6,4,1,0,"minecraft:stone","Stone"
28,6,5,1,0,"minecraft:stone","Stone"
28,6,6,1,0,"minecraft:stone","Stone"
28,6,7,1,0,"minecraft:stone","Stone"
28,6,8,1,0,"minecraft:stone","Stone"
28,6,9,1,0,"minecraft:stone","Stone"
28,6,10,1,0,"minecraft:stone","Stone"
28,6,11,1,0,"minecraft:stone","Stone"
28,6,12,1,0,"minecraft:stone","Stone"
28,6,13,1,0,"minecraft:stone","Stone"
3,7,2,159,16,"minecraft:terracotta","Hardened Clay"
3,7,3,159,16,"minecraft:terracotta","Hardened Clay"
3,7,4,159,16,"minecraft:terracotta","Hardened Clay"
3,7,6,159,16,"minecraft:terracotta","Hardened Clay"
3,7,7,159,16,"minecraft:terracotta","Hardened Clay"
3,7,8,159,16,"minecraft:terracotta","Hardened Clay"
3,7,10,159,16,"minecraft:terracotta","Hardened Clay"
3,7,11,159,16,"minecraft:terracotta","Hardened Clay"
3,7,12,159,16,"minecraft:terracotta","Hardened Clay"
4,7,2,159,16,"minecraft:terracotta","Hardened Clay"
4,7,3,159,16,"minecraft:terracotta","Hardened Clay"
4,7,4,159,16,"minecraft:terracotta","Hardened Clay"
4,7,6,159,16,"minecraft:terracotta","Hardened Clay"
4,7,7,159,16,"minecraft:terracotta","Hardened Clay"
4,7,8,159,16,"minecraft:terracotta","Hardened Clay"
4,7,10,159,16,"minecraft:terracotta","Hardened Clay"
4,7,11,159,16,"minecraft:terracotta","Hardened Clay"
4,7,12,159,16,"minecraft:terracotta","Hardened Clay"
12,7,1,1,0,"minecraft:stone","Stone"
12,7,2,159,3,"minecraft:light_blue_terracotta","Light Blue Stained Clay"
12,7,3,159,3,"minecraft:light_blue_terracotta","Light Blue Stained Clay"
12,7,4,159,3,"minecraft:light_blue_terracotta","Light Blue Stained Clay"
12,7,5,159,3,"minecraft:light_blue_terracotta","Light Blue Stained Clay"
12,7,6,159,3,"minecraft:light_blue_terracotta","Light Blue Stained Clay"
12,7,7,159,3,"minecraft:light_blue_terracotta","Light Blue Stained Clay"
12,7,8,159,3,"minecraft:light_blue_terracotta","Light Blue Stained Clay"
12,7,9,159,3,"minecraft:light_blue_terracotta","Light Blue Stained Clay"
12,7,10,159,3,"minecraft:light_blue_terracotta","Light Blue Stained Clay"
12,7,11,159,3,"minecraft:light_blue_terracotta","Light Blue Stained Clay"
12,7,12,159,3,"minecraft:light_blue_terracotta","Light Blue Stained Clay"
12,7,13,159,3,"minecraft:light_blue_terracotta","Light Blue Stained Clay"
12,7,14,1,0,"minecraft:stone","Stone"
13,7,1,159,3,"minecraft:light_blue_terracotta","Light Blue Stained Clay"
13,7,14,159,3,"minecraft:light_blue_terracotta","Light Blue Stained Clay"
14,7,1,102,0,"minecraft:glass_pane","Glass Pane"
14,7,14,102,0,"minecraft:glass_pane","Glass Pane"
15,7,1,159,3,"minecraft:light_blue_terracotta","Light Blue Stained Clay"
15,7,14,159,3,"minecraft:light_blue_terracotta","Light Blue Stained Clay"
16,7,1,102,0,"minecraft:glass_pane","Glass Pane"
16,7,14,102,0,"minecraft:glass_pane","Glass Pane"
17,7,1,159,3,"minecraft:light_blue_terracotta","Light Blue Stained Clay"
17,7,14,159,3,"minecraft:light_blue_terracotta","Light Blue Stained Clay"
18,7,1,102,0,"minecraft:glass_pane","Glass Pane"
18,7,14,102,0,"minecraft:glass_pane","Glass Pane"
19,7,1,159,3,"minecraft:light_blue_terracotta","Light Blue Stained Clay"
19,7,14,159,3,"minecraft:light_blue_terracotta","Light Blue Stained Clay"
20,7,1,1,0,"minecraft:stone","Stone"
20,7,2,159,3,"minecraft:light_blue_terracotta","Light Blue Stained Clay"
20,7,3,159,3,"minecraft:light_blue_terracotta","Light Blue Stained Clay"
20,7,4,159,3,"minecraft:light_blue_terracotta","Light Blue Stained Clay"
20,7,5,159,3,"minecraft:light_blue_terracotta","Light Blue Stained Clay"
20,7,6,159,3,"minecraft:light_blue_terracotta","Light Blue Stained Clay"
20,7,7,159,3,"minecraft:light_blue_terracotta","Light Blue Stained Clay"
20,7,8,159,3,"minecraft:light_blue_terracotta","Light Blue Stained Clay"
20,7,9,159,3,"minecraft:light_blue_terracotta","Light Blue Stained Clay"
20,7,10,159,3,"minecraft:light_blue_terracotta","Light Blue Stained Clay"
20,7,11,159,3,"minecraft:light_blue_terracotta","Light Blue Stained Clay"
20,7,12,159,3,"minecraft:light_blue_terracotta","Light Blue Stained Clay"
20,7,13,159,3,"minecraft:light_blue_terracotta","Light Blue Stained Clay"
20,7,14,1,0,"minecraft:stone","Stone"
3,8,2,159,16,"minecraft:terracotta","Hardened Clay"
3,8,3,159,16,"minecraft:terracotta","Hardened Clay"
3,8,4,159,16,"minecraft:terracotta","Hardened Clay"
3,8,6,159,16,"minecraft:terracotta","Hardened Clay"
3,8,7,159,16,"minecraft:terracotta","Hardened Clay"
3,8,8,159,16,"minecraft:terracotta","Hardened Clay"
3,8,10,159,16,"minecraft:terracotta","Hardened Clay"
3,8,11,159,16,"minecraft:terracotta","Hardened Clay"
3,8,12,159,16,"minecraft:terracotta","Hardened Clay"
4,8,2,159,16,"minecraft:terracotta","Hardened Clay"
4,8,3,159,16,"minecraft:terracotta","Hardened Clay"
4,8,4,159,16,"minecraft:terracotta","Hardened Clay"
4,8,6,159,16,"minecraft:terracotta","Hardened Clay"
4,8,7,159,16,"minecraft:terracotta","Hardened Clay"
4,8,8,159,16,"minecraft:terracotta","Hardened Clay"
4,8,10,159,16,"minecraft:terracotta","Hardened Clay"
4,8,11,159,16,"minecraft:terracotta","Hardened Clay"
4,8,12,159,16,"minecraft:terracotta","Hardened Clay"
12,8,1,1,0,"minecraft:stone","Stone"
12,8,2,159,3,"minecraft:light_blue_terracotta","Light Blue Stained Clay"
12,8,3,102,0,"minecraft:glass_pane","Glass Pane"
12,8,4,159,3,"minecraft:light_blue_terracotta","Light Blue Stained Clay"
12,8,5,102,0,"minecraft:glass_pane","Glass Pane"
12,8,6,159,3,"minecraft:light_blue_terracotta","Light Blue Stained Clay"
12,8,7,102,0,"minecraft:glass_pane","Glass Pane"
12,8,8,102,0,"minecraft:glass_pane","Glass Pane"
12,8,9,159,3,"minecraft:light_blue_terracotta","Light Blue Stained Clay"
12,8,10,102,0,"minecraft:glass_pane","Glass Pane"
12,8,11,159,3,"minecraft:light_blue_terracotta","Light Blue Stained Clay"
12,8,12,102,0,"minecraft:glass_pane","Glass Pane"
12,8,13,159,3,"minecraft:light_blue_terracotta","Light Blue Stained Clay"
12,8,14,1,0,"minecraft:stone","Stone"
13,8,1,159,3,"minecraft:light_blue_terracotta","Light Blue Stained Clay"
13,8,6,50,0,"minecraft:torch","Torch (Facing South)"
13,8,9,50,0,"minecraft:torch","Torch (Facing South)"
13,8,14,159,3,"minecraft:light_blue_terracotta","Light Blue Stained Clay"
14,8,1,102,0,"minecraft:glass_pane","Glass Pane"
14,8,14,102,0,"minecraft:glass_pane","Glass Pane"
15,8,1,159,3,"minecraft:light_blue_terracotta","Light Blue Stained Clay"
15,8,14,159,3,"minecraft:light_blue_terracotta","Light Blue Stained Clay"
16,8,1,102,0,"minecraft:glass_pane","Glass Pane"
16,8,14,102,0,"minecraft:glass_pane","Glass Pane"
17,8,1,159,3,"minecraft:light_blue_terracotta","Light Blue Stained Clay"
17,8,14,159,3,"minecraft:light_blue_terracotta","Light Blue Stained Clay"
18,8,1,102,0,"minecraft:glass_pane","Glass Pane"
18,8,14,102,0,"minecraft:glass_pane","Glass Pane"
19,8,1,159,3,"minecraft:light_blue_terracotta","Light Blue Stained Clay"
19,8,14,159,3,"minecraft:light_blue_terracotta","Light Blue Stained Clay"
20,8,1,1,0,"minecraft:stone","Stone"
20,8,2,159,3,"minecraft:light_blue_terracotta","Light Blue Stained Clay"
20,8,3,102,0,"minecraft:glass_pane","Glass Pane"
20,8,4,159,3,"minecraft:light_blue_terracotta","Light Blue Stained Clay"
20,8,5,102,0,"minecraft:glass_pane","Glass Pane"
20,8,6,159,3,"minecraft:light_blue_terracotta","Light Blue Stained Clay"
20,8,7,102,0,"minecraft:glass_pane","Glass Pane"
20,8,8,102,0,"minecraft:glass_pane","Glass Pane"
20,8,9,159,3,"minecraft:light_blue_terracotta","Light Blue Stained Clay"
20,8,10,102,0,"minecraft:glass_pane","Glass Pane"
20,8,11,159,3,"minecraft:light_blue_terracotta","Light Blue Stained Clay"
20,8,12,102,0,"minecraft:glass_pane","Glass Pane"
20,8,13,159,3,"minecraft:light_blue_terracotta","Light Blue Stained Clay"
20,8,14,1,0,"minecraft:stone","Stone"
3,9,2,159,16,"minecraft:terracotta","Hardened Clay"
3,9,3,159,16,"minecraft:terracotta","Hardened Clay"
3,9,4,159,16,"minecraft:terracotta","Hardened Clay"
3,9,6,159,16,"minecraft:terracotta","Hardened Clay"
3,9,7,159,16,"minecraft:terracotta","Hardened Clay"
3,9,8,159,16,"minecraft:terracotta","Hardened Clay"
3,9,10,159,16,"minecraft:terracotta","Hardened Clay"
3,9,11,159,16,"minecraft:terracotta","Hardened Clay"
3,9,12,159,16,"minecraft:terracotta","Hardened Clay"
4,9,2,159,16,"minecraft:terracotta","Hardened Clay"
4,9,3,159,16,"minecraft:terracotta","Hardened Clay"
4,9,4,159,16,"minecraft:terracotta","Hardened Clay"
4,9,6,159,16,"minecraft:terracotta","Hardened Clay"
4,9,7,159,16,"minecraft:terracotta","Hardened Clay"
4,9,8,159,16,"minecraft:terracotta","Hardened Clay"
4,9,10,159,16,"minecraft:terracotta","Hardened Clay"
4,9,11,159,16,"minecraft:terracotta","Hardened Clay"
4,9,12,159,16,"minecraft:terracotta","Hardened Clay"
12,9,1,1,0,"minecraft:stone","Stone"
12,9,2,159,3,"minecraft:light_blue_terracotta","Light Blue Stained Clay"
12,9,3,159,3,"minecraft:light_blue_terracotta","Light Blue Stained Clay"
12,9,4,159,3,"minecraft:light_blue_terracotta","Light Blue Stained Clay"
12,9,5,159,3,"minecraft:light_blue_terracotta","Light Blue Stained Clay"
12,9,6,159,3,"minecraft:light_blue_terracotta","Light Blue Stained Clay"
12,9,7,159,3,"minecraft:light_blue_terracotta","Light Blue Stained Clay"
12,9,8,159,3,"minecraft:light_blue_terracotta","Light Blue Stained Clay"
12,9,9,159,3,"minecraft:light_blue_terracotta","Light Blue Stained Clay"
12,9,10,159,3,"minecraft:light_blue_terracotta","Light Blue Stained Clay"
12,9,11,159,3,"minecraft:light_blue_terracotta","Light Blue Stained Clay"
12,9,12,159,3,"minecraft:light_blue_terracotta","Light Blue Stained Clay"
12,9,13,159,3,"minecraft:light_blue_terracotta","Light Blue Stained Clay"
12,9,14,1,0,"minecraft:stone","Stone"
13,9,1,159,3,"minecraft:light_blue_terracotta","Light Blue Stained Clay"
13,9,14,159,3,"minecraft:light_blue_terracotta","Light Blue Stained Clay"
14,9,1,159,3,"minecraft:light_blue_terracotta","Light Blue Stained Clay"
14,9,14,159,3,"minecraft:light_blue_terracotta","Light Blue Stained Clay"
15,9,1,159,3,"minecraft:light_blue_terracotta","Light Blue Stained Clay"
15,9,14,159,3,"minecraft:light_blue_terracotta","Light Blue Stained Clay"
16,9,1,159,3,"minecraft:light_blue_terracotta","Light Blue Stained Clay"
16,9,14,159,3,"minecraft:light_blue_terracotta","Light Blue Stained Clay"
17,9,1,159,3,"minecraft:light_blue_terracotta","Light Blue Stained Clay"
17,9,14,159,3,"minecraft:light_blue_terracotta","Light Blue Stained Clay"
18,9,1,159,3,"minecraft:light_blue_terracotta","Light Blue Stained Clay"
18,9,14,159,3,"minecraft:light_blue_terracotta","Light Blue Stained Clay"
19,9,1,159,3,"minecraft:light_blue_terracotta","Light Blue Stained Clay"
19,9,14,159,3,"minecraft:light_blue_terracotta","Light Blue Stained Clay"
20,9,1,1,0,"minecraft:stone","Stone"
20,9,2,159,3,"minecraft:light_blue_terracotta","Light Blue Stained Clay"
20,9,3,159,3,"minecraft:light_blue_terracotta","Light Blue Stained Clay"
20,9,4,159,3,"minecraft:light_blue_terracotta","Light Blue Stained Clay"
20,9,5,159,3,"minecraft:light_blue_terracotta","Light Blue Stained Clay"
20,9,6,159,3,"minecraft:light_blue_terracotta","Light Blue Stained Clay"
20,9,7,159,3,"minecraft:light_blue_terracotta","Light Blue Stained Clay"
20,9,8,159,3,"minecraft:light_blue_terracotta","Light Blue Stained Clay"
20,9,9,159,3,"minecraft:light_blue_terracotta","Light Blue Stained Clay"
20,9,10,159,3,"minecraft:light_blue_terracotta","Light Blue Stained Clay"
20,9,11,159,3,"minecraft:light_blue_terracotta","Light Blue Stained Clay"
20,9,12,159,3,"minecraft:light_blue_terracotta","Light Blue Stained Clay"
20,9,13,159,3,"minecraft:light_blue_terracotta","Light Blue Stained Clay"
20,9,14,1,0,"minecraft:stone","Stone"
4,10,3,159,16,"minecraft:terracotta","Hardened Clay"
4,10,7,159,16,"minecraft:terracotta","Hardened Clay"
4,10,11,159,16,"minecraft:terracotta","Hardened Clay"
12,10,1,1,0,"minecraft:stone","Stone"
12,10,2,1,0,"minecraft:stone","Stone"
12,10,3,1,0,"minecraft:stone","Stone"
12,10,4,1,0,"minecraft:stone","Stone"
12,10,5,1,0,"minecraft:stone","Stone"
12,10,6,1,0,"minecraft:stone","Stone"
12,10,7,1,0,"minecraft:stone","Stone"
12,10,8,1,0,"minecraft:stone","Stone"
12,10,9,1,0,"minecraft:stone","Stone"
12,10,10,1,0,"minecraft:stone","Stone"
12,10,11,1,0,"minecraft:stone","Stone"
12,10,12,1,0,"minecraft:stone","Stone"
12,10,13,1,0,"minecraft:stone","Stone"
12,10,14,1,0,"minecraft:stone","Stone"
13,10,1,1,0,"minecraft:stone","Stone"
13,10,2,44,0,"minecraft:stone_slab","Stone Slab"
13,10,3,44,0,"minecraft:stone_slab","Stone Slab"
13,10,4,44,0,"minecraft:stone_slab","Stone Slab"
13,10,5,44,0,"minecraft:stone_slab","Stone Slab"
13,10,6,44,0,"minecraft:stone_slab","Stone Slab"
13,10,7,44,0,"minecraft:stone_slab","Stone Slab"
13,10,8,44,0,"minecraft:stone_slab","Stone Slab"
13,10,9,44,0,"minecraft:stone_slab","Stone Slab"
13,10,10,44,0,"minecraft:stone_slab","Stone Slab"
13,10,11,44,0,"minecraft:stone_slab","Stone Slab"
13,10,12,44,0,"minecraft:stone_slab","Stone Slab"
13,10,13,44,0,"minecraft:stone_slab","Stone Slab"
13,10,14,1,0,"minecraft:stone","Stone"
14,10,1,1,0,"minecraft:stone","Stone"
14,10,2,44,0,"minecraft:stone_slab","Stone Slab"
14,10,3,44,0,"minecraft:stone_slab","Stone Slab"
14,10,4,44,0,"minecraft:stone_slab","Stone Slab"
14,10,5,44,0,"minecraft:stone_slab","Stone Slab"
14,10,6,44,0,"minecraft:stone_slab","Stone Slab"
14,10,7,44,0,"minecraft:stone_slab","Stone Slab"
14,10,8,44,0,"minecraft:stone_slab","Stone Slab"
14,10,9,44,0,"minecraft:stone_slab","Stone Slab"
14,10,10,44,0,"minecraft:stone_slab","Stone Slab"
14,10,11,44,0,"minecraft:stone_slab","Stone Slab"
14,10,12,44,0,"minecraft:stone_slab","Stone Slab"
14,10,13,44,0,"minecraft:stone_slab","Stone Slab"
14,10,14,1,0,"minecraft:stone","Stone"
15,10,1,1,0,"minecraft:stone","Stone"
15,10,2,44,0,"minecraft:stone_slab","Stone Slab"
15,10,3,44,0,"minecraft:stone_slab","Stone Slab"
15,10,4,44,0,"minecraft:stone_slab","Stone Slab"
15,10,5,44,0,"minecraft:stone_slab","Stone Slab"
15,10,6,44,0,"minecraft:stone_slab","Stone Slab"
15,10,7,44,0,"minecraft:stone_slab","Stone Slab"
15,10,8,44,0,"minecraft:stone_slab","Stone Slab"
15,10,9,44,0,"minecraft:stone_slab","Stone Slab"
15,10,10,44,0,"minecraft:stone_slab","Stone Slab"
15,10,11,44,0,"minecraft:stone_slab","Stone Slab"
15,10,12,44,0,"minecraft:stone_slab","Stone Slab"
15,10,13,44,0,"minecraft:stone_slab","Stone Slab"
15,10,14,1,0,"minecraft:stone","Stone"
16,10,1,1,0,"minecraft:stone","Stone"
16,10,2,44,0,"minecraft:stone_slab","Stone Slab"
16,10,3,44,0,"minecraft:stone_slab","Stone Slab"
16,10,4,44,0,"minecraft:stone_slab","Stone Slab"
16,10,5,44,0,"minecraft:stone_slab","Stone Slab"
16,10,6,44,0,"minecraft:stone_slab","Stone Slab"
16,10,7,44,0,"minecraft:stone_slab","Stone Slab"
16,10,8,44,0,"minecraft:stone_slab","Stone Slab"
16,10,9,44,0,"minecraft:stone_slab","Stone Slab"
16,10,10,44,0,"minecraft:stone_slab","Stone Slab"
16,10,11,44,0,"minecraft:stone_slab","Stone Slab"
16,10,12,44,0,"minecraft:stone_slab","Stone Slab"
16,10,13,44,0,"minecraft:stone_slab","Stone Slab"
16,10,14,1,0,"minecraft:stone","Stone"
17,10,1,1,0,"minecraft:stone","Stone"
17,10,2,44,0,"minecraft:stone_slab","Stone Slab"
17,10,3,44,0,"minecraft:stone_slab","Stone Slab"
17,10,4,44,0,"minecraft:stone_slab","Stone Slab"
17,10,5,44,0,"minecraft:stone_slab","Stone Slab"
17,10,6,44,0,"minecraft:stone_slab","Stone Slab"
17,10,7,44,0,"minecraft:stone_slab","Stone Slab"
17,10,8,44,0,"minecraft:stone_slab","Stone Slab"
17,10,9,44,0,"minecraft:stone_slab","Stone Slab"
17,10,10,44,0,"minecraft:stone_slab","Stone Slab"
17,10,11,44,0,"minecraft:stone_slab","Stone Slab"
17,10,12,44,0,"minecraft:stone_slab","Stone Slab"
17,10,13,44,0,"minecraft:stone_slab","Stone Slab"
17,10,14,1,0,"minecraft:stone","Stone"
18,10,1,1,0,"minecraft:stone","Stone"
18,10,2,44,0,"minecraft:stone_slab","Stone Slab"
18,10,3,44,0,"minecraft:stone_slab","Stone Slab"
18,10,4,44,0,"minecraft:stone_slab","Stone Slab"
18,10,5,44,0,"minecraft:stone_slab","Stone Slab"
18,10,6,44,0,"minecraft:stone_slab","Stone Slab"
18,10,7,44,0,"minecraft:stone_slab","Stone Slab"
18,10,8,44,0,"minecraft:stone_slab","Stone Slab"
18,10,9,44,0,"minecraft:stone_slab","Stone Slab"
18,10,10,44,0,"minecraft:stone_slab","Stone Slab"
18,10,11,44,0,"minecraft:stone_slab","Stone Slab"
18,10,12,44,0,"minecraft:stone_slab","Stone Slab"
18,10,13,44,0,"minecraft:stone_slab","Stone Slab"
18,10,14,1,0,"minecraft:stone","Stone"
19,10,1,1,0,"minecraft:stone","Stone"
19,10,2,44,0,"minecraft:stone_slab","Stone Slab"
19,10,3,44,0,"minecraft:stone_slab","Stone Slab"
19,10,4,44,0,"minecraft:stone_slab","Stone Slab"
19,10,5,44,0,"minecraft:stone_slab","Stone Slab"
19,10,6,44,0,"minecraft:stone_slab","Stone Slab"
19,10,7,44,0,"minecraft:stone_slab","Stone Slab"
19,10,8,44,0,"minecraft:stone_slab","Stone Slab"
19,10,9,44,0,"minecraft:stone_slab","Stone Slab"
19,10,10,44,0,"minecraft:stone_slab","Stone Slab"
19,10,11,44,0,"minecraft:stone_slab","Stone Slab"
19,10,12,44,0,"minecraft:stone_slab","Stone Slab"
19,10,13,44,0,"minecraft:stone_slab","Stone Slab"
19,10,14,1,0,"minecraft:stone","Stone"
20,10,1,1,0,"minecraft:stone","Stone"
20,10,2,1,0,"minecraft:stone","Stone"
20,10,3,1,0,"minecraft:stone","Stone"
20,10,4,1,0,"minecraft:stone","Stone"
20,10,5,1,0,"minecraft:stone","Stone"
20,10,6,1,0,"minecraft:stone","Stone"
20,10,7,1,0,"minecraft:stone","Stone"
20,10,8,1,0,"minecraft:stone","Stone"
20,10,9,1,0,"minecraft:stone","Stone"
20,10,10,1,0,"minecraft:stone","Stone"
20,10,11,1,0,"minecraft:stone","Stone"
20,10,12,1,0,"minecraft:stone","Stone"
20,10,13,1,0,"minecraft:stone","Stone"
20,10,14,1,0,"minecraft:stone","Stone"
4,11,3,159,16,"minecraft:terracotta","Hardened Clay"
4,11,7,159,16,"minecraft:terracotta","Hardened Clay"
4,11,11,159,16,"minecraft:terracotta","Hardened Clay"
4,12,3,159,16,"minecraft:terracotta","Hardened Clay"
4,12,7,159,16,"minecraft:terracotta","Hardened Clay"
4,12,11,159,16,"minecraft:terracotta","Hardened Clay"
4,13,3,159,16,"minecraft:terracotta","Hardened Clay"
4,13,7,159,16,"minecraft:terracotta","Hardened Clay"
4,13,11,159,16,"minecraft:terracotta","Hardened Clay"
4,14,3,159,16,"minecraft:terracotta","Hardened Clay"
4,14,7,159,16,"minecraft:terracotta","Hardened Clay"
4,14,11,159,16,"minecraft:terracotta","Hardened Clay"
4,15,3,159,16,"minecraft:terracotta","Hardened Clay"
4,15,7,159,16,"minecraft:terracotta","Hardened Clay"
4,15,11,159,16,"minecraft:terracotta","Hardened Clay"
4,16,3,159,16,"minecraft:terracotta","Hardened Clay"
4,16,7,159,16,"minecraft:terracotta","Hardened Clay"
4,16,11,159,16,"minecraft:terracotta","Hardened Clay"
4,17,3,159,16,"minecraft:terracotta","Hardened Clay"
4,17,7,159,16,"minecraft:terracotta","Hardened Clay"
4,17,11,159,16,"minecraft:terracotta","Hardened Clay"
4,18,3,159,16,"minecraft:terracotta","Hardened Clay"
4,18,7,159,16,"minecraft:terracotta","Hardened Clay"
4,18,11,159,16,"minecraft:terracotta","Hardened Clay"
4,19,7,35,7,"minecraft:gray_wool","Gray Wool"
4,19,11,35,7,"minecraft:gray_wool","Gray Wool"
