0,1,0,13,0,"minecraft:gravel","Gravel"
0,1,1,13,0,"minecraft:gravel","Gravel"
0,1,2,2,0,"minecraft:grass_block","Grass"
0,1,3,13,0,"minecraft:gravel","Gravel"
0,1,4,4,0,"minecraft:cobblestone","Cobblestone"
0,1,5,13,0,"minecraft:gravel","Gravel"
0,1,6,13,0,"minecraft:gravel","Gravel"
0,1,7,2,0,"minecraft:grass_block","Grass"
0,1,8,2,0,"minecraft:grass_block","Grass"
0,1,9,2,0,"minecraft:grass_block","Grass"
0,1,10,2,0,"minecraft:grass_block","Grass"
0,1,11,13,0,"minecraft:gravel","Gravel"
0,1,12,2,0,"minecraft:grass_block","Grass"
0,1,13,13,0,"minecraft:gravel","Gravel"
0,1,14,13,0,"minecraft:gravel","Gravel"
0,1,15,2,0,"minecraft:grass_block","Grass"
0,1,16,2,0,"minecraft:grass_block","Grass"
0,1,17,2,0,"minecraft:grass_block","Grass"
0,1,18,13,0,"minecraft:gravel","Gravel"
0,1,19,2,0,"minecraft:grass_block","Grass"
0,1,20,2,0,"minecraft:grass_block","Grass"
0,1,21,4,0,"minecraft:cobblestone","Cobblestone"
0,1,22,3,0,"minecraft:dirt","Dirt"
0,1,23,13,0,"minecraft:gravel","Gravel"
0,1,24,2,0,"minecraft:grass_block","Grass"
1,1,0,4,0,"minecraft:cobblestone","Cobblestone"
1,1,1,2,0,"minecraft:grass_block","Grass"
1,1,2,2,0,"minecraft:grass_block","Grass"
1,1,3,2,0,"minecraft:grass_block","Grass"
1,1,4,2,0,"minecraft:grass_block","Grass"
1,1,5,2,0,"minecraft:grass_block","Grass"
1,1,6,2,0,"minecraft:grass_block","Grass"
1,1,7,2,0,"minecraft:grass_block","Grass"
1,1,8,4,0,"minecraft:cobblestone","Cobblestone"
1,1,9,2,0,"minecraft:grass_block","Grass"
1,1,10,2,0,"minecraft:grass_block","Grass"
1,1,11,13,0,"minecraft:gravel","Gravel"
1,1,12,2,0,"minecraft:grass_block","Grass"
1,1,13,13,0,"minecraft:gravel","Gravel"
1,1,14,13,0,"minecraft:gravel","Gravel"
1,1,15,13,0,"minecraft:gravel","Gravel"
1,1,16,2,0,"minecraft:grass_block","Grass"
1,1,17,2,0,"minecraft:grass_block","Grass"
1,1,18,2,0,"minecraft:grass_block","Grass"
1,1,19,2,0,"minecraft:grass_block","Grass"
1,1,20,2,0,"minecraft:grass_block","Grass"
1,1,21,13,0,"minecraft:gravel","Gravel"
1,1,22,13,0,"minecraft:gravel","Gravel"
1,1,23,3,0,"minecraft:dirt","Dirt"
1,1,24,4,0,"minecraft:cobblestone","Cobblestone"
2,1,0,13,0,"minecraft:gravel","Gravel"
2,1,1,13,0,"minecraft:gravel","Gravel"
2,1,2,3,0,"minecraft:dirt","Dirt"
2,1,3,13,0,"minecraft:gravel","Gravel"
2,1,4,13,0,"minecraft:gravel","Gravel"
2,1,5,2,0,"minecraft:grass_block","Grass"
2,1,6,2,0,"minecraft:grass_block","Grass"
2,1,7,2,0,"minecraft:grass_block","Grass"
2,1,8,2,0,"minecraft:grass_block","Grass"
2,1,9,2,0,"minecraft:grass_block","Grass"
2,1,10,2,0,"minecraft:grass_block","Grass"
2,1,11,2,0,"minecraft:grass_block","Grass"
2,1,12,2,0,"minecraft:grass_block","Grass"
2,1,13,2,0,"minecraft:grass_block","Grass"
2,1,14,13,0,"minecraft:gravel","Gravel"
2,1,15,13,0,"minecraft:gravel","Gravel"
2,1,16,13,0,"minecraft:gravel","Gravel"
2,1,17,2,0,"minecraft:grass_block","Grass"
2,1,18,2,0,"minecraft:grass_block","Grass"
2,1,19,2,0,"minecraft:grass_block","Grass"
2,1,20,13,0,"minecraft:gravel","Gravel"
2,1,21,3,0,"minecraft:dirt","Dirt"
2,1,22,13,0,"minecraft:gravel","Gravel"
2,1,23,13,0,"minecraft:gravel","Gravel"
2,1,24,2,0,"minecraft:grass_block","Grass"
3,1,0,2,0,"minecraft:grass_block","Grass"
3,1,1,4,0,"minecraft:cobblestone","Cobblestone"
3,1,2,4,0,"minecraft:cobblestone","Cobblestone"
3,1,3,3,0,"minecraft:dirt","Dirt"
3,1,4,2,0,"minecraft:grass_block","Grass"
3,1,5,2,0,"minecraft:grass_block","Grass"
3,1,6,2,0,"minecraft:grass_block","Grass"
3,1,7,13,0,"minecraft:gravel","Gravel"
3,1,8,2,0,"minecraft:grass_block","Grass"
3,1,9,2,0,"minecraft:grass_block","Grass"
3,1,10,2,0,"minecraft:grass_block","Grass"
3,1,11,13,0,"minecraft:gravel","Gravel"
3,1,12,2,0,"minecraft:grass_block","Grass"
3,1,13,4,0,"minecraft:cobblestone","Cobblestone"
3,1,14,2,0,"minecraft:grass_block","Grass"
3,1,15,2,0,"minecraft:grass_block","Grass"
3,1,16,2,0,"minecraft:grass_block","Grass"
3,1,17,1,0,"minecraft:stone","Stone"
3,1,18,2,0,"minecraft:grass_block","Grass"
3,1,19,2,0,"minecraft:grass_block","Grass"
3,1,20,2,0,"minecraft:grass_block","Grass"
3,1,21,13,0,"minecraft:gravel","Gravel"
3,1,22,13,0,"minecraft:gravel","Gravel"
3,1,23,3,0,"minecraft:dirt","Dirt"
3,1,24,2,0,"minecraft:grass_block","Grass"
4,1,0,3,0,"minecraft:dirt","Dirt"
4,1,1,4,0,"minecraft:cobblestone","Cobblestone"
4,1,2,4,0,"minecraft:cobblestone","Cobblestone"
4,1,3,13,0,"minecraft:gravel","Gravel"
4,1,4,2,0,"minecraft:grass_block","Grass"
4,1,5,13,0,"minecraft:gravel","Gravel"
4,1,6,2,0,"minecraft:grass_block","Grass"
4,1,7,2,0,"minecraft:grass_block","Grass"
4,1,8,13,0,"minecraft:gravel","Gravel"
4,1,9,3,0,"minecraft:dirt","Dirt"
4,1,10,2,0,"minecraft:grass_block","Grass"
4,1,11,2,0,"minecraft:grass_block","Grass"
4,1,12,13,0,"minecraft:gravel","Gravel"
4,1,13,3,0,"minecraft:dirt","Dirt"
4,1,14,2,0,"minecraft:grass_block","Grass"
4,1,15,2,0,"minecraft:grass_block","Grass"
4,1,16,2,0,"minecraft:grass_block","Grass"
4,1,17,13,0,"minecraft:gravel","Gravel"
4,1,18,2,0,"minecraft:grass_block","Grass"
4,1,19,2,0,"minecraft:grass_block","Grass"
4,1,20,13,0,"minecraft:gravel","Gravel"
4,1,21,3,0,"minecraft:dirt","Dirt"
4,1,22,3,0,"minecraft:dirt","Dirt"
4,1,23,3,0,"minecraft:dirt","Dirt"
4,1,24,2,0,"minecraft:grass_block","Grass"
5,1,0,4,0,"minecraft:cobblestone","Cobblestone"
5,1,1,3,0,"minecraft:dirt","Dirt"
5,1,2,13,0,"minecraft:gravel","Gravel"
5,1,3,3,0,"minecraft:dirt","Dirt"
5,1,4,2,0,"minecraft:grass_block","Grass"
5,1,5,2,0,"minecraft:grass_block","Grass"
5,1,6,3,0,"minecraft:dirt","Dirt"
5,1,7,3,0,"minecraft:dirt","Dirt"
5,1,8,13,0,"minecraft:gravel","Gravel"
5,1,9,3,0,"minecraft:dirt","Dirt"
5,1,10,3,0,"minecraft:dirt","Dirt"
5,1,11,3,0,"minecraft:dirt","Dirt"
5,1,12,3,0,"minecraft:dirt","Dirt"
5,1,13,3,0,"minecraft:dirt","Dirt"
5,1,14,3,0,"minecraft:dirt","Dirt"
5,1,15,3,0,"minecraft:dirt","Dirt"
5,1,16,3,0,"minecraft:dirt","Dirt"
5,1,17,2,0,"minecraft:grass_block","Grass"
5,1,18,2,0,"minecraft:grass_block","Grass"
5,1,19,13,0,"minecraft:gravel","Gravel"
5,1,20,2,0,"minecraft:grass_block","Grass"
5,1,21,13,0,"minecraft:gravel","Gravel"
5,1,22,13,0,"minecraft:gravel","Gravel"
5,1,23,3,0,"minecraft:dirt","Dirt"
5,1,24,2,0,"minecraft:grass_block","Grass"
6,1,0,2,0,"minecraft:grass_block","Grass"
6,1,1,2,0,"minecraft:grass_block","Grass"
6,1,2,3,0,"minecraft:dirt","Dirt"
6,1,3,1,0,"minecraft:stone","Stone"
6,1,4,1,0,"minecraft:stone","Stone"
6,1,5,2,0,"minecraft:grass_block","Grass"
6,1,6,3,0,"minecraft:dirt","Dirt"
6,1,7,3,0,"minecraft:dirt","Dirt"
6,1,8,3,0,"minecraft:dirt","Dirt"
6,1,9,3,0,"minecraft:dirt","Dirt"
6,1,10,3,0,"minecraft:dirt","Dirt"
6,1,11,3,0,"minecraft:dirt","Dirt"
6,1,12,3,0,"minecraft:dirt","Dirt"
6,1,13,3,0,"minecraft:dirt","Dirt"
6,1,14,13,0,"minecraft:gravel","Gravel"
6,1,15,3,0,"minecraft:dirt","Dirt"
6,1,16,3,0,"minecraft:dirt","Dirt"
6,1,17,2,0,"minecraft:grass_block","Grass"
6,1,18,13,0,"minecraft:gravel","Gravel"
6,1,19,1,0,"minecraft:stone","Stone"
6,1,20,13,0,"minecraft:gravel","Gravel"
6,1,21,13,0,"minecraft:gravel","Gravel"
6,1,22,3,0,"minecraft:dirt","Dirt"
6,1,23,13,0,"minecraft:gravel","Gravel"
6,1,24,2,0,"minecraft:grass_block","Grass"
7,1,0,2,0,"minecraft:grass_block","Grass"
7,1,1,2,0,"minecraft:grass_block","Grass"
7,1,2,2,0,"minecraft:grass_block","Grass"
7,1,3,2,0,"minecraft:grass_block","Grass"
7,1,4,2,0,"minecraft:grass_block","Grass"
7,1,5,2,0,"minecraft:grass_block","Grass"
7,1,6,3,0,"minecraft:dirt","Dirt"
7,1,7,3,0,"minecraft:dirt","Dirt"
7,1,8,3,0,"minecraft:dirt","Dirt"
7,1,9,3,0,"minecraft:dirt","Dirt"
7,1,10,3,0,"minecraft:dirt","Dirt"
7,1,11,3,0,"minecraft:dirt","Dirt"
7,1,12,13,0,"minecraft:gravel","Gravel"
7,1,13,13,0,"minecraft:gravel","Gravel"
7,1,14,13,0,"minecraft:gravel","Gravel"
7,1,15,3,0,"minecraft:dirt","Dirt"
7,1,16,3,0,"minecraft:dirt","Dirt"
7,1,17,13,0,"minecraft:gravel","Gravel"
7,1,18,13,0,"minecraft:gravel","Gravel"
7,1,19,2,0,"minecraft:grass_block","Grass"
7,1,20,4,0,"minecraft:cobblestone","Cobblestone"
7,1,21,4,0,"minecraft:cobblestone","Cobblestone"
7,1,22,3,0,"minecraft:dirt","Dirt"
7,1,23,13,0,"minecraft:gravel","Gravel"
7,1,24,13,0,"minecraft:gravel","Gravel"
8,1,0,2,0,"minecraft:grass_block","Grass"
8,1,1,2,0,"minecraft:grass_block","Grass"
8,1,2,2,0,"minecraft:grass_block","Grass"
8,1,3,2,0,"minecraft:grass_block","Grass"
8,1,4,1,0,"minecraft:stone","Stone"
8,1,5,3,0,"minecraft:dirt","Dirt"
8,1,6,3,0,"minecraft:dirt","Dirt"
8,1,7,3,0,"minecraft:dirt","Dirt"
8,1,8,3,0,"minecraft:dirt","Dirt"
8,1,9,3,0,"minecraft:dirt","Dirt"
8,1,10,3,0,"minecraft:dirt","Dirt"
8,1,11,13,0,"minecraft:gravel","Gravel"
8,1,12,3,0,"minecraft:dirt","Dirt"
8,1,13,13,0,"minecraft:gravel","Gravel"
8,1,14,3,0,"minecraft:dirt","Dirt"
8,1,15,13,0,"minecraft:gravel","Gravel"
8,1,16,3,0,"minecraft:dirt","Dirt"
8,1,17,3,0,"minecraft:dirt","Dirt"
8,1,18,3,0,"minecraft:dirt","Dirt"
8,1,19,13,0,"minecraft:gravel","Gravel"
8,1,20,2,0,"minecraft:grass_block","Grass"
8,1,21,2,0,"minecraft:grass_block","Grass"
8,1,22,13,0,"minecraft:gravel","Gravel"
8,1,23,13,0,"minecraft:gravel","Gravel"
8,1,24,2,0,"minecraft:grass_block","Grass"
9,1,0,2,0,"minecraft:grass_block","Grass"
9,1,1,2,0,"minecraft:grass_block","Grass"
9,1,2,13,0,"minecraft:gravel","Gravel"
9,1,3,2,0,"minecraft:grass_block","Grass"
9,1,4,1,0,"minecraft:stone","Stone"
9,1,5,3,0,"minecraft:dirt","Dirt"
9,1,6,13,0,"minecraft:gravel","Gravel"
9,1,7,3,0,"minecraft:dirt","Dirt"
9,1,8,3,0,"minecraft:dirt","Dirt"
9,1,9,13,0,"minecraft:gravel","Gravel"
9,1,10,3,0,"minecraft:dirt","Dirt"
9,1,11,3,0,"minecraft:dirt","Dirt"
9,1,12,3,0,"minecraft:dirt","Dirt"
9,1,13,1,0,"minecraft:stone","Stone"
9,1,14,3,0,"minecraft:dirt","Dirt"
9,1,15,3,0,"minecraft:dirt","Dirt"
9,1,16,3,0,"minecraft:dirt","Dirt"
9,1,17,13,0,"minecraft:gravel","Gravel"
9,1,18,13,0,"minecraft:gravel","Gravel"
9,1,19,2,0,"minecraft:grass_block","Grass"
9,1,20,4,0,"minecraft:cobblestone","Cobblestone"
9,1,21,2,0,"minecraft:grass_block","Grass"
9,1,22,2,0,"minecraft:grass_block","Grass"
9,1,23,2,0,"minecraft:grass_block","Grass"
9,1,24,2,0,"minecraft:grass_block","Grass"
10,1,0,4,0,"minecraft:cobblestone","Cobblestone"
10,1,1,2,0,"minecraft:grass_block","Grass"
10,1,2,2,0,"minecraft:grass_block","Grass"
10,1,3,2,0,"minecraft:grass_block","Grass"
10,1,4,13,0,"minecraft:gravel","Gravel"
10,1,5,2,0,"minecraft:grass_block","Grass"
10,1,6,3,0,"minecraft:dirt","Dirt"
10,1,7,3,0,"minecraft:dirt","Dirt"
10,1,8,3,0,"minecraft:dirt","Dirt"
10,1,9,3,0,"minecraft:dirt","Dirt"
10,1,10,3,0,"minecraft:dirt","Dirt"
10,1,11,1,0,"minecraft:stone","Stone"
10,1,12,3,0,"minecraft:dirt","Dirt"
10,1,13,3,0,"minecraft:dirt","Dirt"
10,1,14,3,0,"minecraft:dirt","Dirt"
10,1,15,3,0,"minecraft:dirt","Dirt"
10,1,16,3,0,"minecraft:dirt","Dirt"
10,1,17,2,0,"minecraft:grass_block","Grass"
10,1,18,13,0,"minecraft:gravel","Gravel"
10,1,19,13,0,"minecraft:gravel","Gravel"
10,1,20,4,0,"minecraft:cobblestone","Cobblestone"
10,1,21,13,0,"minecraft:gravel","Gravel"
10,1,22,2,0,"minecraft:grass_block","Grass"
10,1,23,13,0,"minecraft:gravel","Gravel"
10,1,24,13,0,"minecraft:gravel","Gravel"
11,1,0,2,0,"minecraft:grass_block","Grass"
11,1,1,2,0,"minecraft:grass_block","Grass"
11,1,2,2,0,"minecraft:grass_block","Grass"
11,1,3,2,0,"minecraft:grass_block","Grass"
11,1,4,13,0,"minecraft:gravel","Gravel"
11,1,5,13,0,"minecraft:gravel","Gravel"
11,1,6,3,0,"minecraft:dirt","Dirt"
11,1,7,3,0,"minecraft:dirt","Dirt"
11,1,8,3,0,"minecraft:dirt","Dirt"
11,1,9,3,0,"minecraft:dirt","Dirt"
11,1,10,3,0,"minecraft:dirt","Dirt"
11,1,11,3,0,"minecraft:dirt","Dirt"
11,1,12,3,0,"minecraft:dirt","Dirt"
11,1,13,3,0,"minecraft:dirt","Dirt"
11,1,14,3,0,"minecraft:dirt","Dirt"
11,1,15,13,0,"minecraft:gravel","Gravel"
11,1,16,3,0,"minecraft:dirt","Dirt"
11,1,17,2,0,"minecraft:grass_block","Grass"
11,1,18,13,0,"minecraft:gravel","Gravel"
11,1,19,13,0,"minecraft:gravel","Gravel"
11,1,20,2,0,"minecraft:grass_block","Grass"
11,1,21,4,0,"minecraft:cobblestone","Cobblestone"
11,1,22,2,0,"minecraft:grass_block","Grass"
11,1,23,13,0,"minecraft:gravel","Gravel"
11,1,24,2,0,"minecraft:grass_block","Grass"
12,1,0,13,0,"minecraft:gravel","Gravel"
12,1,1,2,0,"minecraft:grass_block","Grass"
12,1,2,2,0,"minecraft:grass_block","Grass"
12,1,3,1,0,"minecraft:stone","Stone"
12,1,4,2,0,"minecraft:grass_block","Grass"
12,1,5,3,0,"minecraft:dirt","Dirt"
12,1,6,2,0,"minecraft:grass_block","Grass"
12,1,7,13,0,"minecraft:gravel","Gravel"
12,1,8,2,0,"minecraft:grass_block","Grass"
12,1,9,3,0,"minecraft:dirt","Dirt"
12,1,10,2,0,"minecraft:grass_block","Grass"
12,1,11,2,0,"minecraft:grass_block","Grass"
12,1,12,2,0,"minecraft:grass_block","Grass"
12,1,13,3,0,"minecraft:dirt","Dirt"
12,1,14,2,0,"minecraft:grass_block","Grass"
12,1,15,2,0,"minecraft:grass_block","Grass"
12,1,16,13,0,"minecraft:gravel","Gravel"
12,1,17,3,0,"minecraft:dirt","Dirt"
12,1,18,2,0,"minecraft:grass_block","Grass"
12,1,19,13,0,"minecraft:gravel","Gravel"
12,1,20,13,0,"minecraft:gravel","Gravel"
12,1,21,13,0,"minecraft:gravel","Gravel"
12,1,22,13,0,"minecraft:gravel","Gravel"
12,1,23,2,0,"minecraft:grass_block","Grass"
12,1,24,13,0,"minecraft:gravel","Gravel"
13,1,0,13,0,"minecraft:gravel","Gravel"
13,1,1,2,0,"minecraft:grass_block","Grass"
13,1,2,2,0,"minecraft:grass_block","Grass"
13,1,3,2,0,"minecraft:grass_block","Grass"
13,1,4,2,0,"minecraft:grass_block","Grass"
13,1,5,2,0,"minecraft:grass_block","Grass"
13,1,6,2,0,"minecraft:grass_block","Grass"
13,1,7,2,0,"minecraft:grass_block","Grass"
13,1,8,13,0,"minecraft:gravel","Gravel"
13,1,9,2,0,"minecraft:grass_block","Grass"
13,1,10,2,0,"minecraft:grass_block","Grass"
13,1,11,13,0,"minecraft:gravel","Gravel"
13,1,12,13,0,"minecraft:gravel","Gravel"
13,1,13,13,0,"minecraft:gravel","Gravel"
13,1,14,2,0,"minecraft:grass_block","Grass"
13,1,15,2,0,"minecraft:grass_block","Grass"
13,1,16,2,0,"minecraft:grass_block","Grass"
13,1,17,13,0,"minecraft:gravel","Gravel"
13,1,18,2,0,"minecraft:grass_block","Grass"
13,1,19,2,0,"minecraft:grass_block","Grass"
13,1,20,2,0,"minecraft:grass_block","Grass"
13,1,21,4,0,"minecraft:cobblestone","Cobblestone"
13,1,22,2,0,"minecraft:grass_block","Grass"
13,1,23,2,0,"minecraft:grass_block","Grass"
13,1,24,13,0,"minecraft:gravel","Gravel"
14,1,0,2,0,"minecraft:grass_block","Grass"
14,1,1,2,0,"minecraft:grass_block","Grass"
14,1,2,13,0,"minecraft:gravel","Gravel"
14,1,3,2,0,"minecraft:grass_block","Grass"
14,1,4,2,0,"minecraft:grass_block","Grass"
14,1,5,13,0,"minecraft:gravel","Gravel"
14,1,6,2,0,"minecraft:grass_block","Grass"
14,1,7,13,0,"minecraft:gravel","Gravel"
14,1,8,2,0,"minecraft:grass_block","Grass"
14,1,9,13,0,"minecraft:gravel","Gravel"
14,1,10,2,0,"minecraft:grass_block","Grass"
14,1,11,2,0,"minecraft:grass_block","Grass"
14,1,12,2,0,"minecraft:grass_block","Grass"
14,1,13,2,0,"minecraft:grass_block","Grass"
14,1,14,2,0,"minecraft:grass_block","Grass"
14,1,15,13,0,"minecraft:gravel","Gravel"
14,1,16,13,0,"minecraft:gravel","Gravel"
14,1,17,2,0,"minecraft:grass_block","Grass"
14,1,18,2,0,"minecraft:grass_block","Grass"
14,1,19,2,0,"minecraft:grass_block","Grass"
14,1,20,13,0,"minecraft:gravel","Gravel"
14,1,21,13,0,"minecraft:gravel","Gravel"
14,1,22,13,0,"minecraft:gravel","Gravel"
14,1,23,2,0,"minecraft:grass_block","Grass"
14,1,24,2,0,"minecraft:grass_block","Grass"
0,2,22,17,1,"minecraft:spruce_wood","Spruce wood (facing east/west) "
1,2,21,17,1,"minecraft:spruce_wood","Spruce wood (facing east/west) "
1,2,22,17,1,"minecraft:spruce_wood","Spruce wood (facing east/west) "
1,2,23,17,1,"minecraft:spruce_wood","Spruce wood (facing east/west) "
2,2,2,17,1,"minecraft:spruce_wood","Spruce wood (facing east/west) "
2,2,20,66,0,"minecraft:rail","Rail (sloped, ascending to north)"
2,2,21,17,1,"minecraft:spruce_wood","Spruce wood (facing east/west) "
2,2,22,17,1,"minecraft:spruce_wood","Spruce wood (facing east/west) "
2,2,23,17,1,"minecraft:spruce_wood","Spruce wood (facing east/west) "
2,2,24,66,0,"minecraft:rail","Rail (sloped, ascending to south)"
3,2,1,17,1,"minecraft:spruce_wood","Spruce Wood (facing north/south)"
3,2,2,17,1,"minecraft:spruce_wood","Spruce Wood (facing north/south)"
3,2,3,17,1,"minecraft:spruce_wood","Spruce Wood"
3,2,21,17,1,"minecraft:spruce_wood","Spruce wood (facing east/west) "
3,2,22,17,1,"minecraft:spruce_wood","Spruce wood (facing east/west) "
3,2,23,17,1,"minecraft:spruce_wood","Spruce wood (facing east/west) "
4,2,0,17,1,"minecraft:spruce_wood","Spruce wood (facing east/west) "
4,2,1,17,1,"minecraft:spruce_wood","Spruce Wood (facing north/south)"
4,2,2,17,1,"minecraft:spruce_wood","Spruce Wood (facing north/south)"
4,2,3,17,1,"minecraft:spruce_wood","Spruce Wood"
4,2,5,17,1,"minecraft:spruce_wood","Spruce Wood"
4,2,6,126,1,"minecraft:spruce_slab"," Spruce Wood Slab (Bottom)"
4,2,7,126,1,"minecraft:spruce_slab"," Spruce Wood Slab (Bottom)"
4,2,8,126,1,"minecraft:spruce_slab"," Spruce Wood Slab (Bottom)"
4,2,9,17,1,"minecraft:spruce_wood","Spruce Wood"
4,2,10,126,1,"minecraft:spruce_slab"," Spruce Wood Slab (Bottom)"
4,2,11,126,1,"minecraft:spruce_slab"," Spruce Wood Slab (Bottom)"
4,2,12,126,1,"minecraft:spruce_slab"," Spruce Wood Slab (Bottom)"
4,2,13,17,1,"minecraft:spruce_wood","Spruce Wood"
4,2,14,126,1,"minecraft:spruce_slab"," Spruce Wood Slab (Bottom)"
4,2,15,126,1,"minecraft:spruce_slab"," Spruce Wood Slab (Bottom)"
4,2,16,126,1,"minecraft:spruce_slab"," Spruce Wood Slab (Bottom)"
4,2,17,17,1,"minecraft:spruce_wood","Spruce Wood"
4,2,21,17,1,"minecraft:spruce_wood","Spruce wood (facing east/west) "
4,2,22,17,1,"minecraft:spruce_wood","Spruce wood (facing east/west) "
4,2,23,17,1,"minecraft:spruce_wood","Spruce wood (facing east/west) "
5,2,1,17,1,"minecraft:spruce_wood","Spruce wood (facing east/west) "
5,2,2,17,1,"minecraft:spruce_wood","Spruce Wood (facing north/south)"
5,2,3,17,1,"minecraft:spruce_wood","Spruce Wood (facing north/south)"
5,2,6,134,0,"minecraft:spruce_stairs","Spruce Wood Stairs (North, Normal)"
5,2,7,5,1,"minecraft:spruce_planks","Spruce Wood Plank"
5,2,8,5,1,"minecraft:spruce_planks","Spruce Wood Plank"
5,2,9,5,1,"minecraft:spruce_planks","Spruce Wood Plank"
5,2,10,5,1,"minecraft:spruce_planks","Spruce Wood Plank"
5,2,11,5,1,"minecraft:spruce_planks","Spruce Wood Plank"
5,2,12,5,1,"minecraft:spruce_planks","Spruce Wood Plank"
5,2,13,5,1,"minecraft:spruce_planks","Spruce Wood Plank"
5,2,14,5,1,"minecraft:spruce_planks","Spruce Wood Plank"
5,2,15,5,1,"minecraft:spruce_planks","Spruce Wood Plank"
5,2,16,134,0,"minecraft:spruce_stairs","Spruce Wood Stairs (South, Normal)"
5,2,20,66,0,"minecraft:rail","Rail (sloped, ascending to north)"
5,2,21,17,1,"minecraft:spruce_wood","Spruce wood (facing east/west) "
5,2,22,17,1,"minecraft:spruce_wood","Spruce wood (facing east/west) "
5,2,23,17,1,"minecraft:spruce_wood","Spruce wood (facing east/west) "
5,2,24,66,0,"minecraft:rail","Rail (sloped, ascending to south)"
6,2,2,17,1,"minecraft:spruce_wood","Spruce wood (facing east/west) "
6,2,6,134,0,"minecraft:spruce_stairs","Spruce Wood Stairs (North, Normal)"
6,2,7,5,1,"minecraft:spruce_planks","Spruce Wood Plank"
6,2,8,5,1,"minecraft:spruce_planks","Spruce Wood Plank"
6,2,9,5,1,"minecraft:spruce_planks","Spruce Wood Plank"
6,2,10,5,1,"minecraft:spruce_planks","Spruce Wood Plank"
6,2,11,5,1,"minecraft:spruce_planks","Spruce Wood Plank"
6,2,12,5,1,"minecraft:spruce_planks","Spruce Wood Plank"
6,2,13,5,1,"minecraft:spruce_planks","Spruce Wood Plank"
6,2,14,5,1,"minecraft:spruce_planks","Spruce Wood Plank"
6,2,15,5,1,"minecraft:spruce_planks","Spruce Wood Plank"
6,2,16,134,0,"minecraft:spruce_stairs","Spruce Wood Stairs (South, Normal)"
6,2,21,17,1,"minecraft:spruce_wood","Spruce wood (facing east/west) "
6,2,22,17,1,"minecraft:spruce_wood","Spruce wood (facing east/west) "
6,2,23,17,1,"minecraft:spruce_wood","Spruce wood (facing east/west) "
7,2,5,44,0,"minecraft:cobblestone_slab","Cobblestone Slab"
7,2,6,4,0,"minecraft:cobblestone","Cobblestone"
7,2,7,4,0,"minecraft:cobblestone","Cobblestone"
7,2,8,4,0,"minecraft:cobblestone","Cobblestone"
7,2,9,4,0,"minecraft:cobblestone","Cobblestone"
7,2,10,4,0,"minecraft:cobblestone","Cobblestone"
7,2,11,4,0,"minecraft:cobblestone","Cobblestone"
7,2,12,4,0,"minecraft:cobblestone","Cobblestone"
7,2,13,4,0,"minecraft:cobblestone","Cobblestone"
7,2,14,4,0,"minecraft:cobblestone","Cobblestone"
7,2,15,4,0,"minecraft:cobblestone","Cobblestone"
7,2,16,4,0,"minecraft:cobblestone","Cobblestone"
7,2,17,44,0,"minecraft:cobblestone_slab","Cobblestone Slab"
7,2,22,17,1,"minecraft:spruce_wood","Spruce wood (facing east/west) "
8,2,5,44,0,"minecraft:cobblestone_slab","Cobblestone Slab"
8,2,6,4,0,"minecraft:cobblestone","Cobblestone"
8,2,7,4,0,"minecraft:cobblestone","Cobblestone"
8,2,8,4,0,"minecraft:cobblestone","Cobblestone"
8,2,9,4,0,"minecraft:cobblestone","Cobblestone"
8,2,10,4,0,"minecraft:cobblestone","Cobblestone"
8,2,11,4,0,"minecraft:cobblestone","Cobblestone"
8,2,12,4,0,"minecraft:cobblestone","Cobblestone"
8,2,13,4,0,"minecraft:cobblestone","Cobblestone"
8,2,14,4,0,"minecraft:cobblestone","Cobblestone"
8,2,15,4,0,"minecraft:cobblestone","Cobblestone"
8,2,16,4,0,"minecraft:cobblestone","Cobblestone"
8,2,17,4,0,"minecraft:cobblestone","Cobblestone"
8,2,18,44,0,"minecraft:cobblestone_slab","Cobblestone Slab"
9,2,5,44,0,"minecraft:cobblestone_slab","Cobblestone Slab"
9,2,6,4,0,"minecraft:cobblestone","Cobblestone"
9,2,7,4,0,"minecraft:cobblestone","Cobblestone"
9,2,8,4,0,"minecraft:cobblestone","Cobblestone"
9,2,9,4,0,"minecraft:cobblestone","Cobblestone"
9,2,10,4,0,"minecraft:cobblestone","Cobblestone"
9,2,11,4,0,"minecraft:cobblestone","Cobblestone"
9,2,12,4,0,"minecraft:cobblestone","Cobblestone"
9,2,13,4,0,"minecraft:cobblestone","Cobblestone"
9,2,14,4,0,"minecraft:cobblestone","Cobblestone"
9,2,15,4,0,"minecraft:cobblestone","Cobblestone"
9,2,16,4,0,"minecraft:cobblestone","Cobblestone"
9,2,17,44,0,"minecraft:cobblestone_slab","Cobblestone Slab"
10,2,6,134,0,"minecraft:spruce_stairs","Spruce Wood Stairs (North, Normal)"
10,2,7,5,1,"minecraft:spruce_planks","Spruce Wood Plank"
10,2,8,5,1,"minecraft:spruce_planks","Spruce Wood Plank"
10,2,9,5,1,"minecraft:spruce_planks","Spruce Wood Plank"
10,2,10,5,1,"minecraft:spruce_planks","Spruce Wood Plank"
10,2,11,5,1,"minecraft:spruce_planks","Spruce Wood Plank"
10,2,12,5,1,"minecraft:spruce_planks","Spruce Wood Plank"
10,2,13,5,1,"minecraft:spruce_planks","Spruce Wood Plank"
10,2,14,5,1,"minecraft:spruce_planks","Spruce Wood Plank"
10,2,15,5,1,"minecraft:spruce_planks","Spruce Wood Plank"
10,2,16,134,0,"minecraft:spruce_stairs","Spruce Wood Stairs (South, Normal)"
11,2,6,134,0,"minecraft:spruce_stairs","Spruce Wood Stairs (North, Normal)"
11,2,7,5,1,"minecraft:spruce_planks","Spruce Wood Plank"
11,2,8,5,1,"minecraft:spruce_planks","Spruce Wood Plank"
11,2,9,5,1,"minecraft:spruce_planks","Spruce Wood Plank"
11,2,10,5,1,"minecraft:spruce_planks","Spruce Wood Plank"
11,2,11,5,1,"minecraft:spruce_planks","Spruce Wood Plank"
11,2,12,5,1,"minecraft:spruce_planks","Spruce Wood Plank"
11,2,13,5,1,"minecraft:spruce_planks","Spruce Wood Plank"
11,2,14,5,1,"minecraft:spruce_planks","Spruce Wood Plank"
11,2,15,5,1,"minecraft:spruce_planks","Spruce Wood Plank"
11,2,16,134,0,"minecraft:spruce_stairs","Spruce Wood Stairs (South, Normal)"
12,2,5,17,1,"minecraft:spruce_wood","Spruce Wood"
12,2,6,126,1,"minecraft:spruce_slab"," Spruce Wood Slab (Bottom)"
12,2,7,126,1,"minecraft:spruce_slab"," Spruce Wood Slab (Bottom)"
12,2,8,126,1,"minecraft:spruce_slab"," Spruce Wood Slab (Bottom)"
12,2,9,17,1,"minecraft:spruce_wood","Spruce Wood"
12,2,10,126,1,"minecraft:spruce_slab"," Spruce Wood Slab (Bottom)"
12,2,11,126,1,"minecraft:spruce_slab"," Spruce Wood Slab (Bottom)"
12,2,12,126,1,"minecraft:spruce_slab"," Spruce Wood Slab (Bottom)"
12,2,13,17,1,"minecraft:spruce_wood","Spruce Wood"
12,2,14,126,1,"minecraft:spruce_slab"," Spruce Wood Slab (Bottom)"
12,2,15,126,1,"minecraft:spruce_slab"," Spruce Wood Slab (Bottom)"
12,2,16,126,1,"minecraft:spruce_slab"," Spruce Wood Slab (Bottom)"
12,2,17,17,1,"minecraft:spruce_wood","Spruce Wood"
1,3,22,17,1,"minecraft:spruce_wood","Spruce wood (facing east/west) "
2,3,21,66,0,"minecraft:rail","Rail (sloped, ascending to north)"
2,3,22,17,1,"minecraft:spruce_wood","Spruce wood (facing east/west) "
2,3,23,66,0,"minecraft:rail","Rail (sloped, ascending to south)"
3,3,2,17,1,"minecraft:spruce_wood","Spruce Wood"
3,3,22,17,1,"minecraft:spruce_wood","Spruce wood (facing east/west) "
4,3,1,17,1,"minecraft:spruce_wood","Spruce Wood"
4,3,2,17,1,"minecraft:spruce_wood","Spruce Wood"
4,3,3,17,1,"minecraft:spruce_wood","Spruce Wood (facing north/south)"
4,3,5,17,1,"minecraft:spruce_wood","Spruce Wood"
4,3,9,17,1,"minecraft:spruce_wood","Spruce Wood"
4,3,13,17,1,"minecraft:spruce_wood","Spruce Wood"
4,3,17,17,1,"minecraft:spruce_wood","Spruce Wood"
4,3,22,17,1,"minecraft:spruce_wood","Spruce wood (facing east/west) "
5,3,2,17,1,"minecraft:spruce_wood","Spruce wood (facing east/west) "
5,3,9,58,0,"minecraft:crafting_table","Crafting Table"
5,3,21,66,0,"minecraft:rail","Rail (sloped, ascending to north)"
5,3,22,17,1,"minecraft:spruce_wood","Spruce wood (facing east/west) "
5,3,23,66,0,"minecraft:rail","Rail (sloped, ascending to south)"
6,3,22,17,1,"minecraft:spruce_wood","Spruce wood (facing east/west) "
8,3,6,66,0,"minecraft:rail","Rail"
8,3,7,66,0,"minecraft:rail","Rail"
8,3,8,66,0,"minecraft:rail","Rail"
8,3,9,66,0,"minecraft:rail","Rail"
8,3,10,17,1,"minecraft:spruce_wood","Spruce Wood (facing north/south)"
8,3,11,17,1,"minecraft:spruce_wood","Spruce Wood (facing north/south)"
8,3,12,17,1,"minecraft:spruce_wood","Spruce Wood (facing north/south)"
8,3,13,17,1,"minecraft:spruce_wood","Spruce Wood (facing north/south)"
8,3,14,17,1,"minecraft:spruce_wood","Spruce Wood (facing north/south)"
8,3,15,17,1,"minecraft:spruce_wood","Spruce Wood (facing north/south)"
8,3,16,66,0,"minecraft:rail","Rail"
8,3,17,66,0,"minecraft:rail","Rail"
12,3,5,17,1,"minecraft:spruce_wood","Spruce Wood"
12,3,9,17,1,"minecraft:spruce_wood","Spruce Wood"
12,3,13,17,1,"minecraft:spruce_wood","Spruce Wood"
12,3,17,17,1,"minecraft:spruce_wood","Spruce Wood"
2,4,22,66,0,"minecraft:rail","Rail"
4,4,2,17,1,"minecraft:spruce_wood","Spruce Wood"
4,4,4,134,0,"minecraft:spruce_stairs","Spruce Wood Stairs (North, Upside-down)"
4,4,5,17,1,"minecraft:spruce_wood","Spruce Wood"
4,4,6,134,0,"minecraft:spruce_stairs","Spruce Wood Stairs (South, Upside-down)"
4,4,8,134,0,"minecraft:spruce_stairs","Spruce Wood Stairs (North, Upside-down)"
4,4,9,17,1,"minecraft:spruce_wood","Spruce Wood"
4,4,10,134,0,"minecraft:spruce_stairs","Spruce Wood Stairs (South, Upside-down)"
4,4,12,134,0,"minecraft:spruce_stairs","Spruce Wood Stairs (North, Upside-down)"
4,4,13,17,1,"minecraft:spruce_wood","Spruce Wood"
4,4,14,134,0,"minecraft:spruce_stairs","Spruce Wood Stairs (South, Upside-down)"
4,4,16,134,0,"minecraft:spruce_stairs","Spruce Wood Stairs (North, Upside-down)"
4,4,17,17,1,"minecraft:spruce_wood","Spruce Wood"
4,4,18,134,0,"minecraft:spruce_stairs","Spruce Wood Stairs (South, Upside-down)"
5,4,22,66,0,"minecraft:rail","Rail"
12,4,4,134,0,"minecraft:spruce_stairs","Spruce Wood Stairs (North, Upside-down)"
12,4,5,17,1,"minecraft:spruce_wood","Spruce Wood"
12,4,6,134,0,"minecraft:spruce_stairs","Spruce Wood Stairs (South, Upside-down)"
12,4,8,134,0,"minecraft:spruce_stairs","Spruce Wood Stairs (North, Upside-down)"
12,4,9,17,1,"minecraft:spruce_wood","Spruce Wood"
12,4,10,134,0,"minecraft:spruce_stairs","Spruce Wood Stairs (South, Upside-down)"
12,4,12,134,0,"minecraft:spruce_stairs","Spruce Wood Stairs (North, Upside-down)"
12,4,13,17,1,"minecraft:spruce_wood","Spruce Wood"
12,4,14,134,0,"minecraft:spruce_stairs","Spruce Wood Stairs (South, Upside-down)"
12,4,16,134,0,"minecraft:spruce_stairs","Spruce Wood Stairs (North, Upside-down)"
12,4,17,17,1,"minecraft:spruce_wood","Spruce Wood"
12,4,18,134,0,"minecraft:spruce_stairs","Spruce Wood Stairs (South, Upside-down)"
2,5,4,35,15,"minecraft:black_wool","Black Wool"
2,5,5,35,15,"minecraft:black_wool","Black Wool"
2,5,6,35,15,"minecraft:black_wool","Black Wool"
2,5,7,35,15,"minecraft:black_wool","Black Wool"
2,5,8,35,15,"minecraft:black_wool","Black Wool"
2,5,9,35,15,"minecraft:black_wool","Black Wool"
2,5,10,35,15,"minecraft:black_wool","Black Wool"
2,5,11,35,15,"minecraft:black_wool","Black Wool"
2,5,12,35,15,"minecraft:black_wool","Black Wool"
2,5,13,35,15,"minecraft:black_wool","Black Wool"
2,5,14,35,15,"minecraft:black_wool","Black Wool"
2,5,15,35,15,"minecraft:black_wool","Black Wool"
2,5,16,35,15,"minecraft:black_wool","Black Wool"
2,5,17,35,15,"minecraft:black_wool","Black Wool"
2,5,18,35,15,"minecraft:black_wool","Black Wool"
2,5,19,35,15,"minecraft:black_wool","Black Wool"
3,5,5,17,1,"minecraft:spruce_wood","Spruce wood (facing east/west) "
3,5,9,17,1,"minecraft:spruce_wood","Spruce wood (facing east/west) "
3,5,13,17,1,"minecraft:spruce_wood","Spruce wood (facing east/west) "
3,5,17,17,1,"minecraft:spruce_wood","Spruce wood (facing east/west) "
4,5,3,50,0,"minecraft:torch","Torch (Facing South)"
4,5,4,17,1,"minecraft:spruce_wood","Spruce Wood (facing north/south)"
4,5,5,17,1,"minecraft:spruce_wood","Spruce wood (facing east/west) "
4,5,6,17,1,"minecraft:spruce_wood","Spruce Wood (facing north/south)"
4,5,7,17,1,"minecraft:spruce_wood","Spruce Wood (facing north/south)"
4,5,8,17,1,"minecraft:spruce_wood","Spruce Wood (facing north/south)"
4,5,9,17,1,"minecraft:spruce_wood","Spruce wood (facing east/west) "
4,5,10,17,1,"minecraft:spruce_wood","Spruce Wood (facing north/south)"
4,5,11,17,1,"minecraft:spruce_wood","Spruce Wood (facing north/south)"
4,5,12,17,1,"minecraft:spruce_wood","Spruce Wood (facing north/south)"
4,5,13,17,1,"minecraft:spruce_wood","Spruce wood (facing east/west) "
4,5,14,17,1,"minecraft:spruce_wood","Spruce Wood (facing north/south)"
4,5,15,17,1,"minecraft:spruce_wood","Spruce Wood (facing north/south)"
4,5,16,17,1,"minecraft:spruce_wood","Spruce Wood (facing north/south)"
4,5,17,17,1,"minecraft:spruce_wood","Spruce wood (facing east/west) "
4,5,18,17,1,"minecraft:spruce_wood","Spruce Wood (facing north/south)"
4,5,19,50,0,"minecraft:torch","Torch (Facing North)"
5,5,5,17,1,"minecraft:spruce_wood","Spruce wood (facing east/west) "
5,5,9,17,1,"minecraft:spruce_wood","Spruce wood (facing east/west) "
5,5,13,17,1,"minecraft:spruce_wood","Spruce wood (facing east/west) "
5,5,17,17,1,"minecraft:spruce_wood","Spruce wood (facing east/west) "
6,5,5,50,0,"minecraft:torch","Torch (Facing West)"
6,5,9,50,0,"minecraft:torch","Torch (Facing West)"
6,5,13,50,0,"minecraft:torch","Torch (Facing West)"
6,5,17,50,0,"minecraft:torch","Torch (Facing West)"
10,5,5,50,0,"minecraft:torch","Torch (Facing East)"
10,5,9,50,0,"minecraft:torch","Torch (Facing East)"
10,5,13,50,0,"minecraft:torch","Torch (Facing East)"
10,5,17,50,0,"minecraft:torch","Torch (Facing East)"
11,5,5,17,1,"minecraft:spruce_wood","Spruce wood (facing east/west) "
11,5,9,17,1,"minecraft:spruce_wood","Spruce wood (facing east/west) "
11,5,13,17,1,"minecraft:spruce_wood","Spruce wood (facing east/west) "
11,5,17,17,1,"minecraft:spruce_wood","Spruce wood (facing east/west) "
12,5,3,50,0,"minecraft:torch","Torch (Facing South)"
12,5,4,17,1,"minecraft:spruce_wood","Spruce Wood (facing north/south)"
12,5,5,17,1,"minecraft:spruce_wood","Spruce wood (facing east/west) "
12,5,6,17,1,"minecraft:spruce_wood","Spruce Wood (facing north/south)"
12,5,7,17,1,"minecraft:spruce_wood","Spruce Wood (facing north/south)"
12,5,8,17,1,"minecraft:spruce_wood","Spruce Wood (facing north/south)"
12,5,9,17,1,"minecraft:spruce_wood","Spruce wood (facing east/west) "
12,5,10,17,1,"minecraft:spruce_wood","Spruce Wood (facing north/south)"
12,5,11,17,1,"minecraft:spruce_wood","Spruce Wood (facing north/south)"
12,5,12,17,1,"minecraft:spruce_wood","Spruce Wood (facing north/south)"
12,5,13,17,1,"minecraft:spruce_wood","Spruce wood (facing east/west) "
12,5,14,17,1,"minecraft:spruce_wood","Spruce Wood (facing north/south)"
12,5,15,17,1,"minecraft:spruce_wood","Spruce Wood (facing north/south)"
12,5,16,17,1,"minecraft:spruce_wood","Spruce Wood (facing north/south)"
12,5,17,17,1,"minecraft:spruce_wood","Spruce wood (facing east/west) "
12,5,18,17,1,"minecraft:spruce_wood","Spruce Wood (facing north/south)"
12,5,19,50,0,"minecraft:torch","Torch (Facing North)"
13,5,5,17,1,"minecraft:spruce_wood","Spruce wood (facing east/west) "
13,5,9,17,1,"minecraft:spruce_wood","Spruce wood (facing east/west) "
13,5,13,17,1,"minecraft:spruce_wood","Spruce wood (facing east/west) "
13,5,17,17,1,"minecraft:spruce_wood","Spruce wood (facing east/west) "
14,5,4,35,15,"minecraft:black_wool","Black Wool"
14,5,5,35,15,"minecraft:black_wool","Black Wool"
14,5,6,35,15,"minecraft:black_wool","Black Wool"
14,5,7,35,15,"minecraft:black_wool","Black Wool"
14,5,8,35,15,"minecraft:black_wool","Black Wool"
14,5,9,35,15,"minecraft:black_wool","Black Wool"
14,5,10,35,15,"minecraft:black_wool","Black Wool"
14,5,11,35,15,"minecraft:black_wool","Black Wool"
14,5,12,35,15,"minecraft:black_wool","Black Wool"
14,5,13,35,15,"minecraft:black_wool","Black Wool"
14,5,14,35,15,"minecraft:black_wool","Black Wool"
14,5,15,35,15,"minecraft:black_wool","Black Wool"
14,5,16,35,15,"minecraft:black_wool","Black Wool"
14,5,17,35,15,"minecraft:black_wool","Black Wool"
14,5,18,35,15,"minecraft:black_wool","Black Wool"
14,5,19,35,15,"minecraft:black_wool","Black Wool"
2,6,4,35,15,"minecraft:black_wool","Black Wool"
2,6,5,35,15,"minecraft:black_wool","Black Wool"
2,6,6,35,15,"minecraft:black_wool","Black Wool"
2,6,7,35,15,"minecraft:black_wool","Black Wool"
2,6,8,35,15,"minecraft:black_wool","Black Wool"
2,6,9,35,15,"minecraft:black_wool","Black Wool"
2,6,10,35,15,"minecraft:black_wool","Black Wool"
2,6,11,35,15,"minecraft:black_wool","Black Wool"
2,6,12,35,15,"minecraft:black_wool","Black Wool"
2,6,13,35,15,"minecraft:black_wool","Black Wool"
2,6,14,35,15,"minecraft:black_wool","Black Wool"
2,6,15,35,15,"minecraft:black_wool","Black Wool"
2,6,16,35,15,"minecraft:black_wool","Black Wool"
2,6,17,35,15,"minecraft:black_wool","Black Wool"
2,6,18,35,15,"minecraft:black_wool","Black Wool"
2,6,19,35,15,"minecraft:black_wool","Black Wool"
3,6,5,191,0,"minecraft:dark_oak_fence","Oak Fence"
3,6,9,191,0,"minecraft:dark_oak_fence","Oak Fence"
3,6,13,191,0,"minecraft:dark_oak_fence","Oak Fence"
3,6,17,191,0,"minecraft:dark_oak_fence","Oak Fence"
4,6,5,17,1,"minecraft:spruce_wood","Spruce Wood"
4,6,9,17,1,"minecraft:spruce_wood","Spruce Wood"
4,6,13,17,1,"minecraft:spruce_wood","Spruce Wood"
4,6,17,17,1,"minecraft:spruce_wood","Spruce Wood"
5,6,5,191,0,"minecraft:dark_oak_fence","Oak Fence"
5,6,9,191,0,"minecraft:dark_oak_fence","Oak Fence"
5,6,13,191,0,"minecraft:dark_oak_fence","Oak Fence"
5,6,17,191,0,"minecraft:dark_oak_fence","Oak Fence"
6,6,5,17,1,"minecraft:spruce_wood","Spruce wood (facing east/west) "
6,6,9,17,1,"minecraft:spruce_wood","Spruce wood (facing east/west) "
6,6,13,17,1,"minecraft:spruce_wood","Spruce wood (facing east/west) "
6,6,17,17,1,"minecraft:spruce_wood","Spruce wood (facing east/west) "
10,6,5,17,1,"minecraft:spruce_wood","Spruce wood (facing east/west) "
10,6,9,17,1,"minecraft:spruce_wood","Spruce wood (facing east/west) "
10,6,13,17,1,"minecraft:spruce_wood","Spruce wood (facing east/west) "
10,6,17,17,1,"minecraft:spruce_wood","Spruce wood (facing east/west) "
11,6,5,191,0,"minecraft:dark_oak_fence","Oak Fence"
11,6,9,191,0,"minecraft:dark_oak_fence","Oak Fence"
11,6,13,191,0,"minecraft:dark_oak_fence","Oak Fence"
11,6,17,191,0,"minecraft:dark_oak_fence","Oak Fence"
12,6,5,17,1,"minecraft:spruce_wood","Spruce Wood"
12,6,9,17,1,"minecraft:spruce_wood","Spruce Wood"
12,6,13,17,1,"minecraft:spruce_wood","Spruce Wood"
12,6,17,17,1,"minecraft:spruce_wood","Spruce Wood"
13,6,5,191,0,"minecraft:dark_oak_fence","Oak Fence"
13,6,9,191,0,"minecraft:dark_oak_fence","Oak Fence"
13,6,13,191,0,"minecraft:dark_oak_fence","Oak Fence"
13,6,17,191,0,"minecraft:dark_oak_fence","Oak Fence"
14,6,4,35,15,"minecraft:black_wool","Black Wool"
14,6,5,35,15,"minecraft:black_wool","Black Wool"
14,6,6,35,15,"minecraft:black_wool","Black Wool"
14,6,7,35,15,"minecraft:black_wool","Black Wool"
14,6,8,35,15,"minecraft:black_wool","Black Wool"
14,6,9,35,15,"minecraft:black_wool","Black Wool"
14,6,10,35,15,"minecraft:black_wool","Black Wool"
14,6,11,35,15,"minecraft:black_wool","Black Wool"
14,6,12,35,15,"minecraft:black_wool","Black Wool"
14,6,13,35,15,"minecraft:black_wool","Black Wool"
14,6,14,35,15,"minecraft:black_wool","Black Wool"
14,6,15,35,15,"minecraft:black_wool","Black Wool"
14,6,16,35,15,"minecraft:black_wool","Black Wool"
14,6,17,35,15,"minecraft:black_wool","Black Wool"
14,6,18,35,15,"minecraft:black_wool","Black Wool"
14,6,19,35,15,"minecraft:black_wool","Black Wool"
3,7,4,35,15,"minecraft:black_wool","Black Wool"
3,7,5,35,15,"minecraft:black_wool","Black Wool"
3,7,6,35,15,"minecraft:black_wool","Black Wool"
3,7,7,35,15,"minecraft:black_wool","Black Wool"
3,7,8,35,15,"minecraft:black_wool","Black Wool"
3,7,9,35,15,"minecraft:black_wool","Black Wool"
3,7,10,35,15,"minecraft:black_wool","Black Wool"
3,7,11,35,15,"minecraft:black_wool","Black Wool"
3,7,12,35,15,"minecraft:black_wool","Black Wool"
3,7,13,35,15,"minecraft:black_wool","Black Wool"
3,7,14,35,15,"minecraft:black_wool","Black Wool"
3,7,15,35,15,"minecraft:black_wool","Black Wool"
3,7,16,35,15,"minecraft:black_wool","Black Wool"
3,7,17,35,15,"minecraft:black_wool","Black Wool"
3,7,18,35,15,"minecraft:black_wool","Black Wool"
3,7,19,35,15,"minecraft:black_wool","Black Wool"
4,7,5,17,1,"minecraft:spruce_wood","Spruce Wood"
4,7,9,17,1,"minecraft:spruce_wood","Spruce Wood"
4,7,13,17,1,"minecraft:spruce_wood","Spruce Wood"
4,7,17,17,1,"minecraft:spruce_wood","Spruce Wood"
5,7,5,191,0,"minecraft:dark_oak_fence","Oak Fence"
5,7,9,191,0,"minecraft:dark_oak_fence","Oak Fence"
5,7,13,191,0,"minecraft:dark_oak_fence","Oak Fence"
5,7,17,191,0,"minecraft:dark_oak_fence","Oak Fence"
6,7,5,191,0,"minecraft:dark_oak_fence","Oak Fence"
6,7,9,191,0,"minecraft:dark_oak_fence","Oak Fence"
6,7,13,191,0,"minecraft:dark_oak_fence","Oak Fence"
6,7,17,191,0,"minecraft:dark_oak_fence","Oak Fence"
7,7,5,17,1,"minecraft:spruce_wood","Spruce wood (facing east/west) "
7,7,9,17,1,"minecraft:spruce_wood","Spruce wood (facing east/west) "
7,7,13,17,1,"minecraft:spruce_wood","Spruce wood (facing east/west) "
7,7,17,17,1,"minecraft:spruce_wood","Spruce wood (facing east/west) "
9,7,5,17,1,"minecraft:spruce_wood","Spruce wood (facing east/west) "
9,7,9,17,1,"minecraft:spruce_wood","Spruce wood (facing east/west) "
9,7,13,17,1,"minecraft:spruce_wood","Spruce wood (facing east/west) "
9,7,17,17,1,"minecraft:spruce_wood","Spruce wood (facing east/west) "
10,7,5,191,0,"minecraft:dark_oak_fence","Oak Fence"
10,7,9,191,0,"minecraft:dark_oak_fence","Oak Fence"
10,7,13,191,0,"minecraft:dark_oak_fence","Oak Fence"
10,7,17,191,0,"minecraft:dark_oak_fence","Oak Fence"
11,7,5,191,0,"minecraft:dark_oak_fence","Oak Fence"
11,7,9,191,0,"minecraft:dark_oak_fence","Oak Fence"
11,7,13,191,0,"minecraft:dark_oak_fence","Oak Fence"
11,7,17,191,0,"minecraft:dark_oak_fence","Oak Fence"
12,7,5,17,1,"minecraft:spruce_wood","Spruce Wood"
12,7,9,17,1,"minecraft:spruce_wood","Spruce Wood"
12,7,13,17,1,"minecraft:spruce_wood","Spruce Wood"
12,7,17,17,1,"minecraft:spruce_wood","Spruce Wood"
13,7,4,35,15,"minecraft:black_wool","Black Wool"
13,7,5,35,15,"minecraft:black_wool","Black Wool"
13,7,6,35,15,"minecraft:black_wool","Black Wool"
13,7,7,35,15,"minecraft:black_wool","Black Wool"
13,7,8,35,15,"minecraft:black_wool","Black Wool"
13,7,9,35,15,"minecraft:black_wool","Black Wool"
13,7,10,35,15,"minecraft:black_wool","Black Wool"
13,7,11,35,15,"minecraft:black_wool","Black Wool"
13,7,12,35,15,"minecraft:black_wool","Black Wool"
13,7,13,35,15,"minecraft:black_wool","Black Wool"
13,7,14,35,15,"minecraft:black_wool","Black Wool"
13,7,15,35,15,"minecraft:black_wool","Black Wool"
13,7,16,35,15,"minecraft:black_wool","Black Wool"
13,7,17,35,15,"minecraft:black_wool","Black Wool"
13,7,18,35,15,"minecraft:black_wool","Black Wool"
13,7,19,35,15,"minecraft:black_wool","Black Wool"
4,8,4,35,15,"minecraft:black_wool","Black Wool"
4,8,5,35,15,"minecraft:black_wool","Black Wool"
4,8,6,35,15,"minecraft:black_wool","Black Wool"
4,8,7,35,15,"minecraft:black_wool","Black Wool"
4,8,8,35,15,"minecraft:black_wool","Black Wool"
4,8,9,35,15,"minecraft:black_wool","Black Wool"
4,8,10,35,15,"minecraft:black_wool","Black Wool"
4,8,11,35,15,"minecraft:black_wool","Black Wool"
4,8,12,35,15,"minecraft:black_wool","Black Wool"
4,8,13,35,15,"minecraft:black_wool","Black Wool"
4,8,14,35,15,"minecraft:black_wool","Black Wool"
4,8,15,35,15,"minecraft:black_wool","Black Wool"
4,8,16,35,15,"minecraft:black_wool","Black Wool"
4,8,17,35,15,"minecraft:black_wool","Black Wool"
4,8,18,35,15,"minecraft:black_wool","Black Wool"
4,8,19,35,15,"minecraft:black_wool","Black Wool"
5,8,5,17,1,"minecraft:spruce_wood","Spruce wood (facing east/west) "
5,8,9,17,1,"minecraft:spruce_wood","Spruce wood (facing east/west) "
5,8,13,17,1,"minecraft:spruce_wood","Spruce wood (facing east/west) "
5,8,17,17,1,"minecraft:spruce_wood","Spruce wood (facing east/west) "
6,8,5,17,1,"minecraft:spruce_wood","Spruce wood (facing east/west) "
6,8,9,17,1,"minecraft:spruce_wood","Spruce wood (facing east/west) "
6,8,13,17,1,"minecraft:spruce_wood","Spruce wood (facing east/west) "
6,8,17,17,1,"minecraft:spruce_wood","Spruce wood (facing east/west) "
7,8,5,17,1,"minecraft:spruce_wood","Spruce wood (facing east/west) "
7,8,9,17,1,"minecraft:spruce_wood","Spruce wood (facing east/west) "
7,8,13,17,1,"minecraft:spruce_wood","Spruce wood (facing east/west) "
7,8,17,17,1,"minecraft:spruce_wood","Spruce wood (facing east/west) "
8,8,5,17,1,"minecraft:spruce_wood","Spruce wood (facing east/west) "
8,8,6,126,1,"minecraft:spruce_slab"," Spruce Wood Slab (Upper)"
8,8,7,126,1,"minecraft:spruce_slab"," Spruce Wood Slab (Upper)"
8,8,8,126,1,"minecraft:spruce_slab"," Spruce Wood Slab (Upper)"
8,8,9,17,1,"minecraft:spruce_wood","Spruce wood (facing east/west) "
8,8,10,126,1,"minecraft:spruce_slab"," Spruce Wood Slab (Upper)"
8,8,11,126,1,"minecraft:spruce_slab"," Spruce Wood Slab (Upper)"
8,8,12,126,1,"minecraft:spruce_slab"," Spruce Wood Slab (Upper)"
8,8,13,17,1,"minecraft:spruce_wood","Spruce wood (facing east/west) "
8,8,14,126,1,"minecraft:spruce_slab"," Spruce Wood Slab (Upper)"
8,8,15,126,1,"minecraft:spruce_slab"," Spruce Wood Slab (Upper)"
8,8,16,126,1,"minecraft:spruce_slab"," Spruce Wood Slab (Upper)"
8,8,17,17,1,"minecraft:spruce_wood","Spruce wood (facing east/west) "
9,8,5,17,1,"minecraft:spruce_wood","Spruce wood (facing east/west) "
9,8,9,17,1,"minecraft:spruce_wood","Spruce wood (facing east/west) "
9,8,13,17,1,"minecraft:spruce_wood","Spruce wood (facing east/west) "
9,8,17,17,1,"minecraft:spruce_wood","Spruce wood (facing east/west) "
10,8,5,17,1,"minecraft:spruce_wood","Spruce wood (facing east/west) "
10,8,9,17,1,"minecraft:spruce_wood","Spruce wood (facing east/west) "
10,8,13,17,1,"minecraft:spruce_wood","Spruce wood (facing east/west) "
10,8,17,17,1,"minecraft:spruce_wood","Spruce wood (facing east/west) "
11,8,5,17,1,"minecraft:spruce_wood","Spruce wood (facing east/west) "
11,8,9,17,1,"minecraft:spruce_wood","Spruce wood (facing east/west) "
11,8,13,17,1,"minecraft:spruce_wood","Spruce wood (facing east/west) "
11,8,17,17,1,"minecraft:spruce_wood","Spruce wood (facing east/west) "
12,8,4,35,15,"minecraft:black_wool","Black Wool"
12,8,5,35,15,"minecraft:black_wool","Black Wool"
12,8,6,35,15,"minecraft:black_wool","Black Wool"
12,8,7,35,15,"minecraft:black_wool","Black Wool"
12,8,8,35,15,"minecraft:black_wool","Black Wool"
12,8,9,35,15,"minecraft:black_wool","Black Wool"
12,8,10,35,15,"minecraft:black_wool","Black Wool"
12,8,11,35,15,"minecraft:black_wool","Black Wool"
12,8,12,35,15,"minecraft:black_wool","Black Wool"
12,8,13,35,15,"minecraft:black_wool","Black Wool"
12,8,14,35,15,"minecraft:black_wool","Black Wool"
12,8,15,35,15,"minecraft:black_wool","Black Wool"
12,8,16,35,15,"minecraft:black_wool","Black Wool"
12,8,17,35,15,"minecraft:black_wool","Black Wool"
12,8,18,35,15,"minecraft:black_wool","Black Wool"
12,8,19,35,15,"minecraft:black_wool","Black Wool"
5,9,4,35,15,"minecraft:black_wool","Black Wool"
5,9,5,35,15,"minecraft:black_wool","Black Wool"
5,9,6,35,15,"minecraft:black_wool","Black Wool"
5,9,7,35,15,"minecraft:black_wool","Black Wool"
5,9,8,35,15,"minecraft:black_wool","Black Wool"
5,9,9,35,15,"minecraft:black_wool","Black Wool"
5,9,10,35,15,"minecraft:black_wool","Black Wool"
5,9,11,35,15,"minecraft:black_wool","Black Wool"
5,9,12,35,15,"minecraft:black_wool","Black Wool"
5,9,13,35,15,"minecraft:black_wool","Black Wool"
5,9,14,35,15,"minecraft:black_wool","Black Wool"
5,9,15,35,15,"minecraft:black_wool","Black Wool"
5,9,16,35,15,"minecraft:black_wool","Black Wool"
5,9,17,35,15,"minecraft:black_wool","Black Wool"
5,9,18,35,15,"minecraft:black_wool","Black Wool"
5,9,19,35,15,"minecraft:black_wool","Black Wool"
6,9,5,17,1,"minecraft:spruce_wood","Spruce Wood"
6,9,9,17,1,"minecraft:spruce_wood","Spruce Wood"
6,9,13,17,1,"minecraft:spruce_wood","Spruce Wood"
6,9,17,17,1,"minecraft:spruce_wood","Spruce Wood"
7,9,5,5,1,"minecraft:spruce_planks","Spruce Wood Plank"
7,9,17,5,1,"minecraft:spruce_planks","Spruce Wood Plank"
8,9,5,191,0,"minecraft:dark_oak_fence","Oak Fence"
8,9,9,50,0,"minecraft:torch","Torch (Facing Up)"
8,9,13,50,0,"minecraft:torch","Torch (Facing Up)"
8,9,17,191,0,"minecraft:dark_oak_fence","Oak Fence"
9,9,5,5,1,"minecraft:spruce_planks","Spruce Wood Plank"
9,9,17,5,1,"minecraft:spruce_planks","Spruce Wood Plank"
10,9,5,17,1,"minecraft:spruce_wood","Spruce Wood"
10,9,9,17,1,"minecraft:spruce_wood","Spruce Wood"
10,9,13,17,1,"minecraft:spruce_wood","Spruce Wood"
10,9,17,17,1,"minecraft:spruce_wood","Spruce Wood"
11,9,4,35,15,"minecraft:black_wool","Black Wool"
11,9,5,35,15,"minecraft:black_wool","Black Wool"
11,9,6,35,15,"minecraft:black_wool","Black Wool"
11,9,7,35,15,"minecraft:black_wool","Black Wool"
11,9,8,35,15,"minecraft:black_wool","Black Wool"
11,9,9,35,15,"minecraft:black_wool","Black Wool"
11,9,10,35,15,"minecraft:black_wool","Black Wool"
11,9,11,35,15,"minecraft:black_wool","Black Wool"
11,9,12,35,15,"minecraft:black_wool","Black Wool"
11,9,13,35,15,"minecraft:black_wool","Black Wool"
11,9,14,35,15,"minecraft:black_wool","Black Wool"
11,9,15,35,15,"minecraft:black_wool","Black Wool"
11,9,16,35,15,"minecraft:black_wool","Black Wool"
11,9,17,35,15,"minecraft:black_wool","Black Wool"
11,9,18,35,15,"minecraft:black_wool","Black Wool"
11,9,19,35,15,"minecraft:black_wool","Black Wool"
6,10,4,35,15,"minecraft:black_wool","Black Wool"
6,10,5,35,15,"minecraft:black_wool","Black Wool"
6,10,6,35,15,"minecraft:black_wool","Black Wool"
6,10,7,35,15,"minecraft:black_wool","Black Wool"
6,10,8,35,15,"minecraft:black_wool","Black Wool"
6,10,9,35,15,"minecraft:black_wool","Black Wool"
6,10,10,35,15,"minecraft:black_wool","Black Wool"
6,10,11,35,15,"minecraft:black_wool","Black Wool"
6,10,12,35,15,"minecraft:black_wool","Black Wool"
6,10,13,35,15,"minecraft:black_wool","Black Wool"
6,10,14,35,15,"minecraft:black_wool","Black Wool"
6,10,15,35,15,"minecraft:black_wool","Black Wool"
6,10,16,35,15,"minecraft:black_wool","Black Wool"
6,10,17,35,15,"minecraft:black_wool","Black Wool"
6,10,18,35,15,"minecraft:black_wool","Black Wool"
6,10,19,35,15,"minecraft:black_wool","Black Wool"
7,10,5,5,1,"minecraft:spruce_planks","Spruce Wood Plank"
7,10,17,5,1,"minecraft:spruce_planks","Spruce Wood Plank"
8,10,5,191,0,"minecraft:dark_oak_fence","Oak Fence"
8,10,17,191,0,"minecraft:dark_oak_fence","Oak Fence"
9,10,5,5,1,"minecraft:spruce_planks","Spruce Wood Plank"
9,10,17,5,1,"minecraft:spruce_planks","Spruce Wood Plank"
10,10,4,35,15,"minecraft:black_wool","Black Wool"
10,10,5,35,15,"minecraft:black_wool","Black Wool"
10,10,6,35,15,"minecraft:black_wool","Black Wool"
10,10,7,35,15,"minecraft:black_wool","Black Wool"
10,10,8,35,15,"minecraft:black_wool","Black Wool"
10,10,9,35,15,"minecraft:black_wool","Black Wool"
10,10,10,35,15,"minecraft:black_wool","Black Wool"
10,10,11,35,15,"minecraft:black_wool","Black Wool"
10,10,12,35,15,"minecraft:black_wool","Black Wool"
10,10,13,35,15,"minecraft:black_wool","Black Wool"
10,10,14,35,15,"minecraft:black_wool","Black Wool"
10,10,15,35,15,"minecraft:black_wool","Black Wool"
10,10,16,35,15,"minecraft:black_wool","Black Wool"
10,10,17,35,15,"minecraft:black_wool","Black Wool"
10,10,18,35,15,"minecraft:black_wool","Black Wool"
10,10,19,35,15,"minecraft:black_wool","Black Wool"
7,11,4,35,15,"minecraft:black_wool","Black Wool"
7,11,5,35,15,"minecraft:black_wool","Black Wool"
7,11,6,35,15,"minecraft:black_wool","Black Wool"
7,11,7,35,15,"minecraft:black_wool","Black Wool"
7,11,8,35,15,"minecraft:black_wool","Black Wool"
7,11,9,35,15,"minecraft:black_wool","Black Wool"
7,11,10,35,15,"minecraft:black_wool","Black Wool"
7,11,11,35,15,"minecraft:black_wool","Black Wool"
7,11,12,35,15,"minecraft:black_wool","Black Wool"
7,11,13,35,15,"minecraft:black_wool","Black Wool"
7,11,14,35,15,"minecraft:black_wool","Black Wool"
7,11,15,35,15,"minecraft:black_wool","Black Wool"
7,11,16,35,15,"minecraft:black_wool","Black Wool"
7,11,17,35,15,"minecraft:black_wool","Black Wool"
7,11,18,35,15,"minecraft:black_wool","Black Wool"
7,11,19,35,15,"minecraft:black_wool","Black Wool"
8,11,4,35,15,"minecraft:black_wool","Black Wool"
8,11,5,35,15,"minecraft:black_wool","Black Wool"
8,11,6,35,15,"minecraft:black_wool","Black Wool"
8,11,7,35,15,"minecraft:black_wool","Black Wool"
8,11,8,35,15,"minecraft:black_wool","Black Wool"
8,11,9,35,15,"minecraft:black_wool","Black Wool"
8,11,10,35,15,"minecraft:black_wool","Black Wool"
8,11,11,35,15,"minecraft:black_wool","Black Wool"
8,11,12,35,15,"minecraft:black_wool","Black Wool"
8,11,13,35,15,"minecraft:black_wool","Black Wool"
8,11,14,35,15,"minecraft:black_wool","Black Wool"
8,11,15,35,15,"minecraft:black_wool","Black Wool"
8,11,16,35,15,"minecraft:black_wool","Black Wool"
8,11,17,35,15,"minecraft:black_wool","Black Wool"
8,11,18,35,15,"minecraft:black_wool","Black Wool"
8,11,19,35,15,"minecraft:black_wool","Black Wool"
9,11,5,35,15,"minecraft:black_wool","Black Wool"
9,11,6,35,15,"minecraft:black_wool","Black Wool"
9,11,7,35,15,"minecraft:black_wool","Black Wool"
9,11,8,35,15,"minecraft:black_wool","Black Wool"
9,11,9,35,15,"minecraft:black_wool","Black Wool"
9,11,10,35,15,"minecraft:black_wool","Black Wool"
9,11,11,35,15,"minecraft:black_wool","Black Wool"
9,11,12,35,15,"minecraft:black_wool","Black Wool"
9,11,13,35,15,"minecraft:black_wool","Black Wool"
9,11,14,35,15,"minecraft:black_wool","Black Wool"
9,11,15,35,15,"minecraft:black_wool","Black Wool"
9,11,16,35,15,"minecraft:black_wool","Black Wool"
9,11,17,35,15,"minecraft:black_wool","Black Wool"
9,11,18,35,15,"minecraft:black_wool","Black Wool"
9,11,19,35,15,"minecraft:black_wool","Black Wool"
