0,1,5,96,0,"minecraft:oak_trapdoor","Wooden Trapdoor (South from block, Open, Bottom half)"
0,1,6,96,0,"minecraft:oak_trapdoor","Wooden Trapdoor (South from block, Open, Bottom half)"
0,1,7,96,0,"minecraft:oak_trapdoor","Wooden Trapdoor (South from block, Open, Bottom half)"
1,1,4,4,0,"minecraft:cobblestone","Cobblestone"
1,1,5,2,0,"minecraft:grass_block","Grass"
1,1,6,2,0,"minecraft:grass_block","Grass"
1,1,7,2,0,"minecraft:grass_block","Grass"
1,1,8,4,0,"minecraft:cobblestone","Cobblestone"
2,1,2,191,0,"minecraft:dark_oak_fence","Oak Fence"
2,1,3,17,1,"minecraft:spruce_wood","Spruce Wood"
2,1,4,4,0,"minecraft:cobblestone","Cobblestone"
2,1,5,4,0,"minecraft:cobblestone","Cobblestone"
2,1,6,4,0,"minecraft:cobblestone","Cobblestone"
2,1,7,4,0,"minecraft:cobblestone","Cobblestone"
2,1,8,4,0,"minecraft:cobblestone","Cobblestone"
2,1,9,17,1,"minecraft:spruce_wood","Spruce Wood"
2,1,10,17,1,"minecraft:spruce_wood","Spruce Wood"
2,1,11,5,0,"minecraft:oak_planks","Oak Wood Plank"
2,1,12,5,0,"minecraft:oak_planks","Oak Wood Plank"
2,1,13,17,1,"minecraft:spruce_wood","Spruce Wood"
3,1,3,4,0,"minecraft:cobblestone","Cobblestone"
3,1,4,5,0,"minecraft:oak_planks","Oak Wood Plank"
3,1,5,5,0,"minecraft:oak_planks","Oak Wood Plank"
3,1,6,5,0,"minecraft:oak_planks","Oak Wood Plank"
3,1,7,5,0,"minecraft:oak_planks","Oak Wood Plank"
3,1,8,5,0,"minecraft:oak_planks","Oak Wood Plank"
3,1,9,4,0,"minecraft:cobblestone","Cobblestone"
3,1,10,5,0,"minecraft:oak_planks","Oak Wood Plank"
3,1,11,5,0,"minecraft:oak_planks","Oak Wood Plank"
3,1,12,5,0,"minecraft:oak_planks","Oak Wood Plank"
3,1,13,5,0,"minecraft:oak_planks","Oak Wood Plank"
4,1,3,4,0,"minecraft:cobblestone","Cobblestone"
4,1,4,5,0,"minecraft:oak_planks","Oak Wood Plank"
4,1,5,5,0,"minecraft:oak_planks","Oak Wood Plank"
4,1,6,5,0,"minecraft:oak_planks","Oak Wood Plank"
4,1,7,5,0,"minecraft:oak_planks","Oak Wood Plank"
4,1,8,5,0,"minecraft:oak_planks","Oak Wood Plank"
4,1,9,5,0,"minecraft:oak_planks","Oak Wood Plank"
4,1,10,5,0,"minecraft:oak_planks","Oak Wood Plank"
4,1,11,5,0,"minecraft:oak_planks","Oak Wood Plank"
4,1,12,5,0,"minecraft:oak_planks","Oak Wood Plank"
4,1,13,53,0,"minecraft:oak_stairs","Oak Wood Stairs (West, Normal)"
5,1,3,4,0,"minecraft:cobblestone","Cobblestone"
5,1,4,5,0,"minecraft:oak_planks","Oak Wood Plank"
5,1,5,5,0,"minecraft:oak_planks","Oak Wood Plank"
5,1,6,5,0,"minecraft:oak_planks","Oak Wood Plank"
5,1,7,5,0,"minecraft:oak_planks","Oak Wood Plank"
5,1,8,5,0,"minecraft:oak_planks","Oak Wood Plank"
5,1,9,5,0,"minecraft:oak_planks","Oak Wood Plank"
5,1,10,5,0,"minecraft:oak_planks","Oak Wood Plank"
5,1,11,5,0,"minecraft:oak_planks","Oak Wood Plank"
5,1,12,5,0,"minecraft:oak_planks","Oak Wood Plank"
5,1,13,53,0,"minecraft:oak_stairs","Oak Wood Stairs (West, Normal)"
6,1,3,4,0,"minecraft:cobblestone","Cobblestone"
6,1,4,5,0,"minecraft:oak_planks","Oak Wood Plank"
6,1,5,5,0,"minecraft:oak_planks","Oak Wood Plank"
6,1,6,5,0,"minecraft:oak_planks","Oak Wood Plank"
6,1,7,5,0,"minecraft:oak_planks","Oak Wood Plank"
6,1,8,5,0,"minecraft:oak_planks","Oak Wood Plank"
6,1,9,4,0,"minecraft:cobblestone","Cobblestone"
6,1,10,5,0,"minecraft:oak_planks","Oak Wood Plank"
6,1,11,5,0,"minecraft:oak_planks","Oak Wood Plank"
6,1,12,5,0,"minecraft:oak_planks","Oak Wood Plank"
6,1,13,5,0,"minecraft:oak_planks","Oak Wood Plank"
7,1,3,4,0,"minecraft:cobblestone","Cobblestone"
7,1,4,5,0,"minecraft:oak_planks","Oak Wood Plank"
7,1,5,5,0,"minecraft:oak_planks","Oak Wood Plank"
7,1,6,5,0,"minecraft:oak_planks","Oak Wood Plank"
7,1,7,5,0,"minecraft:oak_planks","Oak Wood Plank"
7,1,8,5,0,"minecraft:oak_planks","Oak Wood Plank"
7,1,9,4,0,"minecraft:cobblestone","Cobblestone"
7,1,10,5,0,"minecraft:oak_planks","Oak Wood Plank"
7,1,11,5,0,"minecraft:oak_planks","Oak Wood Plank"
7,1,12,5,0,"minecraft:oak_planks","Oak Wood Plank"
7,1,13,5,0,"minecraft:oak_planks","Oak Wood Plank"
8,1,2,191,0,"minecraft:dark_oak_fence","Oak Fence"
8,1,3,17,1,"minecraft:spruce_wood","Spruce Wood"
8,1,4,5,0,"minecraft:oak_planks","Oak Wood Plank"
8,1,5,5,0,"minecraft:oak_planks","Oak Wood Plank"
8,1,6,5,0,"minecraft:oak_planks","Oak Wood Plank"
8,1,7,5,0,"minecraft:oak_planks","Oak Wood Plank"
8,1,8,5,0,"minecraft:oak_planks","Oak Wood Plank"
8,1,9,17,1,"minecraft:spruce_wood","Spruce Wood"
8,1,10,4,0,"minecraft:cobblestone","Cobblestone"
8,1,11,4,0,"minecraft:cobblestone","Cobblestone"
8,1,12,4,0,"minecraft:cobblestone","Cobblestone"
8,1,13,17,1,"minecraft:spruce_wood","Spruce Wood"
8,1,14,191,0,"minecraft:dark_oak_fence","Oak Fence"
9,1,3,4,0,"minecraft:cobblestone","Cobblestone"
9,1,4,5,0,"minecraft:oak_planks","Oak Wood Plank"
9,1,5,5,0,"minecraft:oak_planks","Oak Wood Plank"
9,1,6,5,0,"minecraft:oak_planks","Oak Wood Plank"
9,1,7,5,0,"minecraft:oak_planks","Oak Wood Plank"
9,1,8,5,0,"minecraft:oak_planks","Oak Wood Plank"
9,1,9,5,0,"minecraft:oak_planks","Oak Wood Plank"
9,1,10,5,0,"minecraft:oak_planks","Oak Wood Plank"
9,1,11,5,0,"minecraft:oak_planks","Oak Wood Plank"
9,1,12,5,0,"minecraft:oak_planks","Oak Wood Plank"
9,1,13,4,0,"minecraft:cobblestone","Cobblestone"
9,1,14,18,0,"minecraft:oak_leaves","Oak Leaves"
10,1,3,4,0,"minecraft:cobblestone","Cobblestone"
10,1,4,5,0,"minecraft:oak_planks","Oak Wood Plank"
10,1,5,5,0,"minecraft:oak_planks","Oak Wood Plank"
10,1,6,5,0,"minecraft:oak_planks","Oak Wood Plank"
10,1,7,5,0,"minecraft:oak_planks","Oak Wood Plank"
10,1,8,5,0,"minecraft:oak_planks","Oak Wood Plank"
10,1,9,5,0,"minecraft:oak_planks","Oak Wood Plank"
10,1,10,5,0,"minecraft:oak_planks","Oak Wood Plank"
10,1,11,33,0,"minecraft:piston","Piston (Facing up, Extended)"
10,1,12,5,0,"minecraft:oak_planks","Oak Wood Plank"
10,1,13,4,0,"minecraft:cobblestone","Cobblestone"
10,1,14,18,0,"minecraft:oak_leaves","Oak Leaves"
11,1,3,4,0,"minecraft:cobblestone","Cobblestone"
11,1,4,5,0,"minecraft:oak_planks","Oak Wood Plank"
11,1,5,5,0,"minecraft:oak_planks","Oak Wood Plank"
11,1,6,5,0,"minecraft:oak_planks","Oak Wood Plank"
11,1,7,5,0,"minecraft:oak_planks","Oak Wood Plank"
11,1,8,5,0,"minecraft:oak_planks","Oak Wood Plank"
11,1,9,5,0,"minecraft:oak_planks","Oak Wood Plank"
11,1,10,5,0,"minecraft:oak_planks","Oak Wood Plank"
11,1,11,33,0,"minecraft:piston","Piston (Facing up, Extended)"
11,1,12,5,0,"minecraft:oak_planks","Oak Wood Plank"
11,1,13,4,0,"minecraft:cobblestone","Cobblestone"
11,1,14,18,0,"minecraft:oak_leaves","Oak Leaves"
12,1,3,4,0,"minecraft:cobblestone","Cobblestone"
12,1,4,5,0,"minecraft:oak_planks","Oak Wood Plank"
12,1,5,5,0,"minecraft:oak_planks","Oak Wood Plank"
12,1,6,5,0,"minecraft:oak_planks","Oak Wood Plank"
12,1,7,5,0,"minecraft:oak_planks","Oak Wood Plank"
12,1,8,5,0,"minecraft:oak_planks","Oak Wood Plank"
12,1,9,5,0,"minecraft:oak_planks","Oak Wood Plank"
12,1,10,5,0,"minecraft:oak_planks","Oak Wood Plank"
12,1,11,126,0,"minecraft:oak_slab","Double Oak Wood Slab"
12,1,12,5,0,"minecraft:oak_planks","Oak Wood Plank"
12,1,13,4,0,"minecraft:cobblestone","Cobblestone"
12,1,14,18,0,"minecraft:oak_leaves","Oak Leaves"
13,1,3,4,0,"minecraft:cobblestone","Cobblestone"
13,1,4,5,0,"minecraft:oak_planks","Oak Wood Plank"
13,1,5,5,0,"minecraft:oak_planks","Oak Wood Plank"
13,1,6,5,0,"minecraft:oak_planks","Oak Wood Plank"
13,1,7,5,0,"minecraft:oak_planks","Oak Wood Plank"
13,1,8,5,0,"minecraft:oak_planks","Oak Wood Plank"
13,1,9,5,0,"minecraft:oak_planks","Oak Wood Plank"
13,1,10,5,0,"minecraft:oak_planks","Oak Wood Plank"
13,1,11,5,0,"minecraft:oak_planks","Oak Wood Plank"
13,1,12,5,0,"minecraft:oak_planks","Oak Wood Plank"
13,1,13,4,0,"minecraft:cobblestone","Cobblestone"
13,1,14,18,0,"minecraft:oak_leaves","Oak Leaves"
14,1,2,191,0,"minecraft:dark_oak_fence","Oak Fence"
14,1,3,17,1,"minecraft:spruce_wood","Spruce Wood"
14,1,4,4,0,"minecraft:cobblestone","Cobblestone"
14,1,5,4,0,"minecraft:cobblestone","Cobblestone"
14,1,6,4,0,"minecraft:cobblestone","Cobblestone"
14,1,7,4,0,"minecraft:cobblestone","Cobblestone"
14,1,8,4,0,"minecraft:cobblestone","Cobblestone"
14,1,9,17,1,"minecraft:spruce_wood","Spruce Wood"
14,1,10,4,0,"minecraft:cobblestone","Cobblestone"
14,1,11,4,0,"minecraft:cobblestone","Cobblestone"
14,1,12,4,0,"minecraft:cobblestone","Cobblestone"
14,1,13,17,1,"minecraft:spruce_wood","Spruce Wood"
14,1,14,191,0,"minecraft:dark_oak_fence","Oak Fence"
1,2,4,191,0,"minecraft:dark_oak_fence","Oak Fence"
1,2,5,37,0,"minecraft:dandelion","Dandelion"
1,2,6,37,0,"minecraft:dandelion","Dandelion"
1,2,7,38,0,"minecraft:poppy","Poppy"
1,2,8,191,0,"minecraft:dark_oak_fence","Oak Fence"
2,2,2,191,0,"minecraft:dark_oak_fence","Oak Fence"
2,2,3,17,1,"minecraft:spruce_wood","Spruce Wood"
2,2,4,4,0,"minecraft:cobblestone","Cobblestone"
2,2,5,67,0,"minecraft:cobblestone_stairs","Cobblestone Stairs (North, Normal)"
2,2,6,67,0,"minecraft:cobblestone_stairs","Cobblestone Stairs (North, Normal)"
2,2,7,67,0,"minecraft:cobblestone_stairs","Cobblestone Stairs (North, Normal)"
2,2,8,4,0,"minecraft:cobblestone","Cobblestone"
2,2,9,17,1,"minecraft:spruce_wood","Spruce Wood"
2,2,10,191,0,"minecraft:dark_oak_fence","Oak Fence"
2,2,11,191,0,"minecraft:dark_oak_fence","Oak Fence"
2,2,12,191,0,"minecraft:dark_oak_fence","Oak Fence"
2,2,13,191,0,"minecraft:dark_oak_fence","Oak Fence"
3,2,3,4,0,"minecraft:cobblestone","Cobblestone"
3,2,4,47,0,"minecraft:bookshelf","Bookshelf"
3,2,5,47,0,"minecraft:bookshelf","Bookshelf"
3,2,6,47,0,"minecraft:bookshelf","Bookshelf"
3,2,7,47,0,"minecraft:bookshelf","Bookshelf"
3,2,8,47,0,"minecraft:bookshelf","Bookshelf"
3,2,9,4,0,"minecraft:cobblestone","Cobblestone"
3,2,13,191,0,"minecraft:dark_oak_fence","Oak Fence"
4,2,3,4,0,"minecraft:cobblestone","Cobblestone"
4,2,4,5,0,"minecraft:oak_planks","Oak Wood Plank"
4,2,9,64,0,"minecraft:oak_door","Oak Door (Facing East, Closed, Lower)"
5,2,3,4,0,"minecraft:cobblestone","Cobblestone"
5,2,4,5,0,"minecraft:oak_planks","Oak Wood Plank"
5,2,9,64,0,"minecraft:oak_door","Oak Door (Facing East, Closed, Lower)"
6,2,3,4,0,"minecraft:cobblestone","Cobblestone"
6,2,4,5,0,"minecraft:oak_planks","Oak Wood Plank"
6,2,9,4,0,"minecraft:cobblestone","Cobblestone"
6,2,10,96,0,"minecraft:oak_trapdoor","Wooden Trapdoor (South from block, Open, Bottom half)"
6,2,11,96,0,"minecraft:oak_trapdoor","Wooden Trapdoor (South from block, Open, Bottom half)"
6,2,12,96,0,"minecraft:oak_trapdoor","Wooden Trapdoor (South from block, Open, Bottom half)"
6,2,13,191,0,"minecraft:dark_oak_fence","Oak Fence"
7,2,3,4,0,"minecraft:cobblestone","Cobblestone"
7,2,4,61,0,"minecraft:furnace","Furnace (Facing East)"
7,2,9,4,0,"minecraft:cobblestone","Cobblestone"
7,2,10,2,0,"minecraft:grass_block","Grass"
7,2,11,2,0,"minecraft:grass_block","Grass"
7,2,12,2,0,"minecraft:grass_block","Grass"
7,2,13,17,1,"minecraft:spruce_wood","Spruce Wood"
8,2,2,191,0,"minecraft:dark_oak_fence","Oak Fence"
8,2,3,17,1,"minecraft:spruce_wood","Spruce Wood"
8,2,4,5,0,"minecraft:oak_planks","Oak Wood Plank"
8,2,9,17,1,"minecraft:spruce_wood","Spruce Wood"
8,2,10,4,0,"minecraft:cobblestone","Cobblestone"
8,2,11,4,0,"minecraft:cobblestone","Cobblestone"
8,2,12,4,0,"minecraft:cobblestone","Cobblestone"
8,2,13,17,1,"minecraft:spruce_wood","Spruce Wood"
8,2,14,191,0,"minecraft:dark_oak_fence","Oak Fence"
9,2,3,4,0,"minecraft:cobblestone","Cobblestone"
9,2,4,5,0,"minecraft:oak_planks","Oak Wood Plank"
9,2,10,68,0,"minecraft:sign","Wall Sign, south"
9,2,12,68,0,"minecraft:sign","Wall Sign, south"
9,2,13,4,0,"minecraft:cobblestone","Cobblestone"
10,2,3,4,0,"minecraft:cobblestone","Cobblestone"
10,2,4,5,0,"minecraft:oak_planks","Oak Wood Plank"
10,2,9,68,0,"minecraft:sign","Wall Sign, west"
10,2,10,53,0,"minecraft:oak_stairs","Oak Wood Stairs (West, Normal)"
10,2,11,34,0,"minecraft:piston_head","Piston Head (Facing up, Not Extended)"
10,2,12,53,0,"minecraft:oak_stairs","Oak Wood Stairs (East, Normal)"
10,2,13,4,0,"minecraft:cobblestone","Cobblestone"
11,2,3,4,0,"minecraft:cobblestone","Cobblestone"
11,2,4,116,0,"minecraft:enchanting_table","Enchantment Table"
11,2,9,68,0,"minecraft:sign","Wall Sign, west"
11,2,10,53,0,"minecraft:oak_stairs","Oak Wood Stairs (West, Normal)"
11,2,11,34,0,"minecraft:piston_head","Piston Head (Facing up, Not Extended)"
11,2,12,53,0,"minecraft:oak_stairs","Oak Wood Stairs (East, Normal)"
11,2,13,4,0,"minecraft:cobblestone","Cobblestone"
12,2,3,4,0,"minecraft:cobblestone","Cobblestone"
12,2,4,5,0,"minecraft:oak_planks","Oak Wood Plank"
12,2,7,191,0,"minecraft:dark_oak_fence","Oak Fence"
12,2,10,68,0,"minecraft:sign","Wall Sign, north"
12,2,12,68,0,"minecraft:sign","Wall Sign, north"
12,2,13,4,0,"minecraft:cobblestone","Cobblestone"
13,2,3,4,0,"minecraft:cobblestone","Cobblestone"
13,2,4,5,0,"minecraft:oak_planks","Oak Wood Plank"
13,2,9,53,0,"minecraft:oak_stairs","Oak Wood Stairs (East, Normal)"
13,2,10,47,0,"minecraft:bookshelf","Bookshelf"
13,2,11,47,0,"minecraft:bookshelf","Bookshelf"
13,2,12,47,0,"minecraft:bookshelf","Bookshelf"
13,2,13,4,0,"minecraft:cobblestone","Cobblestone"
14,2,2,191,0,"minecraft:dark_oak_fence","Oak Fence"
14,2,3,17,1,"minecraft:spruce_wood","Spruce Wood"
14,2,4,4,0,"minecraft:cobblestone","Cobblestone"
14,2,5,4,0,"minecraft:cobblestone","Cobblestone"
14,2,6,4,0,"minecraft:cobblestone","Cobblestone"
14,2,7,4,0,"minecraft:cobblestone","Cobblestone"
14,2,8,4,0,"minecraft:cobblestone","Cobblestone"
14,2,9,17,1,"minecraft:spruce_wood","Spruce Wood"
14,2,10,4,0,"minecraft:cobblestone","Cobblestone"
14,2,11,4,0,"minecraft:cobblestone","Cobblestone"
14,2,12,4,0,"minecraft:cobblestone","Cobblestone"
14,2,13,17,1,"minecraft:spruce_wood","Spruce Wood"
14,2,14,191,0,"minecraft:dark_oak_fence","Oak Fence"
1,3,4,191,0,"minecraft:dark_oak_fence","Oak Fence"
1,3,8,191,0,"minecraft:dark_oak_fence","Oak Fence"
2,3,2,191,0,"minecraft:dark_oak_fence","Oak Fence"
2,3,3,17,1,"minecraft:spruce_wood","Spruce Wood"
2,3,4,35,0,"minecraft:white_wool","White Wool"
2,3,5,102,0,"minecraft:glass_pane","Glass Pane"
2,3,6,102,0,"minecraft:glass_pane","Glass Pane"
2,3,7,102,0,"minecraft:glass_pane","Glass Pane"
2,3,8,35,0,"minecraft:white_wool","White Wool"
2,3,9,17,1,"minecraft:spruce_wood","Spruce Wood"
2,3,10,191,0,"minecraft:dark_oak_fence","Oak Fence"
2,3,13,191,0,"minecraft:dark_oak_fence","Oak Fence"
3,3,3,35,0,"minecraft:white_wool","White Wool"
3,3,4,47,0,"minecraft:bookshelf","Bookshelf"
3,3,9,35,0,"minecraft:white_wool","White Wool"
4,3,3,35,0,"minecraft:white_wool","White Wool"
4,3,4,5,0,"minecraft:oak_planks","Oak Wood Plank"
4,3,9,64,0,"minecraft:oak_door","Oak Door (Hinge Left, Unpowered, Upper"
5,3,3,102,0,"minecraft:glass_pane","Glass Pane"
5,3,9,64,0,"minecraft:oak_door","Oak Door (Hinge Right, Unpowered, Upper)"
6,3,3,35,0,"minecraft:white_wool","White Wool"
6,3,4,5,0,"minecraft:oak_planks","Oak Wood Plank"
6,3,9,35,0,"minecraft:white_wool","White Wool"
7,3,3,35,0,"minecraft:white_wool","White Wool"
7,3,4,61,0,"minecraft:furnace","Furnace (Facing East)"
7,3,9,35,0,"minecraft:white_wool","White Wool"
7,3,10,38,0,"minecraft:poppy","Poppy"
7,3,11,37,0,"minecraft:dandelion","Dandelion"
7,3,12,37,0,"minecraft:dandelion","Dandelion"
7,3,13,191,0,"minecraft:dark_oak_fence","Oak Fence"
8,3,2,191,0,"minecraft:dark_oak_fence","Oak Fence"
8,3,3,17,1,"minecraft:spruce_wood","Spruce Wood"
8,3,4,5,0,"minecraft:oak_planks","Oak Wood Plank"
8,3,9,17,1,"minecraft:spruce_wood","Spruce Wood"
8,3,10,35,0,"minecraft:white_wool","White Wool"
8,3,11,102,0,"minecraft:glass_pane","Glass Pane"
8,3,12,35,0,"minecraft:white_wool","White Wool"
8,3,13,17,1,"minecraft:spruce_wood","Spruce Wood"
8,3,14,191,0,"minecraft:dark_oak_fence","Oak Fence"
9,3,3,35,0,"minecraft:white_wool","White Wool"
9,3,4,191,0,"minecraft:dark_oak_fence","Oak Fence"
9,3,13,35,0,"minecraft:white_wool","White Wool"
10,3,3,35,0,"minecraft:white_wool","White Wool"
10,3,13,35,0,"minecraft:white_wool","White Wool"
11,3,3,35,0,"minecraft:white_wool","White Wool"
11,3,13,102,0,"minecraft:glass_pane","Glass Pane"
12,3,3,35,0,"minecraft:white_wool","White Wool"
12,3,7,191,0,"minecraft:dark_oak_fence","Oak Fence"
12,3,13,35,0,"minecraft:white_wool","White Wool"
13,3,3,35,0,"minecraft:white_wool","White Wool"
13,3,4,191,0,"minecraft:dark_oak_fence","Oak Fence"
13,3,10,53,0,"minecraft:oak_stairs","Oak Wood Stairs (East, Normal)"
13,3,11,47,0,"minecraft:bookshelf","Bookshelf"
13,3,12,47,0,"minecraft:bookshelf","Bookshelf"
13,3,13,35,0,"minecraft:white_wool","White Wool"
14,3,2,191,0,"minecraft:dark_oak_fence","Oak Fence"
14,3,3,17,1,"minecraft:spruce_wood","Spruce Wood"
14,3,4,35,0,"minecraft:white_wool","White Wool"
14,3,5,35,0,"minecraft:white_wool","White Wool"
14,3,6,35,0,"minecraft:white_wool","White Wool"
14,3,7,35,0,"minecraft:white_wool","White Wool"
14,3,8,35,0,"minecraft:white_wool","White Wool"
14,3,9,17,1,"minecraft:spruce_wood","Spruce Wood"
14,3,10,35,0,"minecraft:white_wool","White Wool"
14,3,11,35,0,"minecraft:white_wool","White Wool"
14,3,12,35,0,"minecraft:white_wool","White Wool"
14,3,13,17,1,"minecraft:spruce_wood","Spruce Wood"
14,3,14,191,0,"minecraft:dark_oak_fence","Oak Fence"
1,4,4,98,0,"minecraft:stone_bricks","Stone Bricks"
1,4,5,53,0,"minecraft:oak_stairs","Oak Wood Stairs (North, Normal)"
1,4,6,53,0,"minecraft:oak_stairs","Oak Wood Stairs (North, Normal)"
1,4,7,53,0,"minecraft:oak_stairs","Oak Wood Stairs (North, Normal)"
1,4,8,98,0,"minecraft:stone_bricks","Stone Bricks"
2,4,2,17,1,"minecraft:spruce_wood","Spruce Wood"
2,4,3,17,1,"minecraft:spruce_wood","Spruce Wood"
2,4,4,35,0,"minecraft:white_wool","White Wool"
2,4,5,35,0,"minecraft:white_wool","White Wool"
2,4,6,35,0,"minecraft:white_wool","White Wool"
2,4,7,35,0,"minecraft:white_wool","White Wool"
2,4,8,35,0,"minecraft:white_wool","White Wool"
2,4,9,17,1,"minecraft:spruce_wood","Spruce Wood"
2,4,10,17,1,"minecraft:spruce_wood","Spruce Wood"
2,4,13,191,0,"minecraft:dark_oak_fence","Oak Fence"
3,4,2,191,0,"minecraft:dark_oak_fence","Oak Fence"
3,4,3,35,0,"minecraft:white_wool","White Wool"
3,4,4,47,0,"minecraft:bookshelf","Bookshelf"
3,4,9,35,0,"minecraft:white_wool","White Wool"
4,4,2,191,0,"minecraft:dark_oak_fence","Oak Fence"
4,4,3,35,0,"minecraft:white_wool","White Wool"
4,4,4,5,0,"minecraft:oak_planks","Oak Wood Plank"
4,4,9,35,0,"minecraft:white_wool","White Wool"
5,4,2,191,0,"minecraft:dark_oak_fence","Oak Fence"
5,4,3,102,0,"minecraft:glass_pane","Glass Pane"
5,4,8,50,0,"minecraft:torch","Torch (Facing West)"
5,4,9,35,0,"minecraft:white_wool","White Wool"
6,4,2,191,0,"minecraft:dark_oak_fence","Oak Fence"
6,4,3,35,0,"minecraft:white_wool","White Wool"
6,4,4,5,0,"minecraft:oak_planks","Oak Wood Plank"
6,4,9,35,0,"minecraft:white_wool","White Wool"
7,4,2,191,0,"minecraft:dark_oak_fence","Oak Fence"
7,4,3,35,0,"minecraft:white_wool","White Wool"
7,4,4,61,0,"minecraft:furnace","Furnace (Facing East)"
7,4,9,35,0,"minecraft:white_wool","White Wool"
7,4,13,191,0,"minecraft:dark_oak_fence","Oak Fence"
8,4,2,17,1,"minecraft:spruce_wood","Spruce Wood"
8,4,3,17,1,"minecraft:spruce_wood","Spruce Wood"
8,4,4,5,0,"minecraft:oak_planks","Oak Wood Plank"
8,4,9,17,1,"minecraft:spruce_wood","Spruce Wood"
8,4,10,35,0,"minecraft:white_wool","White Wool"
8,4,11,102,0,"minecraft:glass_pane","Glass Pane"
8,4,12,35,0,"minecraft:white_wool","White Wool"
8,4,13,17,1,"minecraft:spruce_wood","Spruce Wood"
8,4,14,17,1,"minecraft:spruce_wood","Spruce Wood"
9,4,2,191,0,"minecraft:dark_oak_fence","Oak Fence"
9,4,3,35,0,"minecraft:white_wool","White Wool"
9,4,4,109,0,"minecraft:stone_brick_stairs","Stone Brick Stairs (West)"
9,4,13,35,0,"minecraft:white_wool","White Wool"
9,4,14,191,0,"minecraft:dark_oak_fence","Oak Fence"
9,4,15,191,0,"minecraft:dark_oak_fence","Oak Fence"
10,4,2,191,0,"minecraft:dark_oak_fence","Oak Fence"
10,4,3,35,0,"minecraft:white_wool","White Wool"
10,4,4,53,0,"minecraft:oak_stairs","Oak Wood Stairs (West, Normal)"
10,4,12,50,0,"minecraft:torch","Torch (Facing West)"
10,4,13,35,0,"minecraft:white_wool","White Wool"
10,4,14,191,0,"minecraft:dark_oak_fence","Oak Fence"
11,4,2,191,0,"minecraft:dark_oak_fence","Oak Fence"
11,4,3,35,0,"minecraft:white_wool","White Wool"
11,4,4,53,0,"minecraft:oak_stairs","Oak Wood Stairs (West, Normal)"
11,4,13,102,0,"minecraft:glass_pane","Glass Pane"
11,4,14,191,0,"minecraft:dark_oak_fence","Oak Fence"
12,4,2,191,0,"minecraft:dark_oak_fence","Oak Fence"
12,4,3,35,0,"minecraft:white_wool","White Wool"
12,4,4,53,0,"minecraft:oak_stairs","Oak Wood Stairs (West, Normal)"
12,4,7,191,0,"minecraft:dark_oak_fence","Oak Fence"
12,4,13,35,0,"minecraft:white_wool","White Wool"
12,4,14,191,0,"minecraft:dark_oak_fence","Oak Fence"
13,4,2,191,0,"minecraft:dark_oak_fence","Oak Fence"
13,4,3,35,0,"minecraft:white_wool","White Wool"
13,4,4,109,0,"minecraft:stone_brick_stairs","Stone Brick Stairs (West)"
13,4,11,53,0,"minecraft:oak_stairs","Oak Wood Stairs (East, Normal)"
13,4,12,47,0,"minecraft:bookshelf","Bookshelf"
13,4,13,35,0,"minecraft:white_wool","White Wool"
13,4,14,191,0,"minecraft:dark_oak_fence","Oak Fence"
13,4,15,191,0,"minecraft:dark_oak_fence","Oak Fence"
14,4,2,17,1,"minecraft:spruce_wood","Spruce Wood"
14,4,3,17,1,"minecraft:spruce_wood","Spruce Wood"
14,4,4,35,0,"minecraft:white_wool","White Wool"
14,4,5,35,0,"minecraft:white_wool","White Wool"
14,4,6,35,0,"minecraft:white_wool","White Wool"
14,4,7,35,0,"minecraft:white_wool","White Wool"
14,4,8,35,0,"minecraft:white_wool","White Wool"
14,4,9,17,1,"minecraft:spruce_wood","Spruce Wood"
14,4,10,35,0,"minecraft:white_wool","White Wool"
14,4,11,35,0,"minecraft:white_wool","White Wool"
14,4,12,35,0,"minecraft:white_wool","White Wool"
14,4,13,17,1,"minecraft:spruce_wood","Spruce Wood"
14,4,14,17,1,"minecraft:spruce_wood","Spruce Wood"
15,4,3,53,0,"minecraft:oak_stairs","Oak Wood Stairs (South, Upside-down)"
15,4,5,53,0,"minecraft:oak_stairs","Oak Wood Stairs (South, Upside-down)"
15,4,7,53,0,"minecraft:oak_stairs","Oak Wood Stairs (South, Upside-down)"
15,4,9,53,0,"minecraft:oak_stairs","Oak Wood Stairs (South, Upside-down)"
15,4,11,53,0,"minecraft:oak_stairs","Oak Wood Stairs (South, Upside-down)"
15,4,13,53,0,"minecraft:oak_stairs","Oak Wood Stairs (South, Upside-down)"
1,5,4,191,0,"minecraft:dark_oak_fence","Oak Fence"
1,5,8,191,0,"minecraft:dark_oak_fence","Oak Fence"
2,5,1,17,1,"minecraft:spruce_wood","Spruce Wood"
2,5,2,17,1,"minecraft:spruce_wood","Spruce Wood"
2,5,3,17,1,"minecraft:spruce_wood","Spruce Wood"
2,5,4,17,1,"minecraft:spruce_wood","Spruce Wood"
2,5,5,17,1,"minecraft:spruce_wood","Spruce Wood"
2,5,6,17,1,"minecraft:spruce_wood","Spruce Wood"
2,5,7,17,1,"minecraft:spruce_wood","Spruce Wood"
2,5,8,17,1,"minecraft:spruce_wood","Spruce Wood"
2,5,9,17,1,"minecraft:spruce_wood","Spruce Wood"
2,5,10,17,1,"minecraft:spruce_wood","Spruce Wood"
2,5,12,126,0,"minecraft:oak_slab","(Stone) Wooden Slab (Upper)"
2,5,13,126,0,"minecraft:oak_slab","Wooden Slab"
3,5,1,191,0,"minecraft:dark_oak_fence","Oak Fence"
3,5,2,17,1,"minecraft:spruce_wood","Spruce Wood"
3,5,3,5,0,"minecraft:oak_planks","Oak Wood Plank"
3,5,4,5,0,"minecraft:oak_planks","Oak Wood Plank"
3,5,5,5,0,"minecraft:oak_planks","Oak Wood Plank"
3,5,6,5,0,"minecraft:oak_planks","Oak Wood Plank"
3,5,7,5,0,"minecraft:oak_planks","Oak Wood Plank"
3,5,8,5,0,"minecraft:oak_planks","Oak Wood Plank"
3,5,9,5,0,"minecraft:oak_planks","Oak Wood Plank"
3,5,10,17,1,"minecraft:spruce_wood","Spruce Wood"
3,5,12,126,0,"minecraft:oak_slab","(Stone) Wooden Slab (Upper)"
3,5,13,126,0,"minecraft:oak_slab","Wooden Slab"
4,5,1,191,0,"minecraft:dark_oak_fence","Oak Fence"
4,5,2,17,1,"minecraft:spruce_wood","Spruce Wood"
4,5,3,5,0,"minecraft:oak_planks","Oak Wood Plank"
4,5,4,5,0,"minecraft:oak_planks","Oak Wood Plank"
4,5,5,5,0,"minecraft:oak_planks","Oak Wood Plank"
4,5,6,5,0,"minecraft:oak_planks","Oak Wood Plank"
4,5,7,5,0,"minecraft:oak_planks","Oak Wood Plank"
4,5,8,5,0,"minecraft:oak_planks","Oak Wood Plank"
4,5,9,5,0,"minecraft:oak_planks","Oak Wood Plank"
4,5,10,17,1,"minecraft:spruce_wood","Spruce Wood"
4,5,12,126,0,"minecraft:oak_slab","(Stone) Wooden Slab (Upper)"
4,5,13,126,0,"minecraft:oak_slab","Wooden Slab"
5,5,1,191,0,"minecraft:dark_oak_fence","Oak Fence"
5,5,2,17,1,"minecraft:spruce_wood","Spruce Wood"
5,5,3,5,0,"minecraft:oak_planks","Oak Wood Plank"
5,5,4,5,0,"minecraft:oak_planks","Oak Wood Plank"
5,5,5,5,0,"minecraft:oak_planks","Oak Wood Plank"
5,5,6,5,0,"minecraft:oak_planks","Oak Wood Plank"
5,5,7,5,0,"minecraft:oak_planks","Oak Wood Plank"
5,5,8,5,0,"minecraft:oak_planks","Oak Wood Plank"
5,5,9,5,0,"minecraft:oak_planks","Oak Wood Plank"
5,5,10,17,1,"minecraft:spruce_wood","Spruce Wood"
5,5,12,126,0,"minecraft:oak_slab","(Stone) Wooden Slab (Upper)"
5,5,13,126,0,"minecraft:oak_slab","Wooden Slab"
6,5,1,191,0,"minecraft:dark_oak_fence","Oak Fence"
6,5,2,17,1,"minecraft:spruce_wood","Spruce Wood"
6,5,3,5,0,"minecraft:oak_planks","Oak Wood Plank"
6,5,4,5,0,"minecraft:oak_planks","Oak Wood Plank"
6,5,5,5,0,"minecraft:oak_planks","Oak Wood Plank"
6,5,6,5,0,"minecraft:oak_planks","Oak Wood Plank"
6,5,7,5,0,"minecraft:oak_planks","Oak Wood Plank"
6,5,8,5,0,"minecraft:oak_planks","Oak Wood Plank"
6,5,9,5,0,"minecraft:oak_planks","Oak Wood Plank"
6,5,10,17,1,"minecraft:spruce_wood","Spruce Wood"
6,5,12,126,0,"minecraft:oak_slab","(Stone) Wooden Slab (Upper)"
6,5,13,126,0,"minecraft:oak_slab","Wooden Slab"
7,5,1,191,0,"minecraft:dark_oak_fence","Oak Fence"
7,5,2,17,1,"minecraft:spruce_wood","Spruce Wood"
7,5,3,5,0,"minecraft:oak_planks","Oak Wood Plank"
7,5,4,5,0,"minecraft:oak_planks","Oak Wood Plank"
7,5,5,5,0,"minecraft:oak_planks","Oak Wood Plank"
7,5,6,5,0,"minecraft:oak_planks","Oak Wood Plank"
7,5,7,5,0,"minecraft:oak_planks","Oak Wood Plank"
7,5,8,5,0,"minecraft:oak_planks","Oak Wood Plank"
7,5,9,5,0,"minecraft:oak_planks","Oak Wood Plank"
7,5,10,17,1,"minecraft:spruce_wood","Spruce Wood"
7,5,12,126,0,"minecraft:oak_slab","(Stone) Wooden Slab (Upper)"
7,5,13,126,0,"minecraft:oak_slab","Wooden Slab"
8,5,1,17,1,"minecraft:spruce_wood","Spruce Wood"
8,5,2,17,1,"minecraft:spruce_wood","Spruce Wood"
8,5,3,17,1,"minecraft:spruce_wood","Spruce Wood"
8,5,4,17,1,"minecraft:spruce_wood","Spruce Wood"
8,5,5,17,1,"minecraft:spruce_wood","Spruce Wood"
8,5,6,17,1,"minecraft:spruce_wood","Spruce Wood"
8,5,7,17,1,"minecraft:spruce_wood","Spruce Wood"
8,5,8,17,1,"minecraft:spruce_wood","Spruce Wood"
8,5,9,5,0,"minecraft:oak_planks","Oak Wood Plank"
8,5,10,17,1,"minecraft:spruce_wood","Spruce Wood"
8,5,11,17,1,"minecraft:spruce_wood","Spruce Wood"
8,5,12,17,1,"minecraft:spruce_wood","Spruce Wood"
8,5,13,17,1,"minecraft:spruce_wood","Spruce Wood"
8,5,14,17,1,"minecraft:spruce_wood","Spruce Wood"
9,5,1,191,0,"minecraft:dark_oak_fence","Oak Fence"
9,5,2,17,1,"minecraft:spruce_wood","Spruce Wood"
9,5,3,17,1,"minecraft:spruce_wood","Spruce Wood"
9,5,7,5,0,"minecraft:oak_planks","Oak Wood Plank"
9,5,8,5,0,"minecraft:oak_planks","Oak Wood Plank"
9,5,9,5,0,"minecraft:oak_planks","Oak Wood Plank"
9,5,10,5,0,"minecraft:oak_planks","Oak Wood Plank"
9,5,11,5,0,"minecraft:oak_planks","Oak Wood Plank"
9,5,12,5,0,"minecraft:oak_planks","Oak Wood Plank"
9,5,13,5,0,"minecraft:oak_planks","Oak Wood Plank"
9,5,14,17,1,"minecraft:spruce_wood","Spruce Wood"
9,5,15,98,0,"minecraft:stone_bricks","Stone Bricks"
10,5,1,191,0,"minecraft:dark_oak_fence","Oak Fence"
10,5,2,17,1,"minecraft:spruce_wood","Spruce Wood"
10,5,3,17,1,"minecraft:spruce_wood","Spruce Wood"
10,5,7,5,0,"minecraft:oak_planks","Oak Wood Plank"
10,5,8,5,0,"minecraft:oak_planks","Oak Wood Plank"
10,5,9,5,0,"minecraft:oak_planks","Oak Wood Plank"
10,5,10,5,0,"minecraft:oak_planks","Oak Wood Plank"
10,5,11,5,0,"minecraft:oak_planks","Oak Wood Plank"
10,5,12,5,0,"minecraft:oak_planks","Oak Wood Plank"
10,5,13,5,0,"minecraft:oak_planks","Oak Wood Plank"
10,5,14,17,1,"minecraft:spruce_wood","Spruce Wood"
10,5,15,109,0,"minecraft:stone_brick_stairs","Stone Brick Stairs (West)"
11,5,1,191,0,"minecraft:dark_oak_fence","Oak Fence"
11,5,2,17,1,"minecraft:spruce_wood","Spruce Wood"
11,5,3,17,1,"minecraft:spruce_wood","Spruce Wood"
11,5,7,5,0,"minecraft:oak_planks","Oak Wood Plank"
11,5,8,5,0,"minecraft:oak_planks","Oak Wood Plank"
11,5,9,5,0,"minecraft:oak_planks","Oak Wood Plank"
11,5,10,5,0,"minecraft:oak_planks","Oak Wood Plank"
11,5,11,5,0,"minecraft:oak_planks","Oak Wood Plank"
11,5,12,5,0,"minecraft:oak_planks","Oak Wood Plank"
11,5,13,5,0,"minecraft:oak_planks","Oak Wood Plank"
11,5,14,17,1,"minecraft:spruce_wood","Spruce Wood"
11,5,15,109,0,"minecraft:stone_brick_stairs","Stone Brick Stairs (West)"
12,5,1,191,0,"minecraft:dark_oak_fence","Oak Fence"
12,5,2,17,1,"minecraft:spruce_wood","Spruce Wood"
12,5,3,17,1,"minecraft:spruce_wood","Spruce Wood"
12,5,7,5,0,"minecraft:oak_planks","Oak Wood Plank"
12,5,8,5,0,"minecraft:oak_planks","Oak Wood Plank"
12,5,9,5,0,"minecraft:oak_planks","Oak Wood Plank"
12,5,10,5,0,"minecraft:oak_planks","Oak Wood Plank"
12,5,11,5,0,"minecraft:oak_planks","Oak Wood Plank"
12,5,12,5,0,"minecraft:oak_planks","Oak Wood Plank"
12,5,13,5,0,"minecraft:oak_planks","Oak Wood Plank"
12,5,14,17,1,"minecraft:spruce_wood","Spruce Wood"
12,5,15,109,0,"minecraft:stone_brick_stairs","Stone Brick Stairs (West)"
13,5,1,191,0,"minecraft:dark_oak_fence","Oak Fence"
13,5,2,17,1,"minecraft:spruce_wood","Spruce Wood"
13,5,3,17,1,"minecraft:spruce_wood","Spruce Wood"
13,5,12,53,0,"minecraft:oak_stairs","Oak Wood Stairs (East, Normal)"
13,5,13,5,0,"minecraft:oak_planks","Oak Wood Plank"
13,5,14,17,1,"minecraft:spruce_wood","Spruce Wood"
13,5,15,98,0,"minecraft:stone_bricks","Stone Bricks"
14,5,1,17,1,"minecraft:spruce_wood","Spruce Wood"
14,5,2,17,1,"minecraft:spruce_wood","Spruce Wood"
14,5,3,17,1,"minecraft:spruce_wood","Spruce Wood"
14,5,4,17,1,"minecraft:spruce_wood","Spruce Wood"
14,5,5,17,1,"minecraft:spruce_wood","Spruce Wood"
14,5,6,17,1,"minecraft:spruce_wood","Spruce Wood"
14,5,7,17,1,"minecraft:spruce_wood","Spruce Wood"
14,5,8,17,1,"minecraft:spruce_wood","Spruce Wood"
14,5,9,17,1,"minecraft:spruce_wood","Spruce Wood"
14,5,10,17,1,"minecraft:spruce_wood","Spruce Wood"
14,5,11,17,1,"minecraft:spruce_wood","Spruce Wood"
14,5,12,17,1,"minecraft:spruce_wood","Spruce Wood"
14,5,13,17,1,"minecraft:spruce_wood","Spruce Wood"
14,5,14,17,1,"minecraft:spruce_wood","Spruce Wood"
14,5,15,53,0,"minecraft:oak_stairs","Oak Wood Stairs (West, Normal)"
15,5,1,126,0,"minecraft:oak_slab","Wooden Slab"
15,5,2,53,0,"minecraft:oak_stairs","Oak Wood Stairs (South, Normal)"
15,5,4,17,1,"minecraft:spruce_wood","Spruce Wood"
15,5,6,53,0,"minecraft:oak_stairs","Oak Wood Stairs (South, Normal)"
15,5,8,17,1,"minecraft:spruce_wood","Spruce Wood"
15,5,10,53,0,"minecraft:oak_stairs","Oak Wood Stairs (South, Normal)"
15,5,12,53,0,"minecraft:oak_stairs","Oak Wood Stairs (South, Normal)"
15,5,14,53,0,"minecraft:oak_stairs","Oak Wood Stairs (South, Normal)"
15,5,15,126,0,"minecraft:oak_slab","Wooden Slab"
1,6,4,191,0,"minecraft:dark_oak_fence","Oak Fence"
1,6,5,53,0,"minecraft:oak_stairs","Oak Wood Stairs (North, Upside-down)"
1,6,6,53,0,"minecraft:oak_stairs","Oak Wood Stairs (North, Upside-down)"
1,6,7,53,0,"minecraft:oak_stairs","Oak Wood Stairs (North, Upside-down)"
1,6,8,191,0,"minecraft:dark_oak_fence","Oak Fence"
2,6,1,191,0,"minecraft:dark_oak_fence","Oak Fence"
2,6,2,17,1,"minecraft:spruce_wood","Spruce Wood"
2,6,3,5,0,"minecraft:oak_planks","Oak Wood Plank"
2,6,4,35,0,"minecraft:white_wool","White Wool"
2,6,5,35,0,"minecraft:white_wool","White Wool"
2,6,6,35,0,"minecraft:white_wool","White Wool"
2,6,7,35,0,"minecraft:white_wool","White Wool"
2,6,8,35,0,"minecraft:white_wool","White Wool"
2,6,9,5,0,"minecraft:oak_planks","Oak Wood Plank"
2,6,10,17,1,"minecraft:spruce_wood","Spruce Wood"
2,6,11,126,0,"minecraft:oak_slab","Wooden Slab"
3,6,2,5,0,"minecraft:oak_planks","Oak Wood Plank"
3,6,4,47,0,"minecraft:bookshelf","Bookshelf"
3,6,6,84,0,"minecraft:jukebox","Jukebox"
3,6,10,5,0,"minecraft:oak_planks","Oak Wood Plank"
3,6,11,126,0,"minecraft:oak_slab","Wooden Slab"
4,6,2,35,0,"minecraft:white_wool","White Wool"
4,6,3,53,0,"minecraft:oak_stairs","Oak Wood Stairs (West, Normal)"
4,6,4,17,1,"minecraft:spruce_wood","Spruce Wood"
4,6,10,35,0,"minecraft:white_wool","White Wool"
4,6,11,126,0,"minecraft:oak_slab","Wooden Slab"
5,6,1,191,0,"minecraft:dark_oak_fence","Oak Fence"
5,6,2,35,0,"minecraft:white_wool","White Wool"
5,6,4,47,0,"minecraft:bookshelf","Bookshelf"
5,6,10,53,0,"minecraft:oak_stairs","Oak Wood Stairs (West, Normal)"
5,6,11,126,0,"minecraft:oak_slab","Wooden Slab"
6,6,2,35,0,"minecraft:white_wool","White Wool"
6,6,10,35,0,"minecraft:white_wool","White Wool"
6,6,11,126,0,"minecraft:oak_slab","Wooden Slab"
7,6,2,5,0,"minecraft:oak_planks","Oak Wood Plank"
7,6,3,47,0,"minecraft:bookshelf","Bookshelf"
7,6,4,47,0,"minecraft:bookshelf","Bookshelf"
7,6,5,47,0,"minecraft:bookshelf","Bookshelf"
7,6,6,47,0,"minecraft:bookshelf","Bookshelf"
7,6,7,17,1,"minecraft:spruce_wood","Spruce Wood"
7,6,10,5,0,"minecraft:oak_planks","Oak Wood Plank"
7,6,11,126,0,"minecraft:oak_slab","Wooden Slab"
8,6,1,191,0,"minecraft:dark_oak_fence","Oak Fence"
8,6,2,17,1,"minecraft:spruce_wood","Spruce Wood"
8,6,3,17,1,"minecraft:spruce_wood","Spruce Wood"
8,6,4,5,0,"minecraft:oak_planks","Oak Wood Plank"
8,6,5,17,1,"minecraft:spruce_wood","Spruce Wood"
8,6,6,5,0,"minecraft:oak_planks","Oak Wood Plank"
8,6,7,17,1,"minecraft:spruce_wood","Spruce Wood"
8,6,9,17,1,"minecraft:spruce_wood","Spruce Wood"
8,6,10,17,1,"minecraft:spruce_wood","Spruce Wood"
8,6,11,5,0,"minecraft:oak_planks","Oak Wood Plank"
8,6,12,53,0,"minecraft:oak_stairs","Oak Wood Stairs (North, Normal)"
8,6,13,5,0,"minecraft:oak_planks","Oak Wood Plank"
8,6,14,17,1,"minecraft:spruce_wood","Spruce Wood"
9,6,2,5,0,"minecraft:oak_planks","Oak Wood Plank"
9,6,3,17,1,"minecraft:spruce_wood","Spruce Wood"
9,6,7,17,1,"minecraft:spruce_wood","Spruce Wood"
9,6,9,17,1,"minecraft:spruce_wood","Spruce Wood"
9,6,10,5,0,"minecraft:oak_planks","Oak Wood Plank"
9,6,11,53,0,"minecraft:oak_stairs","Oak Wood Stairs (West, Normal)"
9,6,14,5,0,"minecraft:oak_planks","Oak Wood Plank"
9,6,15,191,0,"minecraft:dark_oak_fence","Oak Fence"
10,6,2,35,0,"minecraft:white_wool","White Wool"
10,6,7,191,0,"minecraft:dark_oak_fence","Oak Fence"
10,6,9,17,1,"minecraft:spruce_wood","Spruce Wood"
10,6,10,17,1,"minecraft:spruce_wood","Spruce Wood"
10,6,11,17,1,"minecraft:spruce_wood","Spruce Wood"
10,6,14,102,0,"minecraft:glass_pane","Glass Pane"
11,6,1,191,0,"minecraft:dark_oak_fence","Oak Fence"
11,6,2,35,0,"minecraft:white_wool","White Wool"
11,6,7,17,1,"minecraft:spruce_wood","Spruce Wood"
11,6,14,102,0,"minecraft:glass_pane","Glass Pane"
12,6,2,35,0,"minecraft:white_wool","White Wool"
12,6,7,191,0,"minecraft:dark_oak_fence","Oak Fence"
12,6,8,191,0,"minecraft:dark_oak_fence","Oak Fence"
12,6,9,191,0,"minecraft:dark_oak_fence","Oak Fence"
12,6,10,191,0,"minecraft:dark_oak_fence","Oak Fence"
12,6,11,191,0,"minecraft:dark_oak_fence","Oak Fence"
12,6,14,102,0,"minecraft:glass_pane","Glass Pane"
13,6,2,5,0,"minecraft:oak_planks","Oak Wood Plank"
13,6,3,17,1,"minecraft:spruce_wood","Spruce Wood"
13,6,14,5,0,"minecraft:oak_planks","Oak Wood Plank"
13,6,15,191,0,"minecraft:dark_oak_fence","Oak Fence"
14,6,1,191,0,"minecraft:dark_oak_fence","Oak Fence"
14,6,2,17,1,"minecraft:spruce_wood","Spruce Wood"
14,6,3,5,0,"minecraft:oak_planks","Oak Wood Plank"
14,6,4,35,0,"minecraft:white_wool","White Wool"
14,6,5,35,0,"minecraft:white_wool","White Wool"
14,6,6,35,0,"minecraft:white_wool","White Wool"
14,6,7,35,0,"minecraft:white_wool","White Wool"
14,6,8,35,0,"minecraft:white_wool","White Wool"
14,6,9,5,0,"minecraft:oak_planks","Oak Wood Plank"
14,6,10,17,1,"minecraft:spruce_wood","Spruce Wood"
14,6,11,5,0,"minecraft:oak_planks","Oak Wood Plank"
14,6,12,53,0,"minecraft:oak_stairs","Oak Wood Stairs (South, Normal)"
14,6,13,5,0,"minecraft:oak_planks","Oak Wood Plank"
14,6,14,17,1,"minecraft:spruce_wood","Spruce Wood"
15,6,4,191,0,"minecraft:dark_oak_fence","Oak Fence"
15,6,8,191,0,"minecraft:dark_oak_fence","Oak Fence"
1,7,4,191,0,"minecraft:dark_oak_fence","Oak Fence"
1,7,8,191,0,"minecraft:dark_oak_fence","Oak Fence"
2,7,1,191,0,"minecraft:dark_oak_fence","Oak Fence"
2,7,2,17,1,"minecraft:spruce_wood","Spruce Wood"
2,7,3,5,0,"minecraft:oak_planks","Oak Wood Plank"
2,7,4,35,0,"minecraft:white_wool","White Wool"
2,7,5,102,0,"minecraft:glass_pane","Glass Pane"
2,7,6,102,0,"minecraft:glass_pane","Glass Pane"
2,7,7,102,0,"minecraft:glass_pane","Glass Pane"
2,7,8,35,0,"minecraft:white_wool","White Wool"
2,7,9,5,0,"minecraft:oak_planks","Oak Wood Plank"
2,7,10,17,1,"minecraft:spruce_wood","Spruce Wood"
3,7,2,5,0,"minecraft:oak_planks","Oak Wood Plank"
3,7,3,50,0,"minecraft:torch","Torch (Facing East)"
3,7,10,5,0,"minecraft:oak_planks","Oak Wood Plank"
4,7,1,96,0,"minecraft:oak_trapdoor","Wooden Trapdoor (East from block, Open, Bottom half)"
4,7,2,35,0,"minecraft:white_wool","White Wool"
4,7,10,35,0,"minecraft:white_wool","White Wool"
4,7,11,96,0,"minecraft:oak_trapdoor","Wooden Trapdoor (North from block, Open, Bottom half)"
5,7,2,102,0,"minecraft:glass_pane","Glass Pane"
5,7,4,191,0,"minecraft:dark_oak_fence","Oak Fence"
5,7,10,102,0,"minecraft:glass_pane","Glass Pane"
6,7,1,96,0,"minecraft:oak_trapdoor","Wooden Trapdoor (East from block, Open, Bottom half)"
6,7,2,35,0,"minecraft:white_wool","White Wool"
6,7,10,35,0,"minecraft:white_wool","White Wool"
6,7,11,96,0,"minecraft:oak_trapdoor","Wooden Trapdoor (North from block, Open, Bottom half)"
7,7,2,5,0,"minecraft:oak_planks","Oak Wood Plank"
7,7,3,47,0,"minecraft:bookshelf","Bookshelf"
7,7,4,47,0,"minecraft:bookshelf","Bookshelf"
7,7,5,47,0,"minecraft:bookshelf","Bookshelf"
7,7,6,47,0,"minecraft:bookshelf","Bookshelf"
7,7,7,17,1,"minecraft:spruce_wood","Spruce Wood"
7,7,10,5,0,"minecraft:oak_planks","Oak Wood Plank"
8,7,1,191,0,"minecraft:dark_oak_fence","Oak Fence"
8,7,2,17,1,"minecraft:spruce_wood","Spruce Wood"
8,7,3,17,1,"minecraft:spruce_wood","Spruce Wood"
8,7,4,5,0,"minecraft:oak_planks","Oak Wood Plank"
8,7,5,17,1,"minecraft:spruce_wood","Spruce Wood"
8,7,6,5,0,"minecraft:oak_planks","Oak Wood Plank"
8,7,7,17,1,"minecraft:spruce_wood","Spruce Wood"
8,7,9,17,1,"minecraft:spruce_wood","Spruce Wood"
8,7,10,17,1,"minecraft:spruce_wood","Spruce Wood"
8,7,11,5,0,"minecraft:oak_planks","Oak Wood Plank"
8,7,12,102,0,"minecraft:glass_pane","Glass Pane"
8,7,13,5,0,"minecraft:oak_planks","Oak Wood Plank"
8,7,14,17,1,"minecraft:spruce_wood","Spruce Wood"
9,7,2,5,0,"minecraft:oak_planks","Oak Wood Plank"
9,7,3,17,1,"minecraft:spruce_wood","Spruce Wood"
9,7,7,17,1,"minecraft:spruce_wood","Spruce Wood"
9,7,9,17,1,"minecraft:spruce_wood","Spruce Wood"
9,7,10,53,0,"minecraft:oak_stairs","Oak Wood Stairs (West, Normal)"
9,7,14,5,0,"minecraft:oak_planks","Oak Wood Plank"
9,7,15,191,0,"minecraft:dark_oak_fence","Oak Fence"
10,7,1,96,0,"minecraft:oak_trapdoor","Wooden Trapdoor (East from block, Open, Bottom half)"
10,7,2,35,0,"minecraft:white_wool","White Wool"
10,7,9,17,1,"minecraft:spruce_wood","Spruce Wood"
10,7,10,17,1,"minecraft:spruce_wood","Spruce Wood"
10,7,11,191,0,"minecraft:dark_oak_fence","Oak Fence"
10,7,14,102,0,"minecraft:glass_pane","Glass Pane"
11,7,2,102,0,"minecraft:glass_pane","Glass Pane"
11,7,7,17,1,"minecraft:spruce_wood","Spruce Wood"
11,7,14,102,0,"minecraft:glass_pane","Glass Pane"
12,7,1,96,0,"minecraft:oak_trapdoor","Wooden Trapdoor (East from block, Open, Bottom half)"
12,7,2,35,0,"minecraft:white_wool","White Wool"
12,7,14,102,0,"minecraft:glass_pane","Glass Pane"
13,7,2,5,0,"minecraft:oak_planks","Oak Wood Plank"
13,7,3,17,1,"minecraft:spruce_wood","Spruce Wood"
13,7,14,5,0,"minecraft:oak_planks","Oak Wood Plank"
13,7,15,191,0,"minecraft:dark_oak_fence","Oak Fence"
14,7,1,191,0,"minecraft:dark_oak_fence","Oak Fence"
14,7,2,17,1,"minecraft:spruce_wood","Spruce Wood"
14,7,3,5,0,"minecraft:oak_planks","Oak Wood Plank"
14,7,4,35,0,"minecraft:white_wool","White Wool"
14,7,5,102,0,"minecraft:glass_pane","Glass Pane"
14,7,6,102,0,"minecraft:glass_pane","Glass Pane"
14,7,7,102,0,"minecraft:glass_pane","Glass Pane"
14,7,8,35,0,"minecraft:white_wool","White Wool"
14,7,9,5,0,"minecraft:oak_planks","Oak Wood Plank"
14,7,10,17,1,"minecraft:spruce_wood","Spruce Wood"
14,7,11,5,0,"minecraft:oak_planks","Oak Wood Plank"
14,7,12,102,0,"minecraft:glass_pane","Glass Pane"
14,7,13,5,0,"minecraft:oak_planks","Oak Wood Plank"
14,7,14,17,1,"minecraft:spruce_wood","Spruce Wood"
15,7,4,191,0,"minecraft:dark_oak_fence","Oak Fence"
15,7,8,191,0,"minecraft:dark_oak_fence","Oak Fence"
1,8,4,191,0,"minecraft:dark_oak_fence","Oak Fence"
1,8,8,191,0,"minecraft:dark_oak_fence","Oak Fence"
2,8,1,191,0,"minecraft:dark_oak_fence","Oak Fence"
2,8,2,17,1,"minecraft:spruce_wood","Spruce Wood"
2,8,3,5,0,"minecraft:oak_planks","Oak Wood Plank"
2,8,4,35,0,"minecraft:white_wool","White Wool"
2,8,5,102,0,"minecraft:glass_pane","Glass Pane"
2,8,6,102,0,"minecraft:glass_pane","Glass Pane"
2,8,7,102,0,"minecraft:glass_pane","Glass Pane"
2,8,8,35,0,"minecraft:white_wool","White Wool"
2,8,9,5,0,"minecraft:oak_planks","Oak Wood Plank"
2,8,10,17,1,"minecraft:spruce_wood","Spruce Wood"
3,8,2,5,0,"minecraft:oak_planks","Oak Wood Plank"
3,8,4,44,0,"minecraft:stone_slab","Stone Slab"
3,8,10,5,0,"minecraft:oak_planks","Oak Wood Plank"
4,8,1,96,0,"minecraft:oak_trapdoor","Wooden Trapdoor (East from block, Open, Bottom half)"
4,8,2,35,0,"minecraft:white_wool","White Wool"
4,8,4,44,0,"minecraft:stone_slab","Stone Slab"
4,8,10,35,0,"minecraft:white_wool","White Wool"
4,8,11,96,0,"minecraft:oak_trapdoor","Wooden Trapdoor (North from block, Open, Bottom half)"
5,8,2,102,0,"minecraft:glass_pane","Glass Pane"
5,8,4,44,0,"minecraft:stone_slab","Stone Slab"
5,8,10,102,0,"minecraft:glass_pane","Glass Pane"
6,8,1,96,0,"minecraft:oak_trapdoor","Wooden Trapdoor (East from block, Open, Bottom half)"
6,8,2,35,0,"minecraft:white_wool","White Wool"
6,8,10,35,0,"minecraft:white_wool","White Wool"
6,8,11,96,0,"minecraft:oak_trapdoor","Wooden Trapdoor (North from block, Open, Bottom half)"
7,8,2,5,0,"minecraft:oak_planks","Oak Wood Plank"
7,8,3,47,0,"minecraft:bookshelf","Bookshelf"
7,8,4,47,0,"minecraft:bookshelf","Bookshelf"
7,8,5,47,0,"minecraft:bookshelf","Bookshelf"
7,8,6,47,0,"minecraft:bookshelf","Bookshelf"
7,8,7,17,1,"minecraft:spruce_wood","Spruce Wood"
7,8,10,5,0,"minecraft:oak_planks","Oak Wood Plank"
8,8,1,191,0,"minecraft:dark_oak_fence","Oak Fence"
8,8,2,17,1,"minecraft:spruce_wood","Spruce Wood"
8,8,3,17,1,"minecraft:spruce_wood","Spruce Wood"
8,8,4,5,0,"minecraft:oak_planks","Oak Wood Plank"
8,8,5,17,1,"minecraft:spruce_wood","Spruce Wood"
8,8,6,5,0,"minecraft:oak_planks","Oak Wood Plank"
8,8,7,17,1,"minecraft:spruce_wood","Spruce Wood"
8,8,8,5,0,"minecraft:oak_planks","Oak Wood Plank"
8,8,9,17,1,"minecraft:spruce_wood","Spruce Wood"
8,8,10,17,1,"minecraft:spruce_wood","Spruce Wood"
8,8,11,5,0,"minecraft:oak_planks","Oak Wood Plank"
8,8,12,53,0,"minecraft:oak_stairs","Oak Wood Stairs (North, Upside-down)"
8,8,13,5,0,"minecraft:oak_planks","Oak Wood Plank"
8,8,14,17,1,"minecraft:spruce_wood","Spruce Wood"
9,8,2,5,0,"minecraft:oak_planks","Oak Wood Plank"
9,8,3,17,1,"minecraft:spruce_wood","Spruce Wood"
9,8,7,17,1,"minecraft:spruce_wood","Spruce Wood"
9,8,8,5,0,"minecraft:oak_planks","Oak Wood Plank"
9,8,9,53,0,"minecraft:oak_stairs","Oak Wood Stairs (West, Normal)"
9,8,14,5,0,"minecraft:oak_planks","Oak Wood Plank"
9,8,15,191,0,"minecraft:dark_oak_fence","Oak Fence"
10,8,1,96,0,"minecraft:oak_trapdoor","Wooden Trapdoor (East from block, Open, Bottom half)"
10,8,2,35,0,"minecraft:white_wool","White Wool"
10,8,9,17,1,"minecraft:spruce_wood","Spruce Wood"
10,8,10,191,0,"minecraft:dark_oak_fence","Oak Fence"
10,8,14,102,0,"minecraft:glass_pane","Glass Pane"
11,8,2,102,0,"minecraft:glass_pane","Glass Pane"
11,8,7,17,1,"minecraft:spruce_wood","Spruce Wood"
11,8,14,102,0,"minecraft:glass_pane","Glass Pane"
12,8,1,96,0,"minecraft:oak_trapdoor","Wooden Trapdoor (East from block, Open, Bottom half)"
12,8,2,35,0,"minecraft:white_wool","White Wool"
12,8,14,102,0,"minecraft:glass_pane","Glass Pane"
13,8,2,5,0,"minecraft:oak_planks","Oak Wood Plank"
13,8,3,17,1,"minecraft:spruce_wood","Spruce Wood"
13,8,14,5,0,"minecraft:oak_planks","Oak Wood Plank"
13,8,15,191,0,"minecraft:dark_oak_fence","Oak Fence"
14,8,1,191,0,"minecraft:dark_oak_fence","Oak Fence"
14,8,2,17,1,"minecraft:spruce_wood","Spruce Wood"
14,8,3,5,0,"minecraft:oak_planks","Oak Wood Plank"
14,8,4,35,0,"minecraft:white_wool","White Wool"
14,8,5,102,0,"minecraft:glass_pane","Glass Pane"
14,8,6,102,0,"minecraft:glass_pane","Glass Pane"
14,8,7,102,0,"minecraft:glass_pane","Glass Pane"
14,8,8,35,0,"minecraft:white_wool","White Wool"
14,8,9,5,0,"minecraft:oak_planks","Oak Wood Plank"
14,8,10,17,1,"minecraft:spruce_wood","Spruce Wood"
14,8,11,5,0,"minecraft:oak_planks","Oak Wood Plank"
14,8,12,53,0,"minecraft:oak_stairs","Oak Wood Stairs (South, Upside-down)"
14,8,13,5,0,"minecraft:oak_planks","Oak Wood Plank"
14,8,14,17,1,"minecraft:spruce_wood","Spruce Wood"
15,8,4,191,0,"minecraft:dark_oak_fence","Oak Fence"
15,8,8,191,0,"minecraft:dark_oak_fence","Oak Fence"
1,9,1,109,0,"minecraft:stone_brick_stairs","Stone Brick Stairs (East)"
1,9,2,44,3,"minecraft:brick_slab","Stone Brick Slab"
1,9,3,44,3,"minecraft:brick_slab","Stone Brick Slab"
1,9,4,98,0,"minecraft:stone_bricks","Stone Bricks"
1,9,5,44,3,"minecraft:brick_slab","Stone Brick Slab"
1,9,6,44,3,"minecraft:brick_slab","Stone Brick Slab"
1,9,7,44,3,"minecraft:brick_slab","Stone Brick Slab"
1,9,8,98,0,"minecraft:stone_bricks","Stone Bricks"
1,9,9,44,3,"minecraft:brick_slab","Stone Brick Slab"
1,9,10,44,3,"minecraft:brick_slab","Stone Brick Slab"
1,9,11,109,0,"minecraft:stone_brick_stairs","Stone Brick Stairs (West)"
2,9,1,109,0,"minecraft:stone_brick_stairs","Stone Brick Stairs (East)"
2,9,2,17,1,"minecraft:spruce_wood","Spruce Wood"
2,9,3,17,1,"minecraft:spruce_wood","Spruce Wood"
2,9,4,17,1,"minecraft:spruce_wood","Spruce Wood"
2,9,5,35,0,"minecraft:white_wool","White Wool"
2,9,6,35,0,"minecraft:white_wool","White Wool"
2,9,7,35,0,"minecraft:white_wool","White Wool"
2,9,8,17,1,"minecraft:spruce_wood","Spruce Wood"
2,9,9,17,1,"minecraft:spruce_wood","Spruce Wood"
2,9,10,17,1,"minecraft:spruce_wood","Spruce Wood"
2,9,11,109,0,"minecraft:stone_brick_stairs","Stone Brick Stairs (West)"
3,9,1,109,0,"minecraft:stone_brick_stairs","Stone Brick Stairs (East)"
3,9,2,17,1,"minecraft:spruce_wood","Spruce Wood"
3,9,3,5,0,"minecraft:oak_planks","Oak Wood Plank"
3,9,4,5,0,"minecraft:oak_planks","Oak Wood Plank"
3,9,5,5,0,"minecraft:oak_planks","Oak Wood Plank"
3,9,6,5,0,"minecraft:oak_planks","Oak Wood Plank"
3,9,7,5,0,"minecraft:oak_planks","Oak Wood Plank"
3,9,8,5,0,"minecraft:oak_planks","Oak Wood Plank"
3,9,9,5,0,"minecraft:oak_planks","Oak Wood Plank"
3,9,10,17,1,"minecraft:spruce_wood","Spruce Wood"
3,9,11,109,0,"minecraft:stone_brick_stairs","Stone Brick Stairs (West)"
4,9,1,109,0,"minecraft:stone_brick_stairs","Stone Brick Stairs (East)"
4,9,2,17,1,"minecraft:spruce_wood","Spruce Wood"
4,9,3,5,0,"minecraft:oak_planks","Oak Wood Plank"
4,9,4,5,0,"minecraft:oak_planks","Oak Wood Plank"
4,9,5,5,0,"minecraft:oak_planks","Oak Wood Plank"
4,9,6,5,0,"minecraft:oak_planks","Oak Wood Plank"
4,9,7,5,0,"minecraft:oak_planks","Oak Wood Plank"
4,9,8,5,0,"minecraft:oak_planks","Oak Wood Plank"
4,9,9,5,0,"minecraft:oak_planks","Oak Wood Plank"
4,9,10,17,1,"minecraft:spruce_wood","Spruce Wood"
4,9,11,109,0,"minecraft:stone_brick_stairs","Stone Brick Stairs (West)"
5,9,1,109,0,"minecraft:stone_brick_stairs","Stone Brick Stairs (East)"
5,9,2,17,1,"minecraft:spruce_wood","Spruce Wood"
5,9,3,5,0,"minecraft:oak_planks","Oak Wood Plank"
5,9,4,5,0,"minecraft:oak_planks","Oak Wood Plank"
5,9,5,5,0,"minecraft:oak_planks","Oak Wood Plank"
5,9,6,5,0,"minecraft:oak_planks","Oak Wood Plank"
5,9,7,5,0,"minecraft:oak_planks","Oak Wood Plank"
5,9,8,5,0,"minecraft:oak_planks","Oak Wood Plank"
5,9,9,5,0,"minecraft:oak_planks","Oak Wood Plank"
5,9,10,17,1,"minecraft:spruce_wood","Spruce Wood"
5,9,11,109,0,"minecraft:stone_brick_stairs","Stone Brick Stairs (West)"
6,9,1,109,0,"minecraft:stone_brick_stairs","Stone Brick Stairs (East)"
6,9,2,17,1,"minecraft:spruce_wood","Spruce Wood"
6,9,3,5,0,"minecraft:oak_planks","Oak Wood Plank"
6,9,4,5,0,"minecraft:oak_planks","Oak Wood Plank"
6,9,5,5,0,"minecraft:oak_planks","Oak Wood Plank"
6,9,6,5,0,"minecraft:oak_planks","Oak Wood Plank"
6,9,7,5,0,"minecraft:oak_planks","Oak Wood Plank"
6,9,8,5,0,"minecraft:oak_planks","Oak Wood Plank"
6,9,9,5,0,"minecraft:oak_planks","Oak Wood Plank"
6,9,10,17,1,"minecraft:spruce_wood","Spruce Wood"
6,9,11,109,0,"minecraft:stone_brick_stairs","Stone Brick Stairs (West)"
7,9,1,98,0,"minecraft:stone_bricks","Stone Bricks"
7,9,2,17,1,"minecraft:spruce_wood","Spruce Wood"
7,9,3,5,0,"minecraft:oak_planks","Oak Wood Plank"
7,9,4,5,0,"minecraft:oak_planks","Oak Wood Plank"
7,9,5,5,0,"minecraft:oak_planks","Oak Wood Plank"
7,9,6,5,0,"minecraft:oak_planks","Oak Wood Plank"
7,9,7,5,0,"minecraft:oak_planks","Oak Wood Plank"
7,9,8,5,0,"minecraft:oak_planks","Oak Wood Plank"
7,9,9,5,0,"minecraft:oak_planks","Oak Wood Plank"
7,9,10,17,1,"minecraft:spruce_wood","Spruce Wood"
7,9,11,98,0,"minecraft:stone_bricks","Stone Bricks"
7,9,12,109,0,"minecraft:stone_brick_stairs","Stone Brick Stairs (North, Normal)"
7,9,13,109,0,"minecraft:stone_brick_stairs","Stone Brick Stairs (North, Normal)"
7,9,14,109,0,"minecraft:stone_brick_stairs","Stone Brick Stairs (North, Normal)"
7,9,15,109,0,"minecraft:stone_brick_stairs","Stone Brick Stairs (North, Normal)"
8,9,1,44,3,"minecraft:brick_slab","Stone Brick Slab"
8,9,2,17,1,"minecraft:spruce_wood","Spruce Wood"
8,9,3,17,1,"minecraft:spruce_wood","Spruce Wood"
8,9,4,17,1,"minecraft:spruce_wood","Spruce Wood"
8,9,5,17,1,"minecraft:spruce_wood","Spruce Wood"
8,9,6,17,1,"minecraft:spruce_wood","Spruce Wood"
8,9,7,17,1,"minecraft:spruce_wood","Spruce Wood"
8,9,8,17,1,"minecraft:spruce_wood","Spruce Wood"
8,9,9,17,1,"minecraft:spruce_wood","Spruce Wood"
8,9,10,17,1,"minecraft:spruce_wood","Spruce Wood"
8,9,11,17,1,"minecraft:spruce_wood","Spruce Wood"
8,9,12,17,1,"minecraft:spruce_wood","Spruce Wood"
8,9,13,17,1,"minecraft:spruce_wood","Spruce Wood"
8,9,14,17,1,"minecraft:spruce_wood","Spruce Wood"
8,9,15,44,3,"minecraft:brick_slab","Stone Brick Slab"
9,9,1,44,3,"minecraft:brick_slab","Stone Brick Slab"
9,9,2,17,1,"minecraft:spruce_wood","Spruce Wood"
9,9,3,17,1,"minecraft:spruce_wood","Spruce Wood"
9,9,4,17,1,"minecraft:spruce_wood","Spruce Wood"
9,9,5,17,1,"minecraft:spruce_wood","Spruce Wood"
9,9,6,17,1,"minecraft:spruce_wood","Spruce Wood"
9,9,7,5,0,"minecraft:oak_planks","Oak Wood Plank"
9,9,8,53,0,"minecraft:oak_stairs","Oak Wood Stairs (West, Normal)"
9,9,14,17,1,"minecraft:spruce_wood","Spruce Wood"
9,9,15,98,0,"minecraft:stone_bricks","Stone Bricks"
10,9,1,44,3,"minecraft:brick_slab","Stone Brick Slab"
10,9,2,17,1,"minecraft:spruce_wood","Spruce Wood"
10,9,3,17,1,"minecraft:spruce_wood","Spruce Wood"
10,9,6,17,1,"minecraft:spruce_wood","Spruce Wood"
10,9,7,17,1,"minecraft:spruce_wood","Spruce Wood"
10,9,8,17,1,"minecraft:spruce_wood","Spruce Wood"
10,9,9,191,0,"minecraft:dark_oak_fence","Oak Fence"
10,9,14,17,1,"minecraft:spruce_wood","Spruce Wood"
10,9,15,44,3,"minecraft:brick_slab","Stone Brick Slab"
11,9,1,44,3,"minecraft:brick_slab","Stone Brick Slab"
11,9,2,17,1,"minecraft:spruce_wood","Spruce Wood"
11,9,3,17,1,"minecraft:spruce_wood","Spruce Wood"
11,9,7,17,1,"minecraft:spruce_wood","Spruce Wood"
11,9,14,17,1,"minecraft:spruce_wood","Spruce Wood"
11,9,15,44,3,"minecraft:brick_slab","Stone Brick Slab"
12,9,1,44,3,"minecraft:brick_slab","Stone Brick Slab"
12,9,2,17,1,"minecraft:spruce_wood","Spruce Wood"
12,9,3,17,1,"minecraft:spruce_wood","Spruce Wood"
12,9,14,17,1,"minecraft:spruce_wood","Spruce Wood"
12,9,15,44,3,"minecraft:brick_slab","Stone Brick Slab"
13,9,1,44,3,"minecraft:brick_slab","Stone Brick Slab"
13,9,2,17,1,"minecraft:spruce_wood","Spruce Wood"
13,9,14,17,1,"minecraft:spruce_wood","Spruce Wood"
13,9,15,98,0,"minecraft:stone_bricks","Stone Bricks"
14,9,1,44,3,"minecraft:brick_slab","Stone Brick Slab"
14,9,2,17,1,"minecraft:spruce_wood","Spruce Wood"
14,9,3,17,1,"minecraft:spruce_wood","Spruce Wood"
14,9,4,17,1,"minecraft:spruce_wood","Spruce Wood"
14,9,5,17,1,"minecraft:spruce_wood","Spruce Wood"
14,9,6,17,1,"minecraft:spruce_wood","Spruce Wood"
14,9,7,17,1,"minecraft:spruce_wood","Spruce Wood"
14,9,8,17,1,"minecraft:spruce_wood","Spruce Wood"
14,9,9,17,1,"minecraft:spruce_wood","Spruce Wood"
14,9,10,17,1,"minecraft:spruce_wood","Spruce Wood"
14,9,11,17,1,"minecraft:spruce_wood","Spruce Wood"
14,9,12,17,1,"minecraft:spruce_wood","Spruce Wood"
14,9,13,17,1,"minecraft:spruce_wood","Spruce Wood"
14,9,14,17,1,"minecraft:spruce_wood","Spruce Wood"
14,9,15,44,3,"minecraft:brick_slab","Stone Brick Slab"
15,9,1,109,0,"minecraft:stone_brick_stairs","Stone Brick Stairs (South, Normal)"
15,9,2,109,0,"minecraft:stone_brick_stairs","Stone Brick Stairs (South, Normal)"
15,9,3,109,0,"minecraft:stone_brick_stairs","Stone Brick Stairs (South, Normal)"
15,9,4,98,0,"minecraft:stone_bricks","Stone Bricks"
15,9,5,109,0,"minecraft:stone_brick_stairs","Stone Brick Stairs (South, Normal)"
15,9,6,109,0,"minecraft:stone_brick_stairs","Stone Brick Stairs (South, Normal)"
15,9,7,109,0,"minecraft:stone_brick_stairs","Stone Brick Stairs (South, Normal)"
15,9,8,98,0,"minecraft:stone_bricks","Stone Bricks"
15,9,9,109,0,"minecraft:stone_brick_stairs","Stone Brick Stairs (South, Normal)"
15,9,10,109,0,"minecraft:stone_brick_stairs","Stone Brick Stairs (South, Normal)"
15,9,11,109,0,"minecraft:stone_brick_stairs","Stone Brick Stairs (South, Normal)"
15,9,12,109,0,"minecraft:stone_brick_stairs","Stone Brick Stairs (South, Normal)"
15,9,13,109,0,"minecraft:stone_brick_stairs","Stone Brick Stairs (South, Normal)"
15,9,14,109,0,"minecraft:stone_brick_stairs","Stone Brick Stairs (South, Normal)"
15,9,15,109,0,"minecraft:stone_brick_stairs","Stone Brick Stairs (South, Normal)"
1,10,2,109,0,"minecraft:stone_brick_stairs","Stone Brick Stairs (East)"
1,10,3,109,0,"minecraft:stone_brick_stairs","Stone Brick Stairs (North, Normal)"
1,10,4,98,0,"minecraft:stone_bricks","Stone Bricks"
1,10,5,109,0,"minecraft:stone_brick_stairs","Stone Brick Stairs (North, Normal)"
1,10,6,109,0,"minecraft:stone_brick_stairs","Stone Brick Stairs (North, Normal)"
1,10,7,109,0,"minecraft:stone_brick_stairs","Stone Brick Stairs (North, Normal)"
1,10,8,98,0,"minecraft:stone_bricks","Stone Bricks"
1,10,9,109,0,"minecraft:stone_brick_stairs","Stone Brick Stairs (North, Normal)"
1,10,10,109,0,"minecraft:stone_brick_stairs","Stone Brick Stairs (West)"
2,10,2,53,0,"minecraft:oak_stairs","Oak Wood Stairs (East, Normal)"
2,10,3,17,1,"minecraft:spruce_wood","Spruce Wood"
2,10,4,35,0,"minecraft:white_wool","White Wool"
2,10,5,35,0,"minecraft:white_wool","White Wool"
2,10,6,35,0,"minecraft:white_wool","White Wool"
2,10,7,35,0,"minecraft:white_wool","White Wool"
2,10,8,35,0,"minecraft:white_wool","White Wool"
2,10,9,17,1,"minecraft:spruce_wood","Spruce Wood"
2,10,10,53,0,"minecraft:oak_stairs","Oak Wood Stairs (West, Normal)"
3,10,2,53,0,"minecraft:oak_stairs","Oak Wood Stairs (East, Normal)"
3,10,3,35,0,"minecraft:white_wool","White Wool"
3,10,9,35,0,"minecraft:white_wool","White Wool"
3,10,10,53,0,"minecraft:oak_stairs","Oak Wood Stairs (West, Normal)"
4,10,2,53,0,"minecraft:oak_stairs","Oak Wood Stairs (East, Normal)"
4,10,3,35,0,"minecraft:white_wool","White Wool"
4,10,9,35,0,"minecraft:white_wool","White Wool"
4,10,10,53,0,"minecraft:oak_stairs","Oak Wood Stairs (West, Normal)"
5,10,2,53,0,"minecraft:oak_stairs","Oak Wood Stairs (East, Normal)"
5,10,3,17,1,"minecraft:spruce_wood","Spruce Wood"
5,10,9,17,1,"minecraft:spruce_wood","Spruce Wood"
5,10,10,53,0,"minecraft:oak_stairs","Oak Wood Stairs (West, Normal)"
6,10,2,53,0,"minecraft:oak_stairs","Oak Wood Stairs (East, Normal)"
6,10,3,35,0,"minecraft:white_wool","White Wool"
6,10,9,35,0,"minecraft:white_wool","White Wool"
6,10,10,53,0,"minecraft:oak_stairs","Oak Wood Stairs (West, Normal)"
7,10,2,53,0,"minecraft:oak_stairs","Oak Wood Stairs (East, Normal)"
7,10,3,35,0,"minecraft:white_wool","White Wool"
7,10,9,35,0,"minecraft:white_wool","White Wool"
7,10,10,53,0,"minecraft:oak_stairs","Oak Wood Stairs (West, Normal)"
8,10,1,109,0,"minecraft:stone_brick_stairs","Stone Brick Stairs (North, Normal)"
8,10,2,5,0,"minecraft:oak_planks","Oak Wood Plank"
8,10,3,17,1,"minecraft:spruce_wood","Spruce Wood"
8,10,9,17,1,"minecraft:spruce_wood","Spruce Wood"
8,10,10,5,0,"minecraft:oak_planks","Oak Wood Plank"
8,10,11,53,0,"minecraft:oak_stairs","Oak Wood Stairs (North, Normal)"
8,10,12,53,0,"minecraft:oak_stairs","Oak Wood Stairs (North, Normal)"
8,10,13,53,0,"minecraft:oak_stairs","Oak Wood Stairs (North, Normal)"
8,10,14,53,0,"minecraft:oak_stairs","Oak Wood Stairs (North, Normal)"
8,10,15,109,0,"minecraft:stone_brick_stairs","Stone Brick Stairs (North, Normal)"
9,10,2,35,0,"minecraft:white_wool","White Wool"
9,10,3,17,1,"minecraft:spruce_wood","Spruce Wood"
9,10,4,191,0,"minecraft:dark_oak_fence","Oak Fence"
9,10,5,191,0,"minecraft:dark_oak_fence","Oak Fence"
9,10,6,191,0,"minecraft:dark_oak_fence","Oak Fence"
9,10,14,5,0,"minecraft:oak_planks","Oak Wood Plank"
9,10,15,191,0,"minecraft:dark_oak_fence","Oak Fence"
10,10,2,35,0,"minecraft:white_wool","White Wool"
10,10,6,191,0,"minecraft:dark_oak_fence","Oak Fence"
10,10,7,191,0,"minecraft:dark_oak_fence","Oak Fence"
10,10,8,191,0,"minecraft:dark_oak_fence","Oak Fence"
10,10,14,35,0,"minecraft:white_wool","White Wool"
11,10,2,17,1,"minecraft:spruce_wood","Spruce Wood"
11,10,7,191,0,"minecraft:dark_oak_fence","Oak Fence"
11,10,14,17,1,"minecraft:spruce_wood","Spruce Wood"
12,10,2,35,0,"minecraft:white_wool","White Wool"
12,10,14,35,0,"minecraft:white_wool","White Wool"
13,10,2,35,0,"minecraft:white_wool","White Wool"
13,10,3,17,1,"minecraft:spruce_wood","Spruce Wood"
13,10,14,5,0,"minecraft:oak_planks","Oak Wood Plank"
13,10,15,191,0,"minecraft:dark_oak_fence","Oak Fence"
14,10,1,109,0,"minecraft:stone_brick_stairs","Stone Brick Stairs (South, Normal)"
14,10,2,53,0,"minecraft:oak_stairs","Oak Wood Stairs (South, Normal)"
14,10,3,17,1,"minecraft:spruce_wood","Spruce Wood"
14,10,4,35,0,"minecraft:white_wool","White Wool"
14,10,5,35,0,"minecraft:white_wool","White Wool"
14,10,6,35,0,"minecraft:white_wool","White Wool"
14,10,7,35,0,"minecraft:white_wool","White Wool"
14,10,8,35,0,"minecraft:white_wool","White Wool"
14,10,9,17,1,"minecraft:spruce_wood","Spruce Wood"
14,10,10,53,0,"minecraft:oak_stairs","Oak Wood Stairs (South, Normal)"
14,10,11,53,0,"minecraft:oak_stairs","Oak Wood Stairs (South, Normal)"
14,10,12,53,0,"minecraft:oak_stairs","Oak Wood Stairs (South, Normal)"
14,10,13,53,0,"minecraft:oak_stairs","Oak Wood Stairs (South, Normal)"
14,10,14,53,0,"minecraft:oak_stairs","Oak Wood Stairs (South, Normal)"
14,10,15,109,0,"minecraft:stone_brick_stairs","Stone Brick Stairs (South, Normal)"
15,10,4,191,0,"minecraft:dark_oak_fence","Oak Fence"
15,10,8,191,0,"minecraft:dark_oak_fence","Oak Fence"
1,11,4,191,0,"minecraft:dark_oak_fence","Oak Fence"
1,11,8,191,0,"minecraft:dark_oak_fence","Oak Fence"
2,11,3,17,1,"minecraft:spruce_wood","Spruce Wood"
2,11,4,35,0,"minecraft:white_wool","White Wool"
2,11,5,102,0,"minecraft:glass_pane","Glass Pane"
2,11,6,35,0,"minecraft:white_wool","White Wool"
2,11,7,102,0,"minecraft:glass_pane","Glass Pane"
2,11,8,35,0,"minecraft:white_wool","White Wool"
2,11,9,17,1,"minecraft:spruce_wood","Spruce Wood"
3,11,3,102,0,"minecraft:glass_pane","Glass Pane"
3,11,9,102,0,"minecraft:glass_pane","Glass Pane"
4,11,3,102,0,"minecraft:glass_pane","Glass Pane"
4,11,9,102,0,"minecraft:glass_pane","Glass Pane"
5,11,3,17,1,"minecraft:spruce_wood","Spruce Wood"
5,11,9,17,1,"minecraft:spruce_wood","Spruce Wood"
6,11,3,102,0,"minecraft:glass_pane","Glass Pane"
6,11,9,102,0,"minecraft:glass_pane","Glass Pane"
7,11,3,102,0,"minecraft:glass_pane","Glass Pane"
7,11,9,102,0,"minecraft:glass_pane","Glass Pane"
8,11,3,17,1,"minecraft:spruce_wood","Spruce Wood"
8,11,9,17,1,"minecraft:spruce_wood","Spruce Wood"
9,11,1,98,0,"minecraft:stone_bricks","Stone Bricks"
9,11,2,5,0,"minecraft:oak_planks","Oak Wood Plank"
9,11,3,17,1,"minecraft:spruce_wood","Spruce Wood"
9,11,10,5,0,"minecraft:oak_planks","Oak Wood Plank"
9,11,11,5,0,"minecraft:oak_planks","Oak Wood Plank"
9,11,12,5,0,"minecraft:oak_planks","Oak Wood Plank"
9,11,13,5,0,"minecraft:oak_planks","Oak Wood Plank"
9,11,14,5,0,"minecraft:oak_planks","Oak Wood Plank"
9,11,15,98,0,"minecraft:stone_bricks","Stone Bricks"
10,11,2,17,1,"minecraft:spruce_wood","Spruce Wood"
10,11,14,17,1,"minecraft:spruce_wood","Spruce Wood"
10,11,15,191,0,"minecraft:dark_oak_fence","Oak Fence"
11,11,2,17,1,"minecraft:spruce_wood","Spruce Wood"
11,11,7,50,0,"minecraft:torch","Torch (Facing Up)"
11,11,14,17,1,"minecraft:spruce_wood","Spruce Wood"
11,11,15,191,0,"minecraft:dark_oak_fence","Oak Fence"
12,11,2,17,1,"minecraft:spruce_wood","Spruce Wood"
12,11,14,17,1,"minecraft:spruce_wood","Spruce Wood"
12,11,15,191,0,"minecraft:dark_oak_fence","Oak Fence"
13,11,1,98,0,"minecraft:stone_bricks","Stone Bricks"
13,11,2,5,0,"minecraft:oak_planks","Oak Wood Plank"
13,11,3,17,1,"minecraft:spruce_wood","Spruce Wood"
13,11,10,5,0,"minecraft:oak_planks","Oak Wood Plank"
13,11,11,5,0,"minecraft:oak_planks","Oak Wood Plank"
13,11,12,5,0,"minecraft:oak_planks","Oak Wood Plank"
13,11,13,5,0,"minecraft:oak_planks","Oak Wood Plank"
13,11,14,5,0,"minecraft:oak_planks","Oak Wood Plank"
13,11,15,98,0,"minecraft:stone_bricks","Stone Bricks"
14,11,3,17,1,"minecraft:spruce_wood","Spruce Wood"
14,11,4,35,0,"minecraft:white_wool","White Wool"
14,11,5,102,0,"minecraft:glass_pane","Glass Pane"
14,11,6,35,0,"minecraft:white_wool","White Wool"
14,11,7,102,0,"minecraft:glass_pane","Glass Pane"
14,11,8,35,0,"minecraft:white_wool","White Wool"
14,11,9,17,1,"minecraft:spruce_wood","Spruce Wood"
15,11,4,191,0,"minecraft:dark_oak_fence","Oak Fence"
15,11,8,191,0,"minecraft:dark_oak_fence","Oak Fence"
1,12,4,191,0,"minecraft:dark_oak_fence","Oak Fence"
1,12,8,191,0,"minecraft:dark_oak_fence","Oak Fence"
2,12,3,17,1,"minecraft:spruce_wood","Spruce Wood"
2,12,4,35,0,"minecraft:white_wool","White Wool"
2,12,5,102,0,"minecraft:glass_pane","Glass Pane"
2,12,6,35,0,"minecraft:white_wool","White Wool"
2,12,7,102,0,"minecraft:glass_pane","Glass Pane"
2,12,8,35,0,"minecraft:white_wool","White Wool"
2,12,9,17,1,"minecraft:spruce_wood","Spruce Wood"
3,12,3,102,0,"minecraft:glass_pane","Glass Pane"
3,12,6,50,0,"minecraft:torch","Torch (Facing North)"
3,12,9,102,0,"minecraft:glass_pane","Glass Pane"
4,12,3,102,0,"minecraft:glass_pane","Glass Pane"
4,12,9,102,0,"minecraft:glass_pane","Glass Pane"
5,12,3,17,1,"minecraft:spruce_wood","Spruce Wood"
5,12,9,17,1,"minecraft:spruce_wood","Spruce Wood"
6,12,3,102,0,"minecraft:glass_pane","Glass Pane"
6,12,9,102,0,"minecraft:glass_pane","Glass Pane"
7,12,3,102,0,"minecraft:glass_pane","Glass Pane"
7,12,9,102,0,"minecraft:glass_pane","Glass Pane"
8,12,3,17,1,"minecraft:spruce_wood","Spruce Wood"
8,12,9,17,1,"minecraft:spruce_wood","Spruce Wood"
9,12,1,109,0,"minecraft:stone_brick_stairs","Stone Brick Stairs (North, Normal)"
9,12,2,53,0,"minecraft:oak_stairs","Oak Wood Stairs (North, Normal)"
9,12,3,17,1,"minecraft:spruce_wood","Spruce Wood"
9,12,9,17,1,"minecraft:spruce_wood","Spruce Wood"
9,12,10,53,0,"minecraft:oak_stairs","Oak Wood Stairs (North, Normal)"
9,12,11,53,0,"minecraft:oak_stairs","Oak Wood Stairs (North, Normal)"
9,12,12,53,0,"minecraft:oak_stairs","Oak Wood Stairs (North, Normal)"
9,12,13,53,0,"minecraft:oak_stairs","Oak Wood Stairs (North, Normal)"
9,12,14,53,0,"minecraft:oak_stairs","Oak Wood Stairs (North, Normal)"
9,12,15,109,0,"minecraft:stone_brick_stairs","Stone Brick Stairs (North, Normal)"
10,12,2,35,0,"minecraft:white_wool","White Wool"
10,12,14,35,0,"minecraft:white_wool","White Wool"
11,12,2,17,1,"minecraft:spruce_wood","Spruce Wood"
11,12,14,17,1,"minecraft:spruce_wood","Spruce Wood"
12,12,2,35,0,"minecraft:white_wool","White Wool"
12,12,14,35,0,"minecraft:white_wool","White Wool"
13,12,1,109,0,"minecraft:stone_brick_stairs","Stone Brick Stairs (South, Normal)"
13,12,2,53,0,"minecraft:oak_stairs","Oak Wood Stairs (South, Normal)"
13,12,3,17,1,"minecraft:spruce_wood","Spruce Wood"
13,12,10,53,0,"minecraft:oak_stairs","Oak Wood Stairs (South, Normal)"
13,12,11,53,0,"minecraft:oak_stairs","Oak Wood Stairs (South, Normal)"
13,12,12,53,0,"minecraft:oak_stairs","Oak Wood Stairs (South, Normal)"
13,12,13,53,0,"minecraft:oak_stairs","Oak Wood Stairs (South, Normal)"
13,12,14,53,0,"minecraft:oak_stairs","Oak Wood Stairs (South, Normal)"
13,12,15,109,0,"minecraft:stone_brick_stairs","Stone Brick Stairs (South, Normal)"
14,12,3,17,1,"minecraft:spruce_wood","Spruce Wood"
14,12,4,35,0,"minecraft:white_wool","White Wool"
14,12,5,102,0,"minecraft:glass_pane","Glass Pane"
14,12,6,35,0,"minecraft:white_wool","White Wool"
14,12,7,102,0,"minecraft:glass_pane","Glass Pane"
14,12,8,35,0,"minecraft:white_wool","White Wool"
14,12,9,17,1,"minecraft:spruce_wood","Spruce Wood"
15,12,4,191,0,"minecraft:dark_oak_fence","Oak Fence"
15,12,8,191,0,"minecraft:dark_oak_fence","Oak Fence"
1,13,2,109,0,"minecraft:stone_brick_stairs","Stone Brick Stairs (East)"
1,13,3,44,3,"minecraft:brick_slab","Stone Brick Slab"
1,13,4,98,0,"minecraft:stone_bricks","Stone Bricks"
1,13,5,44,3,"minecraft:brick_slab","Stone Brick Slab"
1,13,6,44,3,"minecraft:brick_slab","Stone Brick Slab"
1,13,7,44,3,"minecraft:brick_slab","Stone Brick Slab"
1,13,8,98,0,"minecraft:stone_bricks","Stone Bricks"
1,13,9,44,3,"minecraft:brick_slab","Stone Brick Slab"
1,13,10,109,0,"minecraft:stone_brick_stairs","Stone Brick Stairs (West)"
2,13,2,109,0,"minecraft:stone_brick_stairs","Stone Brick Stairs (East)"
2,13,3,17,1,"minecraft:spruce_wood","Spruce Wood"
2,13,4,17,1,"minecraft:spruce_wood","Spruce Wood"
2,13,5,17,1,"minecraft:spruce_wood","Spruce Wood"
2,13,6,17,1,"minecraft:spruce_wood","Spruce Wood"
2,13,7,17,1,"minecraft:spruce_wood","Spruce Wood"
2,13,8,17,1,"minecraft:spruce_wood","Spruce Wood"
2,13,9,17,1,"minecraft:spruce_wood","Spruce Wood"
2,13,10,109,0,"minecraft:stone_brick_stairs","Stone Brick Stairs (West)"
3,13,2,109,0,"minecraft:stone_brick_stairs","Stone Brick Stairs (East)"
3,13,3,17,1,"minecraft:spruce_wood","Spruce Wood"
3,13,9,17,1,"minecraft:spruce_wood","Spruce Wood"
3,13,10,109,0,"minecraft:stone_brick_stairs","Stone Brick Stairs (West)"
4,13,2,109,0,"minecraft:stone_brick_stairs","Stone Brick Stairs (East)"
4,13,3,17,1,"minecraft:spruce_wood","Spruce Wood"
4,13,9,17,1,"minecraft:spruce_wood","Spruce Wood"
4,13,10,109,0,"minecraft:stone_brick_stairs","Stone Brick Stairs (West)"
5,13,2,109,0,"minecraft:stone_brick_stairs","Stone Brick Stairs (East)"
5,13,3,17,1,"minecraft:spruce_wood","Spruce Wood"
5,13,9,17,1,"minecraft:spruce_wood","Spruce Wood"
5,13,10,109,0,"minecraft:stone_brick_stairs","Stone Brick Stairs (West)"
6,13,2,109,0,"minecraft:stone_brick_stairs","Stone Brick Stairs (East)"
6,13,3,17,1,"minecraft:spruce_wood","Spruce Wood"
6,13,9,17,1,"minecraft:spruce_wood","Spruce Wood"
6,13,10,109,0,"minecraft:stone_brick_stairs","Stone Brick Stairs (West)"
7,13,2,109,0,"minecraft:stone_brick_stairs","Stone Brick Stairs (East)"
7,13,3,17,1,"minecraft:spruce_wood","Spruce Wood"
7,13,9,17,1,"minecraft:spruce_wood","Spruce Wood"
7,13,10,109,0,"minecraft:stone_brick_stairs","Stone Brick Stairs (West)"
8,13,2,109,0,"minecraft:stone_brick_stairs","Stone Brick Stairs (East)"
8,13,3,17,1,"minecraft:spruce_wood","Spruce Wood"
8,13,9,17,1,"minecraft:spruce_wood","Spruce Wood"
8,13,10,109,0,"minecraft:stone_brick_stairs","Stone Brick Stairs (West)"
9,13,2,109,0,"minecraft:stone_brick_stairs","Stone Brick Stairs (East)"
9,13,3,17,1,"minecraft:spruce_wood","Spruce Wood"
9,13,9,17,1,"minecraft:spruce_wood","Spruce Wood"
9,13,10,109,0,"minecraft:stone_brick_stairs","Stone Brick Stairs (West)"
10,13,1,98,0,"minecraft:stone_bricks","Stone Bricks"
10,13,2,5,0,"minecraft:oak_planks","Oak Wood Plank"
10,13,3,17,1,"minecraft:spruce_wood","Spruce Wood"
10,13,9,17,1,"minecraft:spruce_wood","Spruce Wood"
10,13,10,5,0,"minecraft:oak_planks","Oak Wood Plank"
10,13,11,5,0,"minecraft:oak_planks","Oak Wood Plank"
10,13,12,5,0,"minecraft:oak_planks","Oak Wood Plank"
10,13,13,5,0,"minecraft:oak_planks","Oak Wood Plank"
10,13,14,5,0,"minecraft:oak_planks","Oak Wood Plank"
10,13,15,98,0,"minecraft:stone_bricks","Stone Bricks"
11,13,2,109,0,"minecraft:stone_brick_stairs","Stone Brick Stairs (East)"
11,13,3,17,1,"minecraft:spruce_wood","Spruce Wood"
11,13,9,17,1,"minecraft:spruce_wood","Spruce Wood"
11,13,14,17,1,"minecraft:spruce_wood","Spruce Wood"
11,13,15,191,0,"minecraft:dark_oak_fence","Oak Fence"
12,13,1,98,0,"minecraft:stone_bricks","Stone Bricks"
12,13,2,5,0,"minecraft:oak_planks","Oak Wood Plank"
12,13,3,17,1,"minecraft:spruce_wood","Spruce Wood"
12,13,9,17,1,"minecraft:spruce_wood","Spruce Wood"
12,13,10,5,0,"minecraft:oak_planks","Oak Wood Plank"
12,13,11,5,0,"minecraft:oak_planks","Oak Wood Plank"
12,13,12,5,0,"minecraft:oak_planks","Oak Wood Plank"
12,13,13,5,0,"minecraft:oak_planks","Oak Wood Plank"
12,13,14,5,0,"minecraft:oak_planks","Oak Wood Plank"
12,13,15,98,0,"minecraft:stone_bricks","Stone Bricks"
13,13,2,109,0,"minecraft:stone_brick_stairs","Stone Brick Stairs (East)"
13,13,3,17,1,"minecraft:spruce_wood","Spruce Wood"
13,13,9,17,1,"minecraft:spruce_wood","Spruce Wood"
13,13,10,109,0,"minecraft:stone_brick_stairs","Stone Brick Stairs (West)"
14,13,2,109,0,"minecraft:stone_brick_stairs","Stone Brick Stairs (East)"
14,13,3,17,1,"minecraft:spruce_wood","Spruce Wood"
14,13,4,17,1,"minecraft:spruce_wood","Spruce Wood"
14,13,5,17,1,"minecraft:spruce_wood","Spruce Wood"
14,13,6,17,1,"minecraft:spruce_wood","Spruce Wood"
14,13,7,17,1,"minecraft:spruce_wood","Spruce Wood"
14,13,8,17,1,"minecraft:spruce_wood","Spruce Wood"
14,13,9,17,1,"minecraft:spruce_wood","Spruce Wood"
14,13,10,109,0,"minecraft:stone_brick_stairs","Stone Brick Stairs (West)"
15,13,2,109,0,"minecraft:stone_brick_stairs","Stone Brick Stairs (East)"
15,13,3,44,3,"minecraft:brick_slab","Stone Brick Slab"
15,13,4,98,0,"minecraft:stone_bricks","Stone Bricks"
15,13,5,44,3,"minecraft:brick_slab","Stone Brick Slab"
15,13,6,44,3,"minecraft:brick_slab","Stone Brick Slab"
15,13,7,44,3,"minecraft:brick_slab","Stone Brick Slab"
15,13,8,98,0,"minecraft:stone_bricks","Stone Bricks"
15,13,9,44,3,"minecraft:brick_slab","Stone Brick Slab"
15,13,10,109,0,"minecraft:stone_brick_stairs","Stone Brick Stairs (West)"
1,14,3,109,0,"minecraft:stone_brick_stairs","Stone Brick Stairs (East)"
1,14,4,191,0,"minecraft:dark_oak_fence","Oak Fence"
1,14,8,191,0,"minecraft:dark_oak_fence","Oak Fence"
1,14,9,109,0,"minecraft:stone_brick_stairs","Stone Brick Stairs (West)"
2,14,3,53,0,"minecraft:oak_stairs","Oak Wood Stairs (East, Normal)"
2,14,4,35,0,"minecraft:white_wool","White Wool"
2,14,5,102,0,"minecraft:glass_pane","Glass Pane"
2,14,6,102,0,"minecraft:glass_pane","Glass Pane"
2,14,7,102,0,"minecraft:glass_pane","Glass Pane"
2,14,8,35,0,"minecraft:white_wool","White Wool"
2,14,9,53,0,"minecraft:oak_stairs","Oak Wood Stairs (West, Normal)"
3,14,3,53,0,"minecraft:oak_stairs","Oak Wood Stairs (East, Normal)"
3,14,9,53,0,"minecraft:oak_stairs","Oak Wood Stairs (West, Normal)"
4,14,3,53,0,"minecraft:oak_stairs","Oak Wood Stairs (East, Normal)"
4,14,9,53,0,"minecraft:oak_stairs","Oak Wood Stairs (West, Normal)"
5,14,3,53,0,"minecraft:oak_stairs","Oak Wood Stairs (East, Normal)"
5,14,9,53,0,"minecraft:oak_stairs","Oak Wood Stairs (West, Normal)"
6,14,3,53,0,"minecraft:oak_stairs","Oak Wood Stairs (East, Normal)"
6,14,9,53,0,"minecraft:oak_stairs","Oak Wood Stairs (West, Normal)"
7,14,3,53,0,"minecraft:oak_stairs","Oak Wood Stairs (East, Normal)"
7,14,9,53,0,"minecraft:oak_stairs","Oak Wood Stairs (West, Normal)"
8,14,3,53,0,"minecraft:oak_stairs","Oak Wood Stairs (East, Normal)"
8,14,9,53,0,"minecraft:oak_stairs","Oak Wood Stairs (West, Normal)"
9,14,3,53,0,"minecraft:oak_stairs","Oak Wood Stairs (East, Normal)"
9,14,9,53,0,"minecraft:oak_stairs","Oak Wood Stairs (West, Normal)"
10,14,1,109,0,"minecraft:stone_brick_stairs","Stone Brick Stairs (North, Normal)"
10,14,2,53,0,"minecraft:oak_stairs","Oak Wood Stairs (North, Normal)"
10,14,3,53,0,"minecraft:oak_stairs","Oak Wood Stairs (East, Normal)"
10,14,9,5,0,"minecraft:oak_planks","Oak Wood Plank"
10,14,10,53,0,"minecraft:oak_stairs","Oak Wood Stairs (North, Normal)"
10,14,11,53,0,"minecraft:oak_stairs","Oak Wood Stairs (North, Normal)"
10,14,12,53,0,"minecraft:oak_stairs","Oak Wood Stairs (North, Normal)"
10,14,13,53,0,"minecraft:oak_stairs","Oak Wood Stairs (North, Normal)"
10,14,14,53,0,"minecraft:oak_stairs","Oak Wood Stairs (North, Normal)"
10,14,15,109,0,"minecraft:stone_brick_stairs","Stone Brick Stairs (North, Normal)"
11,14,1,98,0,"minecraft:stone_bricks","Stone Bricks"
11,14,3,5,0,"minecraft:oak_planks","Oak Wood Plank"
11,14,6,191,0,"minecraft:dark_oak_fence","Oak Fence"
11,14,9,5,0,"minecraft:oak_planks","Oak Wood Plank"
11,14,10,5,0,"minecraft:oak_planks","Oak Wood Plank"
11,14,15,98,0,"minecraft:stone_bricks","Stone Bricks"
12,14,1,109,0,"minecraft:stone_brick_stairs","Stone Brick Stairs (South, Normal)"
12,14,2,53,0,"minecraft:oak_stairs","Oak Wood Stairs (South, Normal)"
12,14,3,53,0,"minecraft:oak_stairs","Oak Wood Stairs (East, Normal)"
12,14,5,191,0,"minecraft:dark_oak_fence","Oak Fence"
12,14,6,191,0,"minecraft:dark_oak_fence","Oak Fence"
12,14,7,191,0,"minecraft:dark_oak_fence","Oak Fence"
12,14,9,5,0,"minecraft:oak_planks","Oak Wood Plank"
12,14,10,53,0,"minecraft:oak_stairs","Oak Wood Stairs (South, Normal)"
12,14,11,53,0,"minecraft:oak_stairs","Oak Wood Stairs (South, Normal)"
12,14,12,53,0,"minecraft:oak_stairs","Oak Wood Stairs (South, Normal)"
12,14,13,53,0,"minecraft:oak_stairs","Oak Wood Stairs (South, Normal)"
12,14,14,53,0,"minecraft:oak_stairs","Oak Wood Stairs (South, Normal)"
12,14,15,109,0,"minecraft:stone_brick_stairs","Stone Brick Stairs (South, Normal)"
13,14,3,53,0,"minecraft:oak_stairs","Oak Wood Stairs (East, Normal)"
13,14,6,191,0,"minecraft:dark_oak_fence","Oak Fence"
13,14,9,53,0,"minecraft:oak_stairs","Oak Wood Stairs (West, Normal)"
14,14,3,53,0,"minecraft:oak_stairs","Oak Wood Stairs (East, Normal)"
14,14,4,35,0,"minecraft:white_wool","White Wool"
14,14,5,102,0,"minecraft:glass_pane","Glass Pane"
14,14,6,102,0,"minecraft:glass_pane","Glass Pane"
14,14,7,102,0,"minecraft:glass_pane","Glass Pane"
14,14,8,35,0,"minecraft:white_wool","White Wool"
14,14,9,53,0,"minecraft:oak_stairs","Oak Wood Stairs (West, Normal)"
15,14,3,109,0,"minecraft:stone_brick_stairs","Stone Brick Stairs (East)"
15,14,4,191,0,"minecraft:dark_oak_fence","Oak Fence"
15,14,8,191,0,"minecraft:dark_oak_fence","Oak Fence"
15,14,9,109,0,"minecraft:stone_brick_stairs","Stone Brick Stairs (West)"
1,15,4,98,0,"minecraft:stone_bricks","Stone Bricks"
1,15,8,98,0,"minecraft:stone_bricks","Stone Bricks"
2,15,4,5,0,"minecraft:oak_planks","Oak Wood Plank"
2,15,5,102,0,"minecraft:glass_pane","Glass Pane"
2,15,6,102,0,"minecraft:glass_pane","Glass Pane"
2,15,7,102,0,"minecraft:glass_pane","Glass Pane"
2,15,8,5,0,"minecraft:oak_planks","Oak Wood Plank"
3,15,4,5,0,"minecraft:oak_planks","Oak Wood Plank"
3,15,8,5,0,"minecraft:oak_planks","Oak Wood Plank"
4,15,4,5,0,"minecraft:oak_planks","Oak Wood Plank"
4,15,8,5,0,"minecraft:oak_planks","Oak Wood Plank"
5,15,4,5,0,"minecraft:oak_planks","Oak Wood Plank"
5,15,8,5,0,"minecraft:oak_planks","Oak Wood Plank"
6,15,4,5,0,"minecraft:oak_planks","Oak Wood Plank"
6,15,8,5,0,"minecraft:oak_planks","Oak Wood Plank"
7,15,4,5,0,"minecraft:oak_planks","Oak Wood Plank"
7,15,8,5,0,"minecraft:oak_planks","Oak Wood Plank"
8,15,4,5,0,"minecraft:oak_planks","Oak Wood Plank"
8,15,8,5,0,"minecraft:oak_planks","Oak Wood Plank"
9,15,4,5,0,"minecraft:oak_planks","Oak Wood Plank"
9,15,8,5,0,"minecraft:oak_planks","Oak Wood Plank"
10,15,4,5,0,"minecraft:oak_planks","Oak Wood Plank"
10,15,8,5,0,"minecraft:oak_planks","Oak Wood Plank"
11,15,0,109,0,"minecraft:stone_brick_stairs","Stone Brick Stairs (East, Upside-down)"
11,15,1,98,0,"minecraft:stone_bricks","Stone Bricks"
11,15,4,5,0,"minecraft:oak_planks","Oak Wood Plank"
11,15,6,50,0,"minecraft:torch","Torch (Facing Up)"
11,15,8,5,0,"minecraft:oak_planks","Oak Wood Plank"
11,15,11,126,0,"minecraft:oak_slab","Wooden Slab"
11,15,12,126,0,"minecraft:oak_slab","Wooden Slab"
11,15,13,5,0,"minecraft:oak_planks","Oak Wood Plank"
11,15,14,5,0,"minecraft:oak_planks","Oak Wood Plank"
11,15,15,98,0,"minecraft:stone_bricks","Stone Bricks"
11,15,16,109,0,"minecraft:stone_brick_stairs","Stone Brick Stairs (West, Upside-down)"
12,15,4,5,0,"minecraft:oak_planks","Oak Wood Plank"
12,15,5,50,0,"minecraft:torch","Torch (Facing East)"
12,15,6,191,0,"minecraft:dark_oak_fence","Oak Fence"
12,15,7,50,0,"minecraft:torch","Torch (Facing West)"
12,15,8,5,0,"minecraft:oak_planks","Oak Wood Plank"
13,15,4,5,0,"minecraft:oak_planks","Oak Wood Plank"
13,15,6,50,0,"minecraft:torch","Torch (Facing Up)"
13,15,8,5,0,"minecraft:oak_planks","Oak Wood Plank"
14,15,4,5,0,"minecraft:oak_planks","Oak Wood Plank"
14,15,5,102,0,"minecraft:glass_pane","Glass Pane"
14,15,6,102,0,"minecraft:glass_pane","Glass Pane"
14,15,7,102,0,"minecraft:glass_pane","Glass Pane"
14,15,8,5,0,"minecraft:oak_planks","Oak Wood Plank"
15,15,4,98,0,"minecraft:stone_bricks","Stone Bricks"
15,15,8,98,0,"minecraft:stone_bricks","Stone Bricks"
1,16,4,109,0,"minecraft:stone_brick_stairs","Stone Brick Stairs (East)"
1,16,8,109,0,"minecraft:stone_brick_stairs","Stone Brick Stairs (West)"
2,16,4,53,0,"minecraft:oak_stairs","Oak Wood Stairs (East, Normal)"
2,16,5,17,1,"minecraft:spruce_wood","Spruce Wood"
2,16,6,17,1,"minecraft:spruce_wood","Spruce Wood"
2,16,7,17,1,"minecraft:spruce_wood","Spruce Wood"
2,16,8,53,0,"minecraft:oak_stairs","Oak Wood Stairs (West, Normal)"
3,16,4,98,0,"minecraft:stone_bricks","Stone Bricks"
3,16,8,98,0,"minecraft:stone_bricks","Stone Bricks"
4,16,4,53,0,"minecraft:oak_stairs","Oak Wood Stairs (East, Normal)"
4,16,8,53,0,"minecraft:oak_stairs","Oak Wood Stairs (West, Normal)"
5,16,4,98,0,"minecraft:stone_bricks","Stone Bricks"
5,16,8,98,0,"minecraft:stone_bricks","Stone Bricks"
6,16,4,53,0,"minecraft:oak_stairs","Oak Wood Stairs (East, Normal)"
6,16,8,53,0,"minecraft:oak_stairs","Oak Wood Stairs (West, Normal)"
7,16,4,53,0,"minecraft:oak_stairs","Oak Wood Stairs (East, Normal)"
7,16,8,53,0,"minecraft:oak_stairs","Oak Wood Stairs (West, Normal)"
8,16,4,53,0,"minecraft:oak_stairs","Oak Wood Stairs (East, Normal)"
8,16,8,53,0,"minecraft:oak_stairs","Oak Wood Stairs (West, Normal)"
9,16,4,53,0,"minecraft:oak_stairs","Oak Wood Stairs (East, Normal)"
9,16,8,53,0,"minecraft:oak_stairs","Oak Wood Stairs (West, Normal)"
10,16,4,53,0,"minecraft:oak_stairs","Oak Wood Stairs (East, Normal)"
10,16,8,53,0,"minecraft:oak_stairs","Oak Wood Stairs (West, Normal)"
11,16,0,109,0,"minecraft:stone_brick_stairs","Stone Brick Stairs (East)"
11,16,1,109,0,"minecraft:stone_brick_stairs","Stone Brick Stairs (West)"
11,16,4,98,0,"minecraft:stone_bricks","Stone Bricks"
11,16,8,98,0,"minecraft:stone_bricks","Stone Bricks"
11,16,15,109,0,"minecraft:stone_brick_stairs","Stone Brick Stairs (East)"
11,16,16,109,0,"minecraft:stone_brick_stairs","Stone Brick Stairs (West)"
12,16,4,53,0,"minecraft:oak_stairs","Oak Wood Stairs (East, Normal)"
12,16,6,191,0,"minecraft:dark_oak_fence","Oak Fence"
12,16,8,53,0,"minecraft:oak_stairs","Oak Wood Stairs (West, Normal)"
13,16,4,98,0,"minecraft:stone_bricks","Stone Bricks"
13,16,8,98,0,"minecraft:stone_bricks","Stone Bricks"
14,16,4,53,0,"minecraft:oak_stairs","Oak Wood Stairs (East, Normal)"
14,16,5,17,1,"minecraft:spruce_wood","Spruce Wood"
14,16,6,17,1,"minecraft:spruce_wood","Spruce Wood"
14,16,7,17,1,"minecraft:spruce_wood","Spruce Wood"
14,16,8,53,0,"minecraft:oak_stairs","Oak Wood Stairs (West, Normal)"
15,16,4,109,0,"minecraft:stone_brick_stairs","Stone Brick Stairs (East)"
15,16,8,109,0,"minecraft:stone_brick_stairs","Stone Brick Stairs (West)"
1,17,5,98,0,"minecraft:stone_bricks","Stone Bricks"
1,17,6,191,0,"minecraft:dark_oak_fence","Oak Fence"
1,17,7,98,0,"minecraft:stone_bricks","Stone Bricks"
2,17,5,5,0,"minecraft:oak_planks","Oak Wood Plank"
2,17,6,17,1,"minecraft:spruce_wood","Spruce Wood"
2,17,7,5,0,"minecraft:oak_planks","Oak Wood Plank"
3,17,4,98,0,"minecraft:stone_bricks","Stone Bricks"
3,17,5,5,0,"minecraft:oak_planks","Oak Wood Plank"
3,17,7,5,0,"minecraft:oak_planks","Oak Wood Plank"
3,17,8,98,0,"minecraft:stone_bricks","Stone Bricks"
4,17,4,102,0,"minecraft:glass_pane","Glass Pane"
4,17,8,102,0,"minecraft:glass_pane","Glass Pane"
5,17,4,98,0,"minecraft:stone_bricks","Stone Bricks"
5,17,5,5,0,"minecraft:oak_planks","Oak Wood Plank"
5,17,7,5,0,"minecraft:oak_planks","Oak Wood Plank"
5,17,8,98,0,"minecraft:stone_bricks","Stone Bricks"
6,17,5,5,0,"minecraft:oak_planks","Oak Wood Plank"
6,17,7,5,0,"minecraft:oak_planks","Oak Wood Plank"
7,17,5,5,0,"minecraft:oak_planks","Oak Wood Plank"
7,17,7,5,0,"minecraft:oak_planks","Oak Wood Plank"
8,17,5,5,0,"minecraft:oak_planks","Oak Wood Plank"
8,17,7,5,0,"minecraft:oak_planks","Oak Wood Plank"
9,17,5,5,0,"minecraft:oak_planks","Oak Wood Plank"
9,17,7,5,0,"minecraft:oak_planks","Oak Wood Plank"
10,17,5,5,0,"minecraft:oak_planks","Oak Wood Plank"
10,17,7,5,0,"minecraft:oak_planks","Oak Wood Plank"
11,17,4,98,0,"minecraft:stone_bricks","Stone Bricks"
11,17,5,5,0,"minecraft:oak_planks","Oak Wood Plank"
11,17,7,5,0,"minecraft:oak_planks","Oak Wood Plank"
11,17,8,98,0,"minecraft:stone_bricks","Stone Bricks"
12,17,6,191,0,"minecraft:dark_oak_fence","Oak Fence"
12,17,8,102,0,"minecraft:glass_pane","Glass Pane"
13,17,4,98,0,"minecraft:stone_bricks","Stone Bricks"
13,17,5,5,0,"minecraft:oak_planks","Oak Wood Plank"
13,17,7,5,0,"minecraft:oak_planks","Oak Wood Plank"
13,17,8,98,0,"minecraft:stone_bricks","Stone Bricks"
14,17,5,5,0,"minecraft:oak_planks","Oak Wood Plank"
14,17,6,17,1,"minecraft:spruce_wood","Spruce Wood"
14,17,7,5,0,"minecraft:oak_planks","Oak Wood Plank"
15,17,5,98,0,"minecraft:stone_bricks","Stone Bricks"
15,17,6,191,0,"minecraft:dark_oak_fence","Oak Fence"
15,17,7,98,0,"minecraft:stone_bricks","Stone Bricks"
1,18,5,109,0,"minecraft:stone_brick_stairs","Stone Brick Stairs (East)"
1,18,6,98,0,"minecraft:stone_bricks","Stone Bricks"
1,18,7,109,0,"minecraft:stone_brick_stairs","Stone Brick Stairs (West)"
2,18,5,53,0,"minecraft:oak_stairs","Oak Wood Stairs (East, Normal)"
2,18,7,53,0,"minecraft:oak_stairs","Oak Wood Stairs (West, Normal)"
3,18,4,109,0,"minecraft:stone_brick_stairs","Stone Brick Stairs (North, Normal)"
3,18,5,53,0,"minecraft:oak_stairs","Oak Wood Stairs (East, Normal)"
3,18,7,53,0,"minecraft:oak_stairs","Oak Wood Stairs (West, Normal)"
3,18,8,109,0,"minecraft:stone_brick_stairs","Stone Brick Stairs (North, Normal)"
4,18,3,109,0,"minecraft:stone_brick_stairs","Stone Brick Stairs (East, Upside-down)"
4,18,4,98,0,"minecraft:stone_bricks","Stone Bricks"
4,18,5,53,0,"minecraft:oak_stairs","Oak Wood Stairs (East, Normal)"
4,18,7,53,0,"minecraft:oak_stairs","Oak Wood Stairs (West, Normal)"
4,18,8,98,0,"minecraft:stone_bricks","Stone Bricks"
4,18,9,109,0,"minecraft:stone_brick_stairs","Stone Brick Stairs (West, Upside-down)"
5,18,4,109,0,"minecraft:stone_brick_stairs","Stone Brick Stairs (South, Normal)"
5,18,5,53,0,"minecraft:oak_stairs","Oak Wood Stairs (East, Normal)"
5,18,7,53,0,"minecraft:oak_stairs","Oak Wood Stairs (West, Normal)"
5,18,8,109,0,"minecraft:stone_brick_stairs","Stone Brick Stairs (South, Normal)"
6,18,5,53,0,"minecraft:oak_stairs","Oak Wood Stairs (East, Normal)"
6,18,7,53,0,"minecraft:oak_stairs","Oak Wood Stairs (West, Normal)"
7,18,5,98,0,"minecraft:stone_bricks","Stone Bricks"
7,18,6,98,0,"minecraft:stone_bricks","Stone Bricks"
7,18,7,98,0,"minecraft:stone_bricks","Stone Bricks"
8,18,5,98,0,"minecraft:stone_bricks","Stone Bricks"
8,18,7,98,0,"minecraft:stone_bricks","Stone Bricks"
9,18,5,98,0,"minecraft:stone_bricks","Stone Bricks"
9,18,6,98,0,"minecraft:stone_bricks","Stone Bricks"
9,18,7,98,0,"minecraft:stone_bricks","Stone Bricks"
10,18,5,53,0,"minecraft:oak_stairs","Oak Wood Stairs (East, Normal)"
10,18,7,53,0,"minecraft:oak_stairs","Oak Wood Stairs (West, Normal)"
11,18,4,109,0,"minecraft:stone_brick_stairs","Stone Brick Stairs (North, Normal)"
11,18,5,53,0,"minecraft:oak_stairs","Oak Wood Stairs (East, Normal)"
11,18,7,53,0,"minecraft:oak_stairs","Oak Wood Stairs (West, Normal)"
11,18,8,109,0,"minecraft:stone_brick_stairs","Stone Brick Stairs (North, Normal)"
12,18,3,109,0,"minecraft:stone_brick_stairs","Stone Brick Stairs (East, Upside-down)"
12,18,4,98,0,"minecraft:stone_bricks","Stone Bricks"
12,18,5,53,0,"minecraft:oak_stairs","Oak Wood Stairs (East, Normal)"
12,18,6,191,0,"minecraft:dark_oak_fence","Oak Fence"
12,18,7,53,0,"minecraft:oak_stairs","Oak Wood Stairs (West, Normal)"
12,18,8,98,0,"minecraft:stone_bricks","Stone Bricks"
12,18,9,109,0,"minecraft:stone_brick_stairs","Stone Brick Stairs (West, Upside-down)"
13,18,4,109,0,"minecraft:stone_brick_stairs","Stone Brick Stairs (South, Normal)"
13,18,5,53,0,"minecraft:oak_stairs","Oak Wood Stairs (East, Normal)"
13,18,7,53,0,"minecraft:oak_stairs","Oak Wood Stairs (West, Normal)"
13,18,8,109,0,"minecraft:stone_brick_stairs","Stone Brick Stairs (South, Normal)"
14,18,5,53,0,"minecraft:oak_stairs","Oak Wood Stairs (East, Normal)"
14,18,7,53,0,"minecraft:oak_stairs","Oak Wood Stairs (West, Normal)"
15,18,5,109,0,"minecraft:stone_brick_stairs","Stone Brick Stairs (East)"
15,18,6,98,0,"minecraft:stone_bricks","Stone Bricks"
15,18,7,109,0,"minecraft:stone_brick_stairs","Stone Brick Stairs (West)"
1,19,6,98,0,"minecraft:stone_bricks","Stone Bricks"
2,19,6,5,0,"minecraft:oak_planks","Oak Wood Plank"
3,19,6,5,0,"minecraft:oak_planks","Oak Wood Plank"
4,19,3,109,0,"minecraft:stone_brick_stairs","Stone Brick Stairs (East)"
4,19,4,109,0,"minecraft:stone_brick_stairs","Stone Brick Stairs (West)"
4,19,6,53,0,"minecraft:oak_stairs","Oak Wood Stairs (South, Normal)"
4,19,8,109,0,"minecraft:stone_brick_stairs","Stone Brick Stairs (East)"
4,19,9,109,0,"minecraft:stone_brick_stairs","Stone Brick Stairs (West)"
5,19,6,126,0,"minecraft:oak_slab","Wooden Slab"
6,19,6,126,0,"minecraft:oak_slab","Wooden Slab"
7,19,5,191,0,"minecraft:dark_oak_fence","Oak Fence"
7,19,6,186,0,"minecraft:dark_oak_fence_gate","Oak Fence Gate (Facing South, Closed)"
7,19,7,191,0,"minecraft:dark_oak_fence","Oak Fence"
8,19,5,186,0,"minecraft:dark_oak_fence_gate","Oak Fence Gate (Facing West, Closed)"
8,19,7,186,0,"minecraft:dark_oak_fence_gate","Oak Fence Gate (Facing East, Closed)"
9,19,5,191,0,"minecraft:dark_oak_fence","Oak Fence"
9,19,6,186,0,"minecraft:dark_oak_fence_gate","Oak Fence Gate (Facing North, Closed)"
9,19,7,191,0,"minecraft:dark_oak_fence","Oak Fence"
10,19,6,126,0,"minecraft:oak_slab","Wooden Slab"
11,19,6,126,0,"minecraft:oak_slab","Wooden Slab"
12,19,3,109,0,"minecraft:stone_brick_stairs","Stone Brick Stairs (East)"
12,19,4,109,0,"minecraft:stone_brick_stairs","Stone Brick Stairs (West)"
12,19,6,53,0,"minecraft:oak_stairs","Oak Wood Stairs (North, Normal)"
12,19,8,109,0,"minecraft:stone_brick_stairs","Stone Brick Stairs (East)"
12,19,9,109,0,"minecraft:stone_brick_stairs","Stone Brick Stairs (West)"
13,19,6,5,0,"minecraft:oak_planks","Oak Wood Plank"
14,19,6,5,0,"minecraft:oak_planks","Oak Wood Plank"
15,19,6,98,0,"minecraft:stone_bricks","Stone Bricks"
0,20,6,109,0,"minecraft:stone_brick_stairs","Stone Brick Stairs (North, Upside-down)"
1,20,6,98,0,"minecraft:stone_bricks","Stone Bricks"
2,20,6,53,0,"minecraft:oak_stairs","Oak Wood Stairs (South, Normal)"
7,20,5,109,0,"minecraft:stone_brick_stairs","Stone Brick Stairs (East)"
7,20,6,98,0,"minecraft:stone_bricks","Stone Bricks"
7,20,7,109,0,"minecraft:stone_brick_stairs","Stone Brick Stairs (West)"
8,20,5,53,0,"minecraft:oak_stairs","Oak Wood Stairs (East, Normal)"
8,20,6,5,0,"minecraft:oak_planks","Oak Wood Plank"
8,20,7,53,0,"minecraft:oak_stairs","Oak Wood Stairs (West, Normal)"
9,20,5,109,0,"minecraft:stone_brick_stairs","Stone Brick Stairs (East)"
9,20,6,98,0,"minecraft:stone_bricks","Stone Bricks"
9,20,7,109,0,"minecraft:stone_brick_stairs","Stone Brick Stairs (West)"
14,20,6,53,0,"minecraft:oak_stairs","Oak Wood Stairs (North, Normal)"
15,20,6,98,0,"minecraft:stone_bricks","Stone Bricks"
16,20,6,109,0,"minecraft:stone_brick_stairs","Stone Brick Stairs (South, Upside-down)"
