0,1,2,18,0,"minecraft:oak_leaves","Oak Leaves (No Decay)"
0,1,3,18,0,"minecraft:oak_leaves","Oak Leaves (No Decay)"
0,1,4,18,0,"minecraft:oak_leaves","Oak Leaves (No Decay)"
0,1,5,18,0,"minecraft:oak_leaves","Oak Leaves (No Decay)"
0,1,6,18,0,"minecraft:oak_leaves","Oak Leaves (No Decay)"
1,1,1,5,1,"minecraft:spruce_planks","Spruce Wood Plank"
1,1,2,5,1,"minecraft:spruce_planks","Spruce Wood Plank"
1,1,3,5,1,"minecraft:spruce_planks","Spruce Wood Plank"
1,1,4,5,1,"minecraft:spruce_planks","Spruce Wood Plank"
1,1,5,5,1,"minecraft:spruce_planks","Spruce Wood Plank"
1,1,6,5,1,"minecraft:spruce_planks","Spruce Wood Plank"
1,1,7,5,1,"minecraft:spruce_planks","Spruce Wood Plank"
1,1,8,5,1,"minecraft:spruce_planks","Spruce Wood Plank"
1,1,9,5,1,"minecraft:spruce_planks","Spruce Wood Plank"
1,1,10,5,1,"minecraft:spruce_planks","Spruce Wood Plank"
1,1,11,5,1,"minecraft:spruce_planks","Spruce Wood Plank"
1,1,12,5,1,"minecraft:spruce_planks","Spruce Wood Plank"
1,1,13,5,1,"minecraft:spruce_planks","Spruce Wood Plank"
1,1,14,5,1,"minecraft:spruce_planks","Spruce Wood Plank"
2,1,1,5,1,"minecraft:spruce_planks","Spruce Wood Plank"
2,1,2,5,0,"minecraft:oak_planks","Oak Wood Plank"
2,1,3,5,0,"minecraft:oak_planks","Oak Wood Plank"
2,1,4,5,0,"minecraft:oak_planks","Oak Wood Plank"
2,1,5,5,0,"minecraft:oak_planks","Oak Wood Plank"
2,1,6,5,0,"minecraft:oak_planks","Oak Wood Plank"
2,1,7,5,1,"minecraft:spruce_planks","Spruce Wood Plank"
2,1,8,5,0,"minecraft:oak_planks","Oak Wood Plank"
2,1,9,5,0,"minecraft:oak_planks","Oak Wood Plank"
2,1,10,5,0,"minecraft:oak_planks","Oak Wood Plank"
2,1,11,5,0,"minecraft:oak_planks","Oak Wood Plank"
2,1,12,5,0,"minecraft:oak_planks","Oak Wood Plank"
2,1,13,5,0,"minecraft:oak_planks","Oak Wood Plank"
2,1,14,5,1,"minecraft:spruce_planks","Spruce Wood Plank"
3,1,1,5,1,"minecraft:spruce_planks","Spruce Wood Plank"
3,1,2,5,0,"minecraft:oak_planks","Oak Wood Plank"
3,1,3,5,0,"minecraft:oak_planks","Oak Wood Plank"
3,1,4,5,0,"minecraft:oak_planks","Oak Wood Plank"
3,1,5,5,0,"minecraft:oak_planks","Oak Wood Plank"
3,1,6,5,0,"minecraft:oak_planks","Oak Wood Plank"
3,1,7,5,1,"minecraft:spruce_planks","Spruce Wood Plank"
3,1,8,5,0,"minecraft:oak_planks","Oak Wood Plank"
3,1,9,5,0,"minecraft:oak_planks","Oak Wood Plank"
3,1,10,5,0,"minecraft:oak_planks","Oak Wood Plank"
3,1,11,5,0,"minecraft:oak_planks","Oak Wood Plank"
3,1,12,5,0,"minecraft:oak_planks","Oak Wood Plank"
3,1,13,5,0,"minecraft:oak_planks","Oak Wood Plank"
3,1,14,5,1,"minecraft:spruce_planks","Spruce Wood Plank"
4,1,0,18,0,"minecraft:oak_leaves","Oak Leaves (No Decay)"
4,1,1,5,1,"minecraft:spruce_planks","Spruce Wood Plank"
4,1,2,5,0,"minecraft:oak_planks","Oak Wood Plank"
4,1,3,5,0,"minecraft:oak_planks","Oak Wood Plank"
4,1,4,5,0,"minecraft:oak_planks","Oak Wood Plank"
4,1,5,5,0,"minecraft:oak_planks","Oak Wood Plank"
4,1,6,5,0,"minecraft:oak_planks","Oak Wood Plank"
4,1,7,5,1,"minecraft:spruce_planks","Spruce Wood Plank"
4,1,8,5,0,"minecraft:oak_planks","Oak Wood Plank"
4,1,9,5,0,"minecraft:oak_planks","Oak Wood Plank"
4,1,10,5,0,"minecraft:oak_planks","Oak Wood Plank"
4,1,11,5,0,"minecraft:oak_planks","Oak Wood Plank"
4,1,12,5,0,"minecraft:oak_planks","Oak Wood Plank"
4,1,13,5,0,"minecraft:oak_planks","Oak Wood Plank"
4,1,14,53,0,"minecraft:oak_stairs","Oak Wood Stairs (South, Normal)"
5,1,0,18,0,"minecraft:oak_leaves","Oak Leaves (No Decay)"
5,1,1,5,1,"minecraft:spruce_planks","Spruce Wood Plank"
5,1,2,5,0,"minecraft:oak_planks","Oak Wood Plank"
5,1,3,5,0,"minecraft:oak_planks","Oak Wood Plank"
5,1,4,5,0,"minecraft:oak_planks","Oak Wood Plank"
5,1,5,5,0,"minecraft:oak_planks","Oak Wood Plank"
5,1,6,5,0,"minecraft:oak_planks","Oak Wood Plank"
5,1,7,5,1,"minecraft:spruce_planks","Spruce Wood Plank"
5,1,8,5,0,"minecraft:oak_planks","Oak Wood Plank"
5,1,9,5,0,"minecraft:oak_planks","Oak Wood Plank"
5,1,10,5,0,"minecraft:oak_planks","Oak Wood Plank"
5,1,11,5,0,"minecraft:oak_planks","Oak Wood Plank"
5,1,12,5,0,"minecraft:oak_planks","Oak Wood Plank"
5,1,13,5,0,"minecraft:oak_planks","Oak Wood Plank"
5,1,14,53,0,"minecraft:oak_stairs","Oak Wood Stairs (South, Normal)"
6,1,0,18,0,"minecraft:oak_leaves","Oak Leaves (No Decay)"
6,1,1,5,1,"minecraft:spruce_planks","Spruce Wood Plank"
6,1,2,5,0,"minecraft:oak_planks","Oak Wood Plank"
6,1,3,5,0,"minecraft:oak_planks","Oak Wood Plank"
6,1,4,5,0,"minecraft:oak_planks","Oak Wood Plank"
6,1,5,5,0,"minecraft:oak_planks","Oak Wood Plank"
6,1,6,5,0,"minecraft:oak_planks","Oak Wood Plank"
6,1,7,5,1,"minecraft:spruce_planks","Spruce Wood Plank"
6,1,8,5,0,"minecraft:oak_planks","Oak Wood Plank"
6,1,9,5,0,"minecraft:oak_planks","Oak Wood Plank"
6,1,10,5,0,"minecraft:oak_planks","Oak Wood Plank"
6,1,11,5,0,"minecraft:oak_planks","Oak Wood Plank"
6,1,12,5,0,"minecraft:oak_planks","Oak Wood Plank"
6,1,13,5,0,"minecraft:oak_planks","Oak Wood Plank"
6,1,14,5,1,"minecraft:spruce_planks","Spruce Wood Plank"
7,1,0,18,0,"minecraft:oak_leaves","Oak Leaves (No Decay)"
7,1,1,5,1,"minecraft:spruce_planks","Spruce Wood Plank"
7,1,2,5,0,"minecraft:oak_planks","Oak Wood Plank"
7,1,3,5,0,"minecraft:oak_planks","Oak Wood Plank"
7,1,4,5,0,"minecraft:oak_planks","Oak Wood Plank"
7,1,5,5,0,"minecraft:oak_planks","Oak Wood Plank"
7,1,6,5,0,"minecraft:oak_planks","Oak Wood Plank"
7,1,7,5,1,"minecraft:spruce_planks","Spruce Wood Plank"
7,1,8,5,0,"minecraft:oak_planks","Oak Wood Plank"
7,1,9,5,0,"minecraft:oak_planks","Oak Wood Plank"
7,1,10,5,0,"minecraft:oak_planks","Oak Wood Plank"
7,1,11,5,0,"minecraft:oak_planks","Oak Wood Plank"
7,1,12,5,0,"minecraft:oak_planks","Oak Wood Plank"
7,1,13,5,0,"minecraft:oak_planks","Oak Wood Plank"
7,1,14,5,1,"minecraft:spruce_planks","Spruce Wood Plank"
8,1,0,18,0,"minecraft:oak_leaves","Oak Leaves (No Decay)"
8,1,1,5,1,"minecraft:spruce_planks","Spruce Wood Plank"
8,1,2,5,0,"minecraft:oak_planks","Oak Wood Plank"
8,1,3,5,0,"minecraft:oak_planks","Oak Wood Plank"
8,1,4,5,0,"minecraft:oak_planks","Oak Wood Plank"
8,1,5,5,0,"minecraft:oak_planks","Oak Wood Plank"
8,1,6,5,0,"minecraft:oak_planks","Oak Wood Plank"
8,1,7,5,1,"minecraft:spruce_planks","Spruce Wood Plank"
8,1,8,5,0,"minecraft:oak_planks","Oak Wood Plank"
8,1,9,5,0,"minecraft:oak_planks","Oak Wood Plank"
8,1,10,5,0,"minecraft:oak_planks","Oak Wood Plank"
8,1,11,5,0,"minecraft:oak_planks","Oak Wood Plank"
8,1,12,5,0,"minecraft:oak_planks","Oak Wood Plank"
8,1,13,5,0,"minecraft:oak_planks","Oak Wood Plank"
8,1,14,5,1,"minecraft:spruce_planks","Spruce Wood Plank"
9,1,0,18,0,"minecraft:oak_leaves","Oak Leaves (No Decay)"
9,1,1,5,1,"minecraft:spruce_planks","Spruce Wood Plank"
9,1,2,5,0,"minecraft:oak_planks","Oak Wood Plank"
9,1,3,5,0,"minecraft:oak_planks","Oak Wood Plank"
9,1,4,5,0,"minecraft:oak_planks","Oak Wood Plank"
9,1,5,5,0,"minecraft:oak_planks","Oak Wood Plank"
9,1,6,5,0,"minecraft:oak_planks","Oak Wood Plank"
9,1,7,5,1,"minecraft:spruce_planks","Spruce Wood Plank"
9,1,8,5,0,"minecraft:oak_planks","Oak Wood Plank"
9,1,9,5,0,"minecraft:oak_planks","Oak Wood Plank"
9,1,10,5,0,"minecraft:oak_planks","Oak Wood Plank"
9,1,11,5,0,"minecraft:oak_planks","Oak Wood Plank"
9,1,12,5,0,"minecraft:oak_planks","Oak Wood Plank"
9,1,13,5,0,"minecraft:oak_planks","Oak Wood Plank"
9,1,14,5,1,"minecraft:spruce_planks","Spruce Wood Plank"
10,1,1,5,1,"minecraft:spruce_planks","Spruce Wood Plank"
10,1,2,5,0,"minecraft:oak_planks","Oak Wood Plank"
10,1,3,5,0,"minecraft:oak_planks","Oak Wood Plank"
10,1,4,5,0,"minecraft:oak_planks","Oak Wood Plank"
10,1,5,5,0,"minecraft:oak_planks","Oak Wood Plank"
10,1,6,5,0,"minecraft:oak_planks","Oak Wood Plank"
10,1,7,5,1,"minecraft:spruce_planks","Spruce Wood Plank"
10,1,8,5,0,"minecraft:oak_planks","Oak Wood Plank"
10,1,9,5,0,"minecraft:oak_planks","Oak Wood Plank"
10,1,10,5,0,"minecraft:oak_planks","Oak Wood Plank"
10,1,11,5,0,"minecraft:oak_planks","Oak Wood Plank"
10,1,12,5,0,"minecraft:oak_planks","Oak Wood Plank"
10,1,13,5,0,"minecraft:oak_planks","Oak Wood Plank"
10,1,14,5,1,"minecraft:spruce_planks","Spruce Wood Plank"
11,1,1,5,1,"minecraft:spruce_planks","Spruce Wood Plank"
11,1,2,5,0,"minecraft:oak_planks","Oak Wood Plank"
11,1,3,5,0,"minecraft:oak_planks","Oak Wood Plank"
11,1,4,5,0,"minecraft:oak_planks","Oak Wood Plank"
11,1,5,5,0,"minecraft:oak_planks","Oak Wood Plank"
11,1,6,5,0,"minecraft:oak_planks","Oak Wood Plank"
11,1,7,5,1,"minecraft:spruce_planks","Spruce Wood Plank"
11,1,8,5,1,"minecraft:spruce_planks","Spruce Wood Plank"
11,1,9,5,1,"minecraft:spruce_planks","Spruce Wood Plank"
11,1,10,5,1,"minecraft:spruce_planks","Spruce Wood Plank"
11,1,11,5,1,"minecraft:spruce_planks","Spruce Wood Plank"
11,1,12,5,1,"minecraft:spruce_planks","Spruce Wood Plank"
11,1,13,5,1,"minecraft:spruce_planks","Spruce Wood Plank"
11,1,14,5,1,"minecraft:spruce_planks","Spruce Wood Plank"
12,1,0,18,0,"minecraft:oak_leaves","Oak Leaves (No Decay)"
12,1,1,5,1,"minecraft:spruce_planks","Spruce Wood Plank"
12,1,2,5,0,"minecraft:oak_planks","Oak Wood Plank"
12,1,3,5,0,"minecraft:oak_planks","Oak Wood Plank"
12,1,4,5,0,"minecraft:oak_planks","Oak Wood Plank"
12,1,5,5,0,"minecraft:oak_planks","Oak Wood Plank"
12,1,6,5,0,"minecraft:oak_planks","Oak Wood Plank"
12,1,7,5,0,"minecraft:oak_planks","Oak Wood Plank"
12,1,8,5,0,"minecraft:oak_planks","Oak Wood Plank"
12,1,9,5,0,"minecraft:oak_planks","Oak Wood Plank"
12,1,10,5,0,"minecraft:oak_planks","Oak Wood Plank"
12,1,11,5,0,"minecraft:oak_planks","Oak Wood Plank"
12,1,12,5,0,"minecraft:oak_planks","Oak Wood Plank"
12,1,13,5,1,"minecraft:spruce_planks","Spruce Wood Plank"
12,1,14,18,0,"minecraft:oak_leaves","Oak Leaves (No Decay)"
13,1,0,18,0,"minecraft:oak_leaves","Oak Leaves (No Decay)"
13,1,1,5,1,"minecraft:spruce_planks","Spruce Wood Plank"
13,1,2,5,0,"minecraft:oak_planks","Oak Wood Plank"
13,1,3,5,0,"minecraft:oak_planks","Oak Wood Plank"
13,1,4,5,0,"minecraft:oak_planks","Oak Wood Plank"
13,1,5,5,0,"minecraft:oak_planks","Oak Wood Plank"
13,1,6,5,0,"minecraft:oak_planks","Oak Wood Plank"
13,1,7,5,0,"minecraft:oak_planks","Oak Wood Plank"
13,1,8,5,0,"minecraft:oak_planks","Oak Wood Plank"
13,1,9,5,0,"minecraft:oak_planks","Oak Wood Plank"
13,1,10,5,0,"minecraft:oak_planks","Oak Wood Plank"
13,1,11,5,0,"minecraft:oak_planks","Oak Wood Plank"
13,1,12,5,0,"minecraft:oak_planks","Oak Wood Plank"
13,1,13,5,1,"minecraft:spruce_planks","Spruce Wood Plank"
13,1,14,18,0,"minecraft:oak_leaves","Oak Leaves (No Decay)"
14,1,0,18,0,"minecraft:oak_leaves","Oak Leaves (No Decay)"
14,1,1,5,1,"minecraft:spruce_planks","Spruce Wood Plank"
14,1,3,5,0,"minecraft:oak_planks","Oak Wood Plank"
14,1,4,5,0,"minecraft:oak_planks","Oak Wood Plank"
14,1,5,5,0,"minecraft:oak_planks","Oak Wood Plank"
14,1,6,5,0,"minecraft:oak_planks","Oak Wood Plank"
14,1,7,5,0,"minecraft:oak_planks","Oak Wood Plank"
14,1,8,5,0,"minecraft:oak_planks","Oak Wood Plank"
14,1,9,5,0,"minecraft:oak_planks","Oak Wood Plank"
14,1,10,5,0,"minecraft:oak_planks","Oak Wood Plank"
14,1,11,5,0,"minecraft:oak_planks","Oak Wood Plank"
14,1,12,5,0,"minecraft:oak_planks","Oak Wood Plank"
14,1,13,5,1,"minecraft:spruce_planks","Spruce Wood Plank"
14,1,14,18,0,"minecraft:oak_leaves","Oak Leaves (No Decay)"
15,1,0,18,0,"minecraft:oak_leaves","Oak Leaves (No Decay)"
15,1,1,5,1,"minecraft:spruce_planks","Spruce Wood Plank"
15,1,3,5,0,"minecraft:oak_planks","Oak Wood Plank"
15,1,4,5,0,"minecraft:oak_planks","Oak Wood Plank"
15,1,5,5,0,"minecraft:oak_planks","Oak Wood Plank"
15,1,6,5,0,"minecraft:oak_planks","Oak Wood Plank"
15,1,7,5,0,"minecraft:oak_planks","Oak Wood Plank"
15,1,8,5,0,"minecraft:oak_planks","Oak Wood Plank"
15,1,9,5,0,"minecraft:oak_planks","Oak Wood Plank"
15,1,10,5,0,"minecraft:oak_planks","Oak Wood Plank"
15,1,11,5,0,"minecraft:oak_planks","Oak Wood Plank"
15,1,12,5,0,"minecraft:oak_planks","Oak Wood Plank"
15,1,13,5,1,"minecraft:spruce_planks","Spruce Wood Plank"
15,1,14,18,0,"minecraft:oak_leaves","Oak Leaves (No Decay)"
16,1,0,18,0,"minecraft:oak_leaves","Oak Leaves (No Decay)"
16,1,1,5,1,"minecraft:spruce_planks","Spruce Wood Plank"
16,1,2,5,0,"minecraft:oak_planks","Oak Wood Plank"
16,1,3,5,0,"minecraft:oak_planks","Oak Wood Plank"
16,1,4,5,0,"minecraft:oak_planks","Oak Wood Plank"
16,1,5,5,0,"minecraft:oak_planks","Oak Wood Plank"
16,1,6,5,0,"minecraft:oak_planks","Oak Wood Plank"
16,1,7,5,0,"minecraft:oak_planks","Oak Wood Plank"
16,1,8,5,0,"minecraft:oak_planks","Oak Wood Plank"
16,1,9,5,0,"minecraft:oak_planks","Oak Wood Plank"
16,1,10,5,0,"minecraft:oak_planks","Oak Wood Plank"
16,1,11,5,0,"minecraft:oak_planks","Oak Wood Plank"
16,1,12,5,0,"minecraft:oak_planks","Oak Wood Plank"
16,1,13,5,1,"minecraft:spruce_planks","Spruce Wood Plank"
16,1,14,18,0,"minecraft:oak_leaves","Oak Leaves (No Decay)"
17,1,0,18,0,"minecraft:oak_leaves","Oak Leaves (No Decay)"
17,1,1,5,1,"minecraft:spruce_planks","Spruce Wood Plank"
17,1,2,5,0,"minecraft:oak_planks","Oak Wood Plank"
17,1,3,5,0,"minecraft:oak_planks","Oak Wood Plank"
17,1,4,5,0,"minecraft:oak_planks","Oak Wood Plank"
17,1,5,5,0,"minecraft:oak_planks","Oak Wood Plank"
17,1,6,5,0,"minecraft:oak_planks","Oak Wood Plank"
17,1,7,5,0,"minecraft:oak_planks","Oak Wood Plank"
17,1,8,5,0,"minecraft:oak_planks","Oak Wood Plank"
17,1,9,5,0,"minecraft:oak_planks","Oak Wood Plank"
17,1,10,5,0,"minecraft:oak_planks","Oak Wood Plank"
17,1,11,5,0,"minecraft:oak_planks","Oak Wood Plank"
17,1,12,5,0,"minecraft:oak_planks","Oak Wood Plank"
17,1,13,5,1,"minecraft:spruce_planks","Spruce Wood Plank"
17,1,14,18,0,"minecraft:oak_leaves","Oak Leaves (No Decay)"
18,1,1,5,1,"minecraft:spruce_planks","Spruce Wood Plank"
18,1,2,5,1,"minecraft:spruce_planks","Spruce Wood Plank"
18,1,3,5,1,"minecraft:spruce_planks","Spruce Wood Plank"
18,1,4,5,1,"minecraft:spruce_planks","Spruce Wood Plank"
18,1,5,5,1,"minecraft:spruce_planks","Spruce Wood Plank"
18,1,6,5,1,"minecraft:spruce_planks","Spruce Wood Plank"
18,1,7,5,1,"minecraft:spruce_planks","Spruce Wood Plank"
18,1,8,5,1,"minecraft:spruce_planks","Spruce Wood Plank"
18,1,9,5,1,"minecraft:spruce_planks","Spruce Wood Plank"
18,1,10,5,1,"minecraft:spruce_planks","Spruce Wood Plank"
18,1,11,5,1,"minecraft:spruce_planks","Spruce Wood Plank"
18,1,12,5,1,"minecraft:spruce_planks","Spruce Wood Plank"
18,1,13,5,1,"minecraft:spruce_planks","Spruce Wood Plank"
19,1,2,18,0,"minecraft:oak_leaves","Oak Leaves (No Decay)"
19,1,3,18,0,"minecraft:oak_leaves","Oak Leaves (No Decay)"
19,1,4,18,0,"minecraft:oak_leaves","Oak Leaves (No Decay)"
19,1,5,18,0,"minecraft:oak_leaves","Oak Leaves (No Decay)"
19,1,6,18,0,"minecraft:oak_leaves","Oak Leaves (No Decay)"
19,1,8,18,0,"minecraft:oak_leaves","Oak Leaves (No Decay)"
19,1,9,18,0,"minecraft:oak_leaves","Oak Leaves (No Decay)"
19,1,10,18,0,"minecraft:oak_leaves","Oak Leaves (No Decay)"
19,1,11,18,0,"minecraft:oak_leaves","Oak Leaves (No Decay)"
19,1,12,18,0,"minecraft:oak_leaves","Oak Leaves (No Decay)"
1,2,1,5,0,"minecraft:oak_planks","Oak Wood Plank"
1,2,2,5,0,"minecraft:oak_planks","Oak Wood Plank"
1,2,3,5,0,"minecraft:oak_planks","Oak Wood Plank"
1,2,4,5,0,"minecraft:oak_planks","Oak Wood Plank"
1,2,5,5,0,"minecraft:oak_planks","Oak Wood Plank"
1,2,6,5,0,"minecraft:oak_planks","Oak Wood Plank"
1,2,7,5,0,"minecraft:oak_planks","Oak Wood Plank"
1,2,8,5,0,"minecraft:oak_planks","Oak Wood Plank"
1,2,9,5,0,"minecraft:oak_planks","Oak Wood Plank"
1,2,10,5,0,"minecraft:oak_planks","Oak Wood Plank"
1,2,11,5,0,"minecraft:oak_planks","Oak Wood Plank"
1,2,12,191,0,"minecraft:dark_oak_fence","Oak Fence"
1,2,13,191,0,"minecraft:dark_oak_fence","Oak Fence"
1,2,14,191,0,"minecraft:dark_oak_fence","Oak Fence"
2,2,1,5,0,"minecraft:oak_planks","Oak Wood Plank"
2,2,2,2,0,"minecraft:grass_block","Grass"
2,2,3,109,0,"minecraft:stone_brick_stairs","Stone Brick Stairs (East)"
2,2,4,109,0,"minecraft:stone_brick_stairs","Stone Brick Stairs (East)"
2,2,5,109,0,"minecraft:stone_brick_stairs","Stone Brick Stairs (East)"
2,2,6,2,0,"minecraft:grass_block","Grass"
2,2,7,5,1,"minecraft:spruce_planks","Spruce Wood Plank"
2,2,14,191,0,"minecraft:dark_oak_fence","Oak Fence"
3,2,1,5,0,"minecraft:oak_planks","Oak Wood Plank"
3,2,2,96,0,"minecraft:oak_trapdoor","Wooden Trapdoor (East from block, Open, Top Half)"
3,2,6,96,0,"minecraft:oak_trapdoor","Wooden Trapdoor (East from block, Open, Top Half)"
3,2,7,5,1,"minecraft:spruce_planks","Spruce Wood Plank"
3,2,14,191,0,"minecraft:dark_oak_fence","Oak Fence"
4,2,1,5,0,"minecraft:oak_planks","Oak Wood Plank"
4,2,7,64,0,"minecraft:oak_door","Oak Door (Facing South, Closed, Lower)"
5,2,1,5,0,"minecraft:oak_planks","Oak Wood Plank"
5,2,7,64,0,"minecraft:oak_door","Oak Door (Facing South, Closed, Lower)"
6,2,1,5,0,"minecraft:oak_planks","Oak Wood Plank"
6,2,3,171,15,"minecraft:black_carpet","Black Carpet"
6,2,4,171,14,"minecraft:red_carpet","Red  Carpet"
6,2,5,171,15,"minecraft:black_carpet","Black Carpet"
6,2,7,5,1,"minecraft:spruce_planks","Spruce Wood Plank"
6,2,14,191,0,"minecraft:dark_oak_fence","Oak Fence"
7,2,1,5,0,"minecraft:oak_planks","Oak Wood Plank"
7,2,3,171,15,"minecraft:black_carpet","Black Carpet"
7,2,4,171,14,"minecraft:red_carpet","Red  Carpet"
7,2,5,171,15,"minecraft:black_carpet","Black Carpet"
7,2,7,5,1,"minecraft:spruce_planks","Spruce Wood Plank"
7,2,8,109,0,"minecraft:stone_brick_stairs","Stone Brick Stairs (South, Normal)"
7,2,10,44,3,"minecraft:brick_slab","Stone Brick Slab"
7,2,11,44,3,"minecraft:brick_slab","Stone Brick Slab"
7,2,14,191,0,"minecraft:dark_oak_fence","Oak Fence"
8,2,1,5,0,"minecraft:oak_planks","Oak Wood Plank"
8,2,3,171,15,"minecraft:black_carpet","Black Carpet"
8,2,4,171,14,"minecraft:red_carpet","Red  Carpet"
8,2,5,171,15,"minecraft:black_carpet","Black Carpet"
8,2,7,5,1,"minecraft:spruce_planks","Spruce Wood Plank"
8,2,8,109,0,"minecraft:stone_brick_stairs","Stone Brick Stairs (South, Normal)"
8,2,10,44,3,"minecraft:brick_slab","Stone Brick Slab"
8,2,11,44,3,"minecraft:brick_slab","Stone Brick Slab"
8,2,14,191,0,"minecraft:dark_oak_fence","Oak Fence"
9,2,1,5,0,"minecraft:oak_planks","Oak Wood Plank"
9,2,3,171,15,"minecraft:black_carpet","Black Carpet"
9,2,4,171,14,"minecraft:red_carpet","Red  Carpet"
9,2,5,171,15,"minecraft:black_carpet","Black Carpet"
9,2,7,5,1,"minecraft:spruce_planks","Spruce Wood Plank"
9,2,8,109,0,"minecraft:stone_brick_stairs","Stone Brick Stairs (South, Normal)"
9,2,14,191,0,"minecraft:dark_oak_fence","Oak Fence"
10,2,1,5,0,"minecraft:oak_planks","Oak Wood Plank"
10,2,7,5,1,"minecraft:spruce_planks","Spruce Wood Plank"
10,2,8,97,2,"minecraft:infested_stone_bricks","Stone Brick Monster Egg"
10,2,9,109,0,"minecraft:stone_brick_stairs","Stone Brick Stairs (West)"
10,2,10,109,0,"minecraft:stone_brick_stairs","Stone Brick Stairs (West)"
10,2,11,109,0,"minecraft:stone_brick_stairs","Stone Brick Stairs (West)"
10,2,14,191,0,"minecraft:dark_oak_fence","Oak Fence"
11,2,1,5,0,"minecraft:oak_planks","Oak Wood Plank"
11,2,7,5,1,"minecraft:spruce_planks","Spruce Wood Plank"
11,2,8,5,1,"minecraft:spruce_planks","Spruce Wood Plank"
11,2,9,5,1,"minecraft:spruce_planks","Spruce Wood Plank"
11,2,10,5,1,"minecraft:spruce_planks","Spruce Wood Plank"
11,2,11,5,1,"minecraft:spruce_planks","Spruce Wood Plank"
11,2,12,5,1,"minecraft:spruce_planks","Spruce Wood Plank"
11,2,13,5,0,"minecraft:oak_planks","Oak Wood Plank"
11,2,14,191,0,"minecraft:dark_oak_fence","Oak Fence"
12,2,1,5,0,"minecraft:oak_planks","Oak Wood Plank"
12,2,2,54,0,"minecraft:chest","Chest (North)"
12,2,7,65,0,"minecraft:ladder","Ladder (facing west)"
12,2,12,47,0,"minecraft:bookshelf","Bookshelf"
12,2,13,5,0,"minecraft:oak_planks","Oak Wood Plank"
13,2,1,5,0,"minecraft:oak_planks","Oak Wood Plank"
13,2,2,47,0,"minecraft:bookshelf","Bookshelf"
13,2,7,109,0,"minecraft:stone_brick_stairs","Stone Brick Stairs (East)"
13,2,8,109,0,"minecraft:stone_brick_stairs","Stone Brick Stairs (East)"
13,2,12,109,0,"minecraft:stone_brick_stairs","Stone Brick Stairs (North, Normal)"
13,2,13,5,0,"minecraft:oak_planks","Oak Wood Plank"
14,2,1,5,0,"minecraft:oak_planks","Oak Wood Plank"
14,2,7,109,0,"minecraft:stone_brick_stairs","Stone Brick Stairs (South, Normal)"
14,2,12,109,0,"minecraft:stone_brick_stairs","Stone Brick Stairs (North, Normal)"
14,2,13,5,0,"minecraft:oak_planks","Oak Wood Plank"
15,2,1,5,0,"minecraft:oak_planks","Oak Wood Plank"
15,2,7,109,0,"minecraft:stone_brick_stairs","Stone Brick Stairs (South, Normal)"
15,2,12,109,0,"minecraft:stone_brick_stairs","Stone Brick Stairs (North, Normal)"
15,2,13,5,0,"minecraft:oak_planks","Oak Wood Plank"
16,2,1,5,0,"minecraft:oak_planks","Oak Wood Plank"
16,2,2,47,0,"minecraft:bookshelf","Bookshelf"
16,2,7,109,0,"minecraft:stone_brick_stairs","Stone Brick Stairs (South, Normal)"
16,2,8,109,0,"minecraft:stone_brick_stairs","Stone Brick Stairs (West)"
16,2,12,109,0,"minecraft:stone_brick_stairs","Stone Brick Stairs (North, Normal)"
16,2,13,5,0,"minecraft:oak_planks","Oak Wood Plank"
17,2,1,5,0,"minecraft:oak_planks","Oak Wood Plank"
17,2,2,54,0,"minecraft:chest","Chest (North)"
17,2,12,47,0,"minecraft:bookshelf","Bookshelf"
17,2,13,5,0,"minecraft:oak_planks","Oak Wood Plank"
18,2,1,5,0,"minecraft:oak_planks","Oak Wood Plank"
18,2,2,5,0,"minecraft:oak_planks","Oak Wood Plank"
18,2,3,5,0,"minecraft:oak_planks","Oak Wood Plank"
18,2,4,5,0,"minecraft:oak_planks","Oak Wood Plank"
18,2,5,5,0,"minecraft:oak_planks","Oak Wood Plank"
18,2,6,5,0,"minecraft:oak_planks","Oak Wood Plank"
18,2,7,5,0,"minecraft:oak_planks","Oak Wood Plank"
18,2,8,5,0,"minecraft:oak_planks","Oak Wood Plank"
18,2,9,5,0,"minecraft:oak_planks","Oak Wood Plank"
18,2,10,5,0,"minecraft:oak_planks","Oak Wood Plank"
18,2,11,5,0,"minecraft:oak_planks","Oak Wood Plank"
18,2,12,5,0,"minecraft:oak_planks","Oak Wood Plank"
18,2,13,5,0,"minecraft:oak_planks","Oak Wood Plank"
1,3,1,5,0,"minecraft:oak_planks","Oak Wood Plank"
1,3,2,102,0,"minecraft:glass_pane","Glass Pane"
1,3,3,102,0,"minecraft:glass_pane","Glass Pane"
1,3,4,102,0,"minecraft:glass_pane","Glass Pane"
1,3,5,102,0,"minecraft:glass_pane","Glass Pane"
1,3,6,102,0,"minecraft:glass_pane","Glass Pane"
1,3,7,5,0,"minecraft:oak_planks","Oak Wood Plank"
1,3,8,5,0,"minecraft:oak_planks","Oak Wood Plank"
1,3,9,5,0,"minecraft:oak_planks","Oak Wood Plank"
1,3,10,5,0,"minecraft:oak_planks","Oak Wood Plank"
1,3,11,5,0,"minecraft:oak_planks","Oak Wood Plank"
2,3,1,5,0,"minecraft:oak_planks","Oak Wood Plank"
2,3,2,18,0,"minecraft:oak_leaves","Oak Leaves (No Decay)"
2,3,6,18,0,"minecraft:oak_leaves","Oak Leaves (No Decay)"
2,3,7,5,0,"minecraft:oak_planks","Oak Wood Plank"
3,3,1,5,0,"minecraft:oak_planks","Oak Wood Plank"
3,3,7,5,0,"minecraft:oak_planks","Oak Wood Plank"
3,3,14,191,0,"minecraft:dark_oak_fence","Oak Fence"
4,3,1,102,0,"minecraft:glass_pane","Glass Pane"
4,3,7,64,0,"minecraft:oak_door","Oak Door (Hinge Right, Unpowered, Upper)"
5,3,1,102,0,"minecraft:glass_pane","Glass Pane"
5,3,7,64,0,"minecraft:oak_door","Oak Door (Hinge Left, Unpowered, Upper"
6,3,1,102,0,"minecraft:glass_pane","Glass Pane"
6,3,7,5,0,"minecraft:oak_planks","Oak Wood Plank"
6,3,14,191,0,"minecraft:dark_oak_fence","Oak Fence"
7,3,1,102,0,"minecraft:glass_pane","Glass Pane"
7,3,7,102,0,"minecraft:glass_pane","Glass Pane"
8,3,1,102,0,"minecraft:glass_pane","Glass Pane"
8,3,7,102,0,"minecraft:glass_pane","Glass Pane"
9,3,1,102,0,"minecraft:glass_pane","Glass Pane"
9,3,7,102,0,"minecraft:glass_pane","Glass Pane"
10,3,1,5,0,"minecraft:oak_planks","Oak Wood Plank"
10,3,7,102,0,"minecraft:glass_pane","Glass Pane"
11,3,1,5,0,"minecraft:oak_planks","Oak Wood Plank"
11,3,7,5,0,"minecraft:oak_planks","Oak Wood Plank"
11,3,8,102,0,"minecraft:glass_pane","Glass Pane"
11,3,9,102,0,"minecraft:glass_pane","Glass Pane"
11,3,10,102,0,"minecraft:glass_pane","Glass Pane"
11,3,11,102,0,"minecraft:glass_pane","Glass Pane"
11,3,12,102,0,"minecraft:glass_pane","Glass Pane"
11,3,13,5,0,"minecraft:oak_planks","Oak Wood Plank"
11,3,14,191,0,"minecraft:dark_oak_fence","Oak Fence"
12,3,1,102,0,"minecraft:glass_pane","Glass Pane"
12,3,7,65,0,"minecraft:ladder","Ladder (facing west)"
12,3,12,25,0,"minecraft:note_block","Note Block"
12,3,13,102,0,"minecraft:glass_pane","Glass Pane"
13,3,1,102,0,"minecraft:glass_pane","Glass Pane"
13,3,12,35,15,"minecraft:black_wool","Black Wool"
13,3,13,102,0,"minecraft:glass_pane","Glass Pane"
14,3,1,102,0,"minecraft:glass_pane","Glass Pane"
14,3,12,35,15,"minecraft:black_wool","Black Wool"
14,3,13,102,0,"minecraft:glass_pane","Glass Pane"
15,3,1,102,0,"minecraft:glass_pane","Glass Pane"
15,3,12,35,15,"minecraft:black_wool","Black Wool"
15,3,13,102,0,"minecraft:glass_pane","Glass Pane"
16,3,1,102,0,"minecraft:glass_pane","Glass Pane"
16,3,12,35,15,"minecraft:black_wool","Black Wool"
16,3,13,102,0,"minecraft:glass_pane","Glass Pane"
17,3,1,102,0,"minecraft:glass_pane","Glass Pane"
17,3,12,25,0,"minecraft:note_block","Note Block"
17,3,13,102,0,"minecraft:glass_pane","Glass Pane"
18,3,1,5,0,"minecraft:oak_planks","Oak Wood Plank"
18,3,2,102,0,"minecraft:glass_pane","Glass Pane"
18,3,3,102,0,"minecraft:glass_pane","Glass Pane"
18,3,4,102,0,"minecraft:glass_pane","Glass Pane"
18,3,5,102,0,"minecraft:glass_pane","Glass Pane"
18,3,6,102,0,"minecraft:glass_pane","Glass Pane"
18,3,7,5,0,"minecraft:oak_planks","Oak Wood Plank"
18,3,8,102,0,"minecraft:glass_pane","Glass Pane"
18,3,9,102,0,"minecraft:glass_pane","Glass Pane"
18,3,10,102,0,"minecraft:glass_pane","Glass Pane"
18,3,11,102,0,"minecraft:glass_pane","Glass Pane"
18,3,12,102,0,"minecraft:glass_pane","Glass Pane"
18,3,13,5,0,"minecraft:oak_planks","Oak Wood Plank"
1,4,1,5,0,"minecraft:oak_planks","Oak Wood Plank"
1,4,2,102,0,"minecraft:glass_pane","Glass Pane"
1,4,3,102,0,"minecraft:glass_pane","Glass Pane"
1,4,4,102,0,"minecraft:glass_pane","Glass Pane"
1,4,5,102,0,"minecraft:glass_pane","Glass Pane"
1,4,6,102,0,"minecraft:glass_pane","Glass Pane"
1,4,7,5,0,"minecraft:oak_planks","Oak Wood Plank"
1,4,8,5,0,"minecraft:oak_planks","Oak Wood Plank"
1,4,9,5,0,"minecraft:oak_planks","Oak Wood Plank"
1,4,10,5,0,"minecraft:oak_planks","Oak Wood Plank"
1,4,11,5,0,"minecraft:oak_planks","Oak Wood Plank"
2,4,1,5,0,"minecraft:oak_planks","Oak Wood Plank"
2,4,2,18,0,"minecraft:oak_leaves","Oak Leaves (No Decay)"
2,4,6,18,0,"minecraft:oak_leaves","Oak Leaves (No Decay)"
2,4,7,5,0,"minecraft:oak_planks","Oak Wood Plank"
3,4,1,5,0,"minecraft:oak_planks","Oak Wood Plank"
3,4,7,5,0,"minecraft:oak_planks","Oak Wood Plank"
3,4,14,191,0,"minecraft:dark_oak_fence","Oak Fence"
4,4,1,102,0,"minecraft:glass_pane","Glass Pane"
4,4,7,5,0,"minecraft:oak_planks","Oak Wood Plank"
5,4,1,102,0,"minecraft:glass_pane","Glass Pane"
5,4,7,5,0,"minecraft:oak_planks","Oak Wood Plank"
6,4,1,102,0,"minecraft:glass_pane","Glass Pane"
6,4,7,5,0,"minecraft:oak_planks","Oak Wood Plank"
6,4,14,191,0,"minecraft:dark_oak_fence","Oak Fence"
7,4,1,102,0,"minecraft:glass_pane","Glass Pane"
7,4,7,102,0,"minecraft:glass_pane","Glass Pane"
8,4,1,102,0,"minecraft:glass_pane","Glass Pane"
8,4,7,102,0,"minecraft:glass_pane","Glass Pane"
9,4,1,102,0,"minecraft:glass_pane","Glass Pane"
9,4,7,102,0,"minecraft:glass_pane","Glass Pane"
10,4,1,5,0,"minecraft:oak_planks","Oak Wood Plank"
10,4,7,102,0,"minecraft:glass_pane","Glass Pane"
11,4,1,5,0,"minecraft:oak_planks","Oak Wood Plank"
11,4,7,5,0,"minecraft:oak_planks","Oak Wood Plank"
11,4,8,102,0,"minecraft:glass_pane","Glass Pane"
11,4,9,102,0,"minecraft:glass_pane","Glass Pane"
11,4,10,102,0,"minecraft:glass_pane","Glass Pane"
11,4,11,102,0,"minecraft:glass_pane","Glass Pane"
11,4,12,102,0,"minecraft:glass_pane","Glass Pane"
11,4,13,5,0,"minecraft:oak_planks","Oak Wood Plank"
11,4,14,191,0,"minecraft:dark_oak_fence","Oak Fence"
12,4,1,102,0,"minecraft:glass_pane","Glass Pane"
12,4,7,65,0,"minecraft:ladder","Ladder (facing west)"
12,4,12,25,0,"minecraft:note_block","Note Block"
12,4,13,102,0,"minecraft:glass_pane","Glass Pane"
13,4,1,102,0,"minecraft:glass_pane","Glass Pane"
13,4,12,35,15,"minecraft:black_wool","Black Wool"
13,4,13,102,0,"minecraft:glass_pane","Glass Pane"
14,4,1,102,0,"minecraft:glass_pane","Glass Pane"
14,4,12,35,15,"minecraft:black_wool","Black Wool"
14,4,13,102,0,"minecraft:glass_pane","Glass Pane"
15,4,1,102,0,"minecraft:glass_pane","Glass Pane"
15,4,12,35,15,"minecraft:black_wool","Black Wool"
15,4,13,102,0,"minecraft:glass_pane","Glass Pane"
16,4,1,102,0,"minecraft:glass_pane","Glass Pane"
16,4,12,35,15,"minecraft:black_wool","Black Wool"
16,4,13,102,0,"minecraft:glass_pane","Glass Pane"
17,4,1,102,0,"minecraft:glass_pane","Glass Pane"
17,4,12,25,0,"minecraft:note_block","Note Block"
17,4,13,102,0,"minecraft:glass_pane","Glass Pane"
18,4,1,5,0,"minecraft:oak_planks","Oak Wood Plank"
18,4,2,102,0,"minecraft:glass_pane","Glass Pane"
18,4,3,102,0,"minecraft:glass_pane","Glass Pane"
18,4,4,102,0,"minecraft:glass_pane","Glass Pane"
18,4,5,102,0,"minecraft:glass_pane","Glass Pane"
18,4,6,102,0,"minecraft:glass_pane","Glass Pane"
18,4,7,5,0,"minecraft:oak_planks","Oak Wood Plank"
18,4,8,102,0,"minecraft:glass_pane","Glass Pane"
18,4,9,102,0,"minecraft:glass_pane","Glass Pane"
18,4,10,102,0,"minecraft:glass_pane","Glass Pane"
18,4,11,102,0,"minecraft:glass_pane","Glass Pane"
18,4,12,102,0,"minecraft:glass_pane","Glass Pane"
18,4,13,5,0,"minecraft:oak_planks","Oak Wood Plank"
1,5,1,5,0,"minecraft:oak_planks","Oak Wood Plank"
1,5,2,5,0,"minecraft:oak_planks","Oak Wood Plank"
1,5,3,5,0,"minecraft:oak_planks","Oak Wood Plank"
1,5,4,5,0,"minecraft:oak_planks","Oak Wood Plank"
1,5,5,5,0,"minecraft:oak_planks","Oak Wood Plank"
1,5,6,5,0,"minecraft:oak_planks","Oak Wood Plank"
1,5,7,5,0,"minecraft:oak_planks","Oak Wood Plank"
1,5,8,5,0,"minecraft:oak_planks","Oak Wood Plank"
1,5,9,5,0,"minecraft:oak_planks","Oak Wood Plank"
1,5,10,5,0,"minecraft:oak_planks","Oak Wood Plank"
1,5,11,5,0,"minecraft:oak_planks","Oak Wood Plank"
1,5,12,191,0,"minecraft:dark_oak_fence","Oak Fence"
1,5,13,191,0,"minecraft:dark_oak_fence","Oak Fence"
1,5,14,191,0,"minecraft:dark_oak_fence","Oak Fence"
2,5,1,5,0,"minecraft:oak_planks","Oak Wood Plank"
2,5,7,5,0,"minecraft:oak_planks","Oak Wood Plank"
2,5,14,191,0,"minecraft:dark_oak_fence","Oak Fence"
3,5,1,5,0,"minecraft:oak_planks","Oak Wood Plank"
3,5,7,5,0,"minecraft:oak_planks","Oak Wood Plank"
3,5,14,191,0,"minecraft:dark_oak_fence","Oak Fence"
4,5,1,5,0,"minecraft:oak_planks","Oak Wood Plank"
4,5,7,5,0,"minecraft:oak_planks","Oak Wood Plank"
4,5,14,191,0,"minecraft:dark_oak_fence","Oak Fence"
5,5,1,5,0,"minecraft:oak_planks","Oak Wood Plank"
5,5,7,5,0,"minecraft:oak_planks","Oak Wood Plank"
5,5,14,191,0,"minecraft:dark_oak_fence","Oak Fence"
6,5,1,5,0,"minecraft:oak_planks","Oak Wood Plank"
6,5,7,5,0,"minecraft:oak_planks","Oak Wood Plank"
6,5,14,191,0,"minecraft:dark_oak_fence","Oak Fence"
7,5,1,5,0,"minecraft:oak_planks","Oak Wood Plank"
7,5,7,5,0,"minecraft:oak_planks","Oak Wood Plank"
7,5,14,191,0,"minecraft:dark_oak_fence","Oak Fence"
8,5,1,5,0,"minecraft:oak_planks","Oak Wood Plank"
8,5,7,5,0,"minecraft:oak_planks","Oak Wood Plank"
8,5,14,191,0,"minecraft:dark_oak_fence","Oak Fence"
9,5,1,5,0,"minecraft:oak_planks","Oak Wood Plank"
9,5,7,5,0,"minecraft:oak_planks","Oak Wood Plank"
9,5,14,191,0,"minecraft:dark_oak_fence","Oak Fence"
10,5,1,5,0,"minecraft:oak_planks","Oak Wood Plank"
10,5,7,5,0,"minecraft:oak_planks","Oak Wood Plank"
10,5,14,191,0,"minecraft:dark_oak_fence","Oak Fence"
11,5,1,5,0,"minecraft:oak_planks","Oak Wood Plank"
11,5,7,5,0,"minecraft:oak_planks","Oak Wood Plank"
11,5,8,5,0,"minecraft:oak_planks","Oak Wood Plank"
11,5,9,5,0,"minecraft:oak_planks","Oak Wood Plank"
11,5,10,5,0,"minecraft:oak_planks","Oak Wood Plank"
11,5,11,5,0,"minecraft:oak_planks","Oak Wood Plank"
11,5,12,5,0,"minecraft:oak_planks","Oak Wood Plank"
11,5,13,5,0,"minecraft:oak_planks","Oak Wood Plank"
11,5,14,191,0,"minecraft:dark_oak_fence","Oak Fence"
12,5,1,102,0,"minecraft:glass_pane","Glass Pane"
12,5,7,65,0,"minecraft:ladder","Ladder (facing west)"
12,5,13,102,0,"minecraft:glass_pane","Glass Pane"
13,5,1,102,0,"minecraft:glass_pane","Glass Pane"
13,5,13,102,0,"minecraft:glass_pane","Glass Pane"
14,5,1,102,0,"minecraft:glass_pane","Glass Pane"
14,5,13,102,0,"minecraft:glass_pane","Glass Pane"
15,5,1,102,0,"minecraft:glass_pane","Glass Pane"
15,5,13,102,0,"minecraft:glass_pane","Glass Pane"
16,5,1,102,0,"minecraft:glass_pane","Glass Pane"
16,5,13,102,0,"minecraft:glass_pane","Glass Pane"
17,5,1,102,0,"minecraft:glass_pane","Glass Pane"
17,5,13,102,0,"minecraft:glass_pane","Glass Pane"
18,5,1,5,0,"minecraft:oak_planks","Oak Wood Plank"
18,5,2,5,0,"minecraft:oak_planks","Oak Wood Plank"
18,5,3,5,0,"minecraft:oak_planks","Oak Wood Plank"
18,5,4,5,0,"minecraft:oak_planks","Oak Wood Plank"
18,5,5,5,0,"minecraft:oak_planks","Oak Wood Plank"
18,5,6,5,0,"minecraft:oak_planks","Oak Wood Plank"
18,5,7,5,0,"minecraft:oak_planks","Oak Wood Plank"
18,5,8,5,0,"minecraft:oak_planks","Oak Wood Plank"
18,5,9,5,0,"minecraft:oak_planks","Oak Wood Plank"
18,5,10,5,0,"minecraft:oak_planks","Oak Wood Plank"
18,5,11,5,0,"minecraft:oak_planks","Oak Wood Plank"
18,5,12,5,0,"minecraft:oak_planks","Oak Wood Plank"
18,5,13,5,0,"minecraft:oak_planks","Oak Wood Plank"
0,6,0,134,0,"minecraft:spruce_stairs","Spruce Wood Stairs (West, Normal)"
0,6,1,134,0,"minecraft:spruce_stairs","Spruce Wood Stairs (West, Normal)"
0,6,2,134,0,"minecraft:spruce_stairs","Spruce Wood Stairs (West, Normal)"
0,6,3,134,0,"minecraft:spruce_stairs","Spruce Wood Stairs (West, Normal)"
0,6,4,134,0,"minecraft:spruce_stairs","Spruce Wood Stairs (West, Normal)"
0,6,5,134,0,"minecraft:spruce_stairs","Spruce Wood Stairs (West, Normal)"
0,6,6,134,0,"minecraft:spruce_stairs","Spruce Wood Stairs (West, Normal)"
0,6,7,134,0,"minecraft:spruce_stairs","Spruce Wood Stairs (West, Normal)"
0,6,8,134,0,"minecraft:spruce_stairs","Spruce Wood Stairs (West, Normal)"
0,6,9,134,0,"minecraft:spruce_stairs","Spruce Wood Stairs (West, Normal)"
0,6,10,134,0,"minecraft:spruce_stairs","Spruce Wood Stairs (West, Normal)"
0,6,11,134,0,"minecraft:spruce_stairs","Spruce Wood Stairs (West, Normal)"
0,6,12,134,0,"minecraft:spruce_stairs","Spruce Wood Stairs (West, Normal)"
0,6,13,134,0,"minecraft:spruce_stairs","Spruce Wood Stairs (West, Normal)"
0,6,14,134,0,"minecraft:spruce_stairs","Spruce Wood Stairs (South, Normal)"
1,6,0,134,0,"minecraft:spruce_stairs","Spruce Wood Stairs (North, Normal)"
1,6,1,5,1,"minecraft:spruce_planks","Spruce Wood Plank"
1,6,2,5,1,"minecraft:spruce_planks","Spruce Wood Plank"
1,6,3,5,1,"minecraft:spruce_planks","Spruce Wood Plank"
1,6,4,5,1,"minecraft:spruce_planks","Spruce Wood Plank"
1,6,5,5,1,"minecraft:spruce_planks","Spruce Wood Plank"
1,6,6,5,1,"minecraft:spruce_planks","Spruce Wood Plank"
1,6,7,5,1,"minecraft:spruce_planks","Spruce Wood Plank"
1,6,8,5,1,"minecraft:spruce_planks","Spruce Wood Plank"
1,6,9,5,1,"minecraft:spruce_planks","Spruce Wood Plank"
1,6,10,5,1,"minecraft:spruce_planks","Spruce Wood Plank"
1,6,11,5,1,"minecraft:spruce_planks","Spruce Wood Plank"
1,6,12,5,1,"minecraft:spruce_planks","Spruce Wood Plank"
1,6,13,5,1,"minecraft:spruce_planks","Spruce Wood Plank"
1,6,14,134,0,"minecraft:spruce_stairs","Spruce Wood Stairs (South, Normal)"
2,6,0,134,0,"minecraft:spruce_stairs","Spruce Wood Stairs (North, Normal)"
2,6,1,5,1,"minecraft:spruce_planks","Spruce Wood Plank"
2,6,7,5,0,"minecraft:oak_planks","Oak Wood Plank"
2,6,13,5,1,"minecraft:spruce_planks","Spruce Wood Plank"
2,6,14,134,0,"minecraft:spruce_stairs","Spruce Wood Stairs (South, Normal)"
3,6,0,134,0,"minecraft:spruce_stairs","Spruce Wood Stairs (North, Normal)"
3,6,1,5,1,"minecraft:spruce_planks","Spruce Wood Plank"
3,6,7,5,0,"minecraft:oak_planks","Oak Wood Plank"
3,6,13,5,1,"minecraft:spruce_planks","Spruce Wood Plank"
3,6,14,134,0,"minecraft:spruce_stairs","Spruce Wood Stairs (South, Normal)"
4,6,0,134,0,"minecraft:spruce_stairs","Spruce Wood Stairs (North, Normal)"
4,6,1,5,1,"minecraft:spruce_planks","Spruce Wood Plank"
4,6,7,5,0,"minecraft:oak_planks","Oak Wood Plank"
4,6,13,5,1,"minecraft:spruce_planks","Spruce Wood Plank"
4,6,14,134,0,"minecraft:spruce_stairs","Spruce Wood Stairs (South, Normal)"
5,6,0,134,0,"minecraft:spruce_stairs","Spruce Wood Stairs (North, Normal)"
5,6,1,5,1,"minecraft:spruce_planks","Spruce Wood Plank"
5,6,7,5,0,"minecraft:oak_planks","Oak Wood Plank"
5,6,13,5,1,"minecraft:spruce_planks","Spruce Wood Plank"
5,6,14,134,0,"minecraft:spruce_stairs","Spruce Wood Stairs (South, Normal)"
6,6,0,134,0,"minecraft:spruce_stairs","Spruce Wood Stairs (North, Normal)"
6,6,1,5,1,"minecraft:spruce_planks","Spruce Wood Plank"
6,6,7,5,0,"minecraft:oak_planks","Oak Wood Plank"
6,6,13,5,1,"minecraft:spruce_planks","Spruce Wood Plank"
6,6,14,134,0,"minecraft:spruce_stairs","Spruce Wood Stairs (South, Normal)"
7,6,0,134,0,"minecraft:spruce_stairs","Spruce Wood Stairs (North, Normal)"
7,6,1,5,1,"minecraft:spruce_planks","Spruce Wood Plank"
7,6,7,5,0,"minecraft:oak_planks","Oak Wood Plank"
7,6,13,5,1,"minecraft:spruce_planks","Spruce Wood Plank"
7,6,14,134,0,"minecraft:spruce_stairs","Spruce Wood Stairs (South, Normal)"
8,6,0,134,0,"minecraft:spruce_stairs","Spruce Wood Stairs (North, Normal)"
8,6,1,5,1,"minecraft:spruce_planks","Spruce Wood Plank"
8,6,7,5,0,"minecraft:oak_planks","Oak Wood Plank"
8,6,13,5,1,"minecraft:spruce_planks","Spruce Wood Plank"
8,6,14,134,0,"minecraft:spruce_stairs","Spruce Wood Stairs (South, Normal)"
9,6,0,134,0,"minecraft:spruce_stairs","Spruce Wood Stairs (North, Normal)"
9,6,1,5,1,"minecraft:spruce_planks","Spruce Wood Plank"
9,6,7,5,0,"minecraft:oak_planks","Oak Wood Plank"
9,6,13,5,1,"minecraft:spruce_planks","Spruce Wood Plank"
9,6,14,134,0,"minecraft:spruce_stairs","Spruce Wood Stairs (South, Normal)"
10,6,0,134,0,"minecraft:spruce_stairs","Spruce Wood Stairs (North, Normal)"
10,6,1,5,1,"minecraft:spruce_planks","Spruce Wood Plank"
10,6,7,5,0,"minecraft:oak_planks","Oak Wood Plank"
10,6,13,5,1,"minecraft:spruce_planks","Spruce Wood Plank"
10,6,14,134,0,"minecraft:spruce_stairs","Spruce Wood Stairs (South, Normal)"
11,6,0,134,0,"minecraft:spruce_stairs","Spruce Wood Stairs (North, Normal)"
11,6,1,5,0,"minecraft:oak_planks","Oak Wood Plank"
11,6,2,5,0,"minecraft:oak_planks","Oak Wood Plank"
11,6,3,5,0,"minecraft:oak_planks","Oak Wood Plank"
11,6,4,5,0,"minecraft:oak_planks","Oak Wood Plank"
11,6,5,5,0,"minecraft:oak_planks","Oak Wood Plank"
11,6,6,5,0,"minecraft:oak_planks","Oak Wood Plank"
11,6,7,5,0,"minecraft:oak_planks","Oak Wood Plank"
11,6,8,5,0,"minecraft:oak_planks","Oak Wood Plank"
11,6,9,5,0,"minecraft:oak_planks","Oak Wood Plank"
11,6,10,5,0,"minecraft:oak_planks","Oak Wood Plank"
11,6,11,5,0,"minecraft:oak_planks","Oak Wood Plank"
11,6,12,5,0,"minecraft:oak_planks","Oak Wood Plank"
11,6,13,5,0,"minecraft:oak_planks","Oak Wood Plank"
11,6,14,134,0,"minecraft:spruce_stairs","Spruce Wood Stairs (South, Normal)"
12,6,0,134,0,"minecraft:spruce_stairs","Spruce Wood Stairs (North, Normal)"
12,6,1,5,0,"minecraft:oak_planks","Oak Wood Plank"
12,6,2,5,0,"minecraft:oak_planks","Oak Wood Plank"
12,6,3,5,0,"minecraft:oak_planks","Oak Wood Plank"
12,6,4,5,0,"minecraft:oak_planks","Oak Wood Plank"
12,6,5,5,0,"minecraft:oak_planks","Oak Wood Plank"
12,6,6,5,0,"minecraft:oak_planks","Oak Wood Plank"
12,6,7,65,0,"minecraft:ladder","Ladder (facing west)"
12,6,8,5,0,"minecraft:oak_planks","Oak Wood Plank"
12,6,9,5,0,"minecraft:oak_planks","Oak Wood Plank"
12,6,10,5,0,"minecraft:oak_planks","Oak Wood Plank"
12,6,11,5,0,"minecraft:oak_planks","Oak Wood Plank"
12,6,12,5,0,"minecraft:oak_planks","Oak Wood Plank"
12,6,13,5,0,"minecraft:oak_planks","Oak Wood Plank"
12,6,14,134,0,"minecraft:spruce_stairs","Spruce Wood Stairs (South, Normal)"
13,6,0,134,0,"minecraft:spruce_stairs","Spruce Wood Stairs (North, Normal)"
13,6,1,5,0,"minecraft:oak_planks","Oak Wood Plank"
13,6,2,5,0,"minecraft:oak_planks","Oak Wood Plank"
13,6,3,5,0,"minecraft:oak_planks","Oak Wood Plank"
13,6,4,5,0,"minecraft:oak_planks","Oak Wood Plank"
13,6,5,5,0,"minecraft:oak_planks","Oak Wood Plank"
13,6,6,5,0,"minecraft:oak_planks","Oak Wood Plank"
13,6,7,5,0,"minecraft:oak_planks","Oak Wood Plank"
13,6,8,5,0,"minecraft:oak_planks","Oak Wood Plank"
13,6,9,5,0,"minecraft:oak_planks","Oak Wood Plank"
13,6,10,5,0,"minecraft:oak_planks","Oak Wood Plank"
13,6,11,5,0,"minecraft:oak_planks","Oak Wood Plank"
13,6,12,5,0,"minecraft:oak_planks","Oak Wood Plank"
13,6,13,5,0,"minecraft:oak_planks","Oak Wood Plank"
13,6,14,134,0,"minecraft:spruce_stairs","Spruce Wood Stairs (South, Normal)"
14,6,0,134,0,"minecraft:spruce_stairs","Spruce Wood Stairs (North, Normal)"
14,6,1,5,0,"minecraft:oak_planks","Oak Wood Plank"
14,6,2,5,0,"minecraft:oak_planks","Oak Wood Plank"
14,6,3,5,0,"minecraft:oak_planks","Oak Wood Plank"
14,6,4,5,0,"minecraft:oak_planks","Oak Wood Plank"
14,6,5,5,0,"minecraft:oak_planks","Oak Wood Plank"
14,6,6,5,0,"minecraft:oak_planks","Oak Wood Plank"
14,6,7,5,0,"minecraft:oak_planks","Oak Wood Plank"
14,6,8,5,0,"minecraft:oak_planks","Oak Wood Plank"
14,6,9,5,0,"minecraft:oak_planks","Oak Wood Plank"
14,6,10,5,0,"minecraft:oak_planks","Oak Wood Plank"
14,6,11,5,0,"minecraft:oak_planks","Oak Wood Plank"
14,6,12,5,0,"minecraft:oak_planks","Oak Wood Plank"
14,6,13,5,0,"minecraft:oak_planks","Oak Wood Plank"
14,6,14,134,0,"minecraft:spruce_stairs","Spruce Wood Stairs (South, Normal)"
15,6,0,134,0,"minecraft:spruce_stairs","Spruce Wood Stairs (North, Normal)"
15,6,1,5,0,"minecraft:oak_planks","Oak Wood Plank"
15,6,2,5,0,"minecraft:oak_planks","Oak Wood Plank"
15,6,3,5,0,"minecraft:oak_planks","Oak Wood Plank"
15,6,4,5,0,"minecraft:oak_planks","Oak Wood Plank"
15,6,5,5,0,"minecraft:oak_planks","Oak Wood Plank"
15,6,6,5,0,"minecraft:oak_planks","Oak Wood Plank"
15,6,7,5,0,"minecraft:oak_planks","Oak Wood Plank"
15,6,8,5,0,"minecraft:oak_planks","Oak Wood Plank"
15,6,9,5,0,"minecraft:oak_planks","Oak Wood Plank"
15,6,10,5,0,"minecraft:oak_planks","Oak Wood Plank"
15,6,11,5,0,"minecraft:oak_planks","Oak Wood Plank"
15,6,12,5,0,"minecraft:oak_planks","Oak Wood Plank"
15,6,13,5,0,"minecraft:oak_planks","Oak Wood Plank"
15,6,14,134,0,"minecraft:spruce_stairs","Spruce Wood Stairs (South, Normal)"
16,6,0,134,0,"minecraft:spruce_stairs","Spruce Wood Stairs (North, Normal)"
16,6,1,5,0,"minecraft:oak_planks","Oak Wood Plank"
16,6,2,5,0,"minecraft:oak_planks","Oak Wood Plank"
16,6,3,5,0,"minecraft:oak_planks","Oak Wood Plank"
16,6,4,5,0,"minecraft:oak_planks","Oak Wood Plank"
16,6,5,5,0,"minecraft:oak_planks","Oak Wood Plank"
16,6,6,5,0,"minecraft:oak_planks","Oak Wood Plank"
16,6,7,5,0,"minecraft:oak_planks","Oak Wood Plank"
16,6,8,5,0,"minecraft:oak_planks","Oak Wood Plank"
16,6,9,5,0,"minecraft:oak_planks","Oak Wood Plank"
16,6,10,5,0,"minecraft:oak_planks","Oak Wood Plank"
16,6,11,5,0,"minecraft:oak_planks","Oak Wood Plank"
16,6,12,5,0,"minecraft:oak_planks","Oak Wood Plank"
16,6,13,5,0,"minecraft:oak_planks","Oak Wood Plank"
16,6,14,134,0,"minecraft:spruce_stairs","Spruce Wood Stairs (South, Normal)"
17,6,0,134,0,"minecraft:spruce_stairs","Spruce Wood Stairs (North, Normal)"
17,6,1,5,0,"minecraft:oak_planks","Oak Wood Plank"
17,6,2,5,0,"minecraft:oak_planks","Oak Wood Plank"
17,6,3,5,0,"minecraft:oak_planks","Oak Wood Plank"
17,6,4,5,0,"minecraft:oak_planks","Oak Wood Plank"
17,6,5,5,0,"minecraft:oak_planks","Oak Wood Plank"
17,6,6,5,0,"minecraft:oak_planks","Oak Wood Plank"
17,6,7,5,0,"minecraft:oak_planks","Oak Wood Plank"
17,6,8,5,0,"minecraft:oak_planks","Oak Wood Plank"
17,6,9,5,0,"minecraft:oak_planks","Oak Wood Plank"
17,6,10,5,0,"minecraft:oak_planks","Oak Wood Plank"
17,6,11,5,0,"minecraft:oak_planks","Oak Wood Plank"
17,6,12,5,0,"minecraft:oak_planks","Oak Wood Plank"
17,6,13,5,0,"minecraft:oak_planks","Oak Wood Plank"
17,6,14,134,0,"minecraft:spruce_stairs","Spruce Wood Stairs (South, Normal)"
18,6,0,134,0,"minecraft:spruce_stairs","Spruce Wood Stairs (North, Normal)"
18,6,1,5,0,"minecraft:oak_planks","Oak Wood Plank"
18,6,2,5,0,"minecraft:oak_planks","Oak Wood Plank"
18,6,3,5,0,"minecraft:oak_planks","Oak Wood Plank"
18,6,4,5,0,"minecraft:oak_planks","Oak Wood Plank"
18,6,5,5,0,"minecraft:oak_planks","Oak Wood Plank"
18,6,6,5,0,"minecraft:oak_planks","Oak Wood Plank"
18,6,7,5,0,"minecraft:oak_planks","Oak Wood Plank"
18,6,8,5,0,"minecraft:oak_planks","Oak Wood Plank"
18,6,9,5,0,"minecraft:oak_planks","Oak Wood Plank"
18,6,10,5,0,"minecraft:oak_planks","Oak Wood Plank"
18,6,11,5,0,"minecraft:oak_planks","Oak Wood Plank"
18,6,12,5,0,"minecraft:oak_planks","Oak Wood Plank"
18,6,13,5,0,"minecraft:oak_planks","Oak Wood Plank"
18,6,14,134,0,"minecraft:spruce_stairs","Spruce Wood Stairs (South, Normal)"
19,6,0,134,0,"minecraft:spruce_stairs","Spruce Wood Stairs (North, Normal)"
19,6,1,134,0,"minecraft:spruce_stairs","Spruce Wood Stairs (East, Normal)"
19,6,2,134,0,"minecraft:spruce_stairs","Spruce Wood Stairs (East, Normal)"
19,6,3,134,0,"minecraft:spruce_stairs","Spruce Wood Stairs (East, Normal)"
19,6,4,134,0,"minecraft:spruce_stairs","Spruce Wood Stairs (East, Normal)"
19,6,5,134,0,"minecraft:spruce_stairs","Spruce Wood Stairs (East, Normal)"
19,6,6,134,0,"minecraft:spruce_stairs","Spruce Wood Stairs (East, Normal)"
19,6,7,134,0,"minecraft:spruce_stairs","Spruce Wood Stairs (East, Normal)"
19,6,8,134,0,"minecraft:spruce_stairs","Spruce Wood Stairs (East, Normal)"
19,6,9,134,0,"minecraft:spruce_stairs","Spruce Wood Stairs (East, Normal)"
19,6,10,134,0,"minecraft:spruce_stairs","Spruce Wood Stairs (East, Normal)"
19,6,11,134,0,"minecraft:spruce_stairs","Spruce Wood Stairs (East, Normal)"
19,6,12,134,0,"minecraft:spruce_stairs","Spruce Wood Stairs (East, Normal)"
19,6,13,134,0,"minecraft:spruce_stairs","Spruce Wood Stairs (East, Normal)"
19,6,14,134,0,"minecraft:spruce_stairs","Spruce Wood Stairs (East, Normal)"
1,7,1,134,0,"minecraft:spruce_stairs","Spruce Wood Stairs (North, Normal)"
1,7,2,134,0,"minecraft:spruce_stairs","Spruce Wood Stairs (West, Normal)"
1,7,3,134,0,"minecraft:spruce_stairs","Spruce Wood Stairs (West, Normal)"
1,7,4,134,0,"minecraft:spruce_stairs","Spruce Wood Stairs (West, Normal)"
1,7,5,134,0,"minecraft:spruce_stairs","Spruce Wood Stairs (West, Normal)"
1,7,6,134,0,"minecraft:spruce_stairs","Spruce Wood Stairs (West, Normal)"
1,7,7,134,0,"minecraft:spruce_stairs","Spruce Wood Stairs (West, Normal)"
1,7,8,134,0,"minecraft:spruce_stairs","Spruce Wood Stairs (West, Normal)"
1,7,9,134,0,"minecraft:spruce_stairs","Spruce Wood Stairs (West, Normal)"
1,7,10,134,0,"minecraft:spruce_stairs","Spruce Wood Stairs (West, Normal)"
1,7,11,134,0,"minecraft:spruce_stairs","Spruce Wood Stairs (West, Normal)"
1,7,12,134,0,"minecraft:spruce_stairs","Spruce Wood Stairs (West, Normal)"
1,7,13,134,0,"minecraft:spruce_stairs","Spruce Wood Stairs (West, Normal)"
2,7,1,134,0,"minecraft:spruce_stairs","Spruce Wood Stairs (North, Normal)"
2,7,2,5,1,"minecraft:spruce_planks","Spruce Wood Plank"
2,7,3,5,1,"minecraft:spruce_planks","Spruce Wood Plank"
2,7,4,5,1,"minecraft:spruce_planks","Spruce Wood Plank"
2,7,5,5,1,"minecraft:spruce_planks","Spruce Wood Plank"
2,7,6,5,1,"minecraft:spruce_planks","Spruce Wood Plank"
2,7,7,5,1,"minecraft:spruce_planks","Spruce Wood Plank"
2,7,8,5,1,"minecraft:spruce_planks","Spruce Wood Plank"
2,7,9,5,1,"minecraft:spruce_planks","Spruce Wood Plank"
2,7,10,5,1,"minecraft:spruce_planks","Spruce Wood Plank"
2,7,11,5,1,"minecraft:spruce_planks","Spruce Wood Plank"
2,7,12,5,1,"minecraft:spruce_planks","Spruce Wood Plank"
2,7,13,134,0,"minecraft:spruce_stairs","Spruce Wood Stairs (South, Normal)"
3,7,1,134,0,"minecraft:spruce_stairs","Spruce Wood Stairs (North, Normal)"
3,7,2,5,1,"minecraft:spruce_planks","Spruce Wood Plank"
3,7,7,5,0,"minecraft:oak_planks","Oak Wood Plank"
3,7,12,5,1,"minecraft:spruce_planks","Spruce Wood Plank"
3,7,13,134,0,"minecraft:spruce_stairs","Spruce Wood Stairs (South, Normal)"
4,7,1,134,0,"minecraft:spruce_stairs","Spruce Wood Stairs (North, Normal)"
4,7,2,5,1,"minecraft:spruce_planks","Spruce Wood Plank"
4,7,7,5,0,"minecraft:oak_planks","Oak Wood Plank"
4,7,12,5,1,"minecraft:spruce_planks","Spruce Wood Plank"
4,7,13,134,0,"minecraft:spruce_stairs","Spruce Wood Stairs (South, Normal)"
5,7,1,134,0,"minecraft:spruce_stairs","Spruce Wood Stairs (North, Normal)"
5,7,2,5,1,"minecraft:spruce_planks","Spruce Wood Plank"
5,7,7,5,0,"minecraft:oak_planks","Oak Wood Plank"
5,7,12,5,1,"minecraft:spruce_planks","Spruce Wood Plank"
5,7,13,134,0,"minecraft:spruce_stairs","Spruce Wood Stairs (South, Normal)"
6,7,1,134,0,"minecraft:spruce_stairs","Spruce Wood Stairs (North, Normal)"
6,7,2,5,1,"minecraft:spruce_planks","Spruce Wood Plank"
6,7,7,5,0,"minecraft:oak_planks","Oak Wood Plank"
6,7,12,5,1,"minecraft:spruce_planks","Spruce Wood Plank"
6,7,13,134,0,"minecraft:spruce_stairs","Spruce Wood Stairs (South, Normal)"
7,7,1,134,0,"minecraft:spruce_stairs","Spruce Wood Stairs (North, Normal)"
7,7,2,5,1,"minecraft:spruce_planks","Spruce Wood Plank"
7,7,7,5,0,"minecraft:oak_planks","Oak Wood Plank"
7,7,12,5,1,"minecraft:spruce_planks","Spruce Wood Plank"
7,7,13,134,0,"minecraft:spruce_stairs","Spruce Wood Stairs (South, Normal)"
8,7,1,134,0,"minecraft:spruce_stairs","Spruce Wood Stairs (North, Normal)"
8,7,2,5,1,"minecraft:spruce_planks","Spruce Wood Plank"
8,7,7,5,0,"minecraft:oak_planks","Oak Wood Plank"
8,7,12,5,1,"minecraft:spruce_planks","Spruce Wood Plank"
8,7,13,134,0,"minecraft:spruce_stairs","Spruce Wood Stairs (South, Normal)"
9,7,1,134,0,"minecraft:spruce_stairs","Spruce Wood Stairs (North, Normal)"
9,7,2,5,1,"minecraft:spruce_planks","Spruce Wood Plank"
9,7,7,5,0,"minecraft:oak_planks","Oak Wood Plank"
9,7,12,5,1,"minecraft:spruce_planks","Spruce Wood Plank"
9,7,13,134,0,"minecraft:spruce_stairs","Spruce Wood Stairs (South, Normal)"
10,7,1,134,0,"minecraft:spruce_stairs","Spruce Wood Stairs (North, Normal)"
10,7,2,5,1,"minecraft:spruce_planks","Spruce Wood Plank"
10,7,7,5,0,"minecraft:oak_planks","Oak Wood Plank"
10,7,12,5,1,"minecraft:spruce_planks","Spruce Wood Plank"
10,7,13,134,0,"minecraft:spruce_stairs","Spruce Wood Stairs (South, Normal)"
11,7,1,5,0,"minecraft:oak_planks","Oak Wood Plank"
11,7,2,5,0,"minecraft:oak_planks","Oak Wood Plank"
11,7,3,5,0,"minecraft:oak_planks","Oak Wood Plank"
11,7,4,5,0,"minecraft:oak_planks","Oak Wood Plank"
11,7,5,5,0,"minecraft:oak_planks","Oak Wood Plank"
11,7,6,5,0,"minecraft:oak_planks","Oak Wood Plank"
11,7,7,5,0,"minecraft:oak_planks","Oak Wood Plank"
11,7,8,5,0,"minecraft:oak_planks","Oak Wood Plank"
11,7,9,5,0,"minecraft:oak_planks","Oak Wood Plank"
11,7,10,5,0,"minecraft:oak_planks","Oak Wood Plank"
11,7,11,5,0,"minecraft:oak_planks","Oak Wood Plank"
11,7,12,5,0,"minecraft:oak_planks","Oak Wood Plank"
11,7,13,5,0,"minecraft:oak_planks","Oak Wood Plank"
12,7,1,5,0,"minecraft:oak_planks","Oak Wood Plank"
12,7,2,130,0,"minecraft:ender_chest","Ender Chest (Facing North)"
12,7,12,54,0,"minecraft:chest","Chest (South)"
12,7,13,5,0,"minecraft:oak_planks","Oak Wood Plank"
13,7,1,102,0,"minecraft:glass_pane","Glass Pane"
13,7,2,145,0,"minecraft:anvil","Anvil (East/West)"
13,7,10,44,0,"minecraft:stone_slab","Stone Slab"
13,7,11,43,0,"minecraft:smooth_quartz","Double Stone Slab"
13,7,12,43,0,"minecraft:smooth_quartz","Double Stone Slab"
13,7,13,102,0,"minecraft:glass_pane","Glass Pane"
14,7,1,102,0,"minecraft:glass_pane","Glass Pane"
14,7,2,61,0,"minecraft:furnace","Furnace (Facing North)"
14,7,10,26,0,"minecraft:white_bed","Bed (North, Empty, Foot of the bed)"
14,7,11,26,0,"minecraft:white_bed","Bed (North, Empty, Head of the bed)"
14,7,12,43,0,"minecraft:smooth_quartz","Double Stone Slab"
14,7,13,102,0,"minecraft:glass_pane","Glass Pane"
15,7,1,102,0,"minecraft:glass_pane","Glass Pane"
15,7,2,58,0,"minecraft:crafting_table","Crafting Table"
15,7,10,26,0,"minecraft:white_bed","Bed (North, Empty, Foot of the bed)"
15,7,11,26,0,"minecraft:white_bed","Bed (North, Empty, Head of the bed)"
15,7,12,43,0,"minecraft:smooth_quartz","Double Stone Slab"
15,7,13,102,0,"minecraft:glass_pane","Glass Pane"
16,7,1,102,0,"minecraft:glass_pane","Glass Pane"
16,7,2,54,0,"minecraft:chest","Chest (North)"
16,7,10,44,0,"minecraft:stone_slab","Stone Slab"
16,7,11,43,0,"minecraft:smooth_quartz","Double Stone Slab"
16,7,12,43,0,"minecraft:smooth_quartz","Double Stone Slab"
16,7,13,102,0,"minecraft:glass_pane","Glass Pane"
17,7,1,5,0,"minecraft:oak_planks","Oak Wood Plank"
17,7,2,54,0,"minecraft:chest","Chest (North)"
17,7,12,54,0,"minecraft:chest","Chest (South)"
17,7,13,5,0,"minecraft:oak_planks","Oak Wood Plank"
18,7,1,5,0,"minecraft:oak_planks","Oak Wood Plank"
18,7,2,102,0,"minecraft:glass_pane","Glass Pane"
18,7,3,102,0,"minecraft:glass_pane","Glass Pane"
18,7,4,102,0,"minecraft:glass_pane","Glass Pane"
18,7,5,102,0,"minecraft:glass_pane","Glass Pane"
18,7,6,102,0,"minecraft:glass_pane","Glass Pane"
18,7,7,5,0,"minecraft:oak_planks","Oak Wood Plank"
18,7,8,102,0,"minecraft:glass_pane","Glass Pane"
18,7,9,102,0,"minecraft:glass_pane","Glass Pane"
18,7,10,102,0,"minecraft:glass_pane","Glass Pane"
18,7,11,102,0,"minecraft:glass_pane","Glass Pane"
18,7,12,102,0,"minecraft:glass_pane","Glass Pane"
18,7,13,5,0,"minecraft:oak_planks","Oak Wood Plank"
2,8,2,134,0,"minecraft:spruce_stairs","Spruce Wood Stairs (North, Normal)"
2,8,3,134,0,"minecraft:spruce_stairs","Spruce Wood Stairs (West, Normal)"
2,8,4,134,0,"minecraft:spruce_stairs","Spruce Wood Stairs (West, Normal)"
2,8,5,134,0,"minecraft:spruce_stairs","Spruce Wood Stairs (West, Normal)"
2,8,6,134,0,"minecraft:spruce_stairs","Spruce Wood Stairs (West, Normal)"
2,8,7,134,0,"minecraft:spruce_stairs","Spruce Wood Stairs (West, Normal)"
2,8,8,134,0,"minecraft:spruce_stairs","Spruce Wood Stairs (West, Normal)"
2,8,9,134,0,"minecraft:spruce_stairs","Spruce Wood Stairs (West, Normal)"
2,8,10,134,0,"minecraft:spruce_stairs","Spruce Wood Stairs (West, Normal)"
2,8,11,134,0,"minecraft:spruce_stairs","Spruce Wood Stairs (West, Normal)"
2,8,12,134,0,"minecraft:spruce_stairs","Spruce Wood Stairs (West, Normal)"
3,8,2,134,0,"minecraft:spruce_stairs","Spruce Wood Stairs (North, Normal)"
3,8,3,5,1,"minecraft:spruce_planks","Spruce Wood Plank"
3,8,4,5,1,"minecraft:spruce_planks","Spruce Wood Plank"
3,8,5,5,1,"minecraft:spruce_planks","Spruce Wood Plank"
3,8,6,5,1,"minecraft:spruce_planks","Spruce Wood Plank"
3,8,7,5,1,"minecraft:spruce_planks","Spruce Wood Plank"
3,8,8,5,1,"minecraft:spruce_planks","Spruce Wood Plank"
3,8,9,5,1,"minecraft:spruce_planks","Spruce Wood Plank"
3,8,10,5,1,"minecraft:spruce_planks","Spruce Wood Plank"
3,8,11,5,1,"minecraft:spruce_planks","Spruce Wood Plank"
3,8,12,134,0,"minecraft:spruce_stairs","Spruce Wood Stairs (South, Normal)"
4,8,2,134,0,"minecraft:spruce_stairs","Spruce Wood Stairs (North, Normal)"
4,8,3,5,1,"minecraft:spruce_planks","Spruce Wood Plank"
4,8,4,5,1,"minecraft:spruce_planks","Spruce Wood Plank"
4,8,5,5,1,"minecraft:spruce_planks","Spruce Wood Plank"
4,8,6,5,1,"minecraft:spruce_planks","Spruce Wood Plank"
4,8,7,5,1,"minecraft:spruce_planks","Spruce Wood Plank"
4,8,8,5,1,"minecraft:spruce_planks","Spruce Wood Plank"
4,8,9,5,1,"minecraft:spruce_planks","Spruce Wood Plank"
4,8,10,5,1,"minecraft:spruce_planks","Spruce Wood Plank"
4,8,11,5,1,"minecraft:spruce_planks","Spruce Wood Plank"
4,8,12,134,0,"minecraft:spruce_stairs","Spruce Wood Stairs (South, Normal)"
5,8,2,134,0,"minecraft:spruce_stairs","Spruce Wood Stairs (North, Normal)"
5,8,3,5,1,"minecraft:spruce_planks","Spruce Wood Plank"
5,8,4,5,1,"minecraft:spruce_planks","Spruce Wood Plank"
5,8,5,5,1,"minecraft:spruce_planks","Spruce Wood Plank"
5,8,6,5,1,"minecraft:spruce_planks","Spruce Wood Plank"
5,8,7,5,1,"minecraft:spruce_planks","Spruce Wood Plank"
5,8,8,5,1,"minecraft:spruce_planks","Spruce Wood Plank"
5,8,9,5,1,"minecraft:spruce_planks","Spruce Wood Plank"
5,8,10,5,1,"minecraft:spruce_planks","Spruce Wood Plank"
5,8,11,5,1,"minecraft:spruce_planks","Spruce Wood Plank"
5,8,12,134,0,"minecraft:spruce_stairs","Spruce Wood Stairs (South, Normal)"
6,8,2,134,0,"minecraft:spruce_stairs","Spruce Wood Stairs (North, Normal)"
6,8,3,5,1,"minecraft:spruce_planks","Spruce Wood Plank"
6,8,4,5,1,"minecraft:spruce_planks","Spruce Wood Plank"
6,8,5,5,1,"minecraft:spruce_planks","Spruce Wood Plank"
6,8,6,5,1,"minecraft:spruce_planks","Spruce Wood Plank"
6,8,7,5,1,"minecraft:spruce_planks","Spruce Wood Plank"
6,8,8,5,1,"minecraft:spruce_planks","Spruce Wood Plank"
6,8,9,5,1,"minecraft:spruce_planks","Spruce Wood Plank"
6,8,10,5,1,"minecraft:spruce_planks","Spruce Wood Plank"
6,8,11,5,1,"minecraft:spruce_planks","Spruce Wood Plank"
6,8,12,134,0,"minecraft:spruce_stairs","Spruce Wood Stairs (South, Normal)"
7,8,2,134,0,"minecraft:spruce_stairs","Spruce Wood Stairs (North, Normal)"
7,8,3,5,1,"minecraft:spruce_planks","Spruce Wood Plank"
7,8,4,5,1,"minecraft:spruce_planks","Spruce Wood Plank"
7,8,5,5,1,"minecraft:spruce_planks","Spruce Wood Plank"
7,8,6,5,1,"minecraft:spruce_planks","Spruce Wood Plank"
7,8,7,5,1,"minecraft:spruce_planks","Spruce Wood Plank"
7,8,8,5,1,"minecraft:spruce_planks","Spruce Wood Plank"
7,8,9,5,1,"minecraft:spruce_planks","Spruce Wood Plank"
7,8,10,5,1,"minecraft:spruce_planks","Spruce Wood Plank"
7,8,11,5,1,"minecraft:spruce_planks","Spruce Wood Plank"
7,8,12,134,0,"minecraft:spruce_stairs","Spruce Wood Stairs (South, Normal)"
8,8,2,134,0,"minecraft:spruce_stairs","Spruce Wood Stairs (North, Normal)"
8,8,3,5,1,"minecraft:spruce_planks","Spruce Wood Plank"
8,8,4,5,1,"minecraft:spruce_planks","Spruce Wood Plank"
8,8,5,5,1,"minecraft:spruce_planks","Spruce Wood Plank"
8,8,6,5,1,"minecraft:spruce_planks","Spruce Wood Plank"
8,8,7,5,1,"minecraft:spruce_planks","Spruce Wood Plank"
8,8,8,5,1,"minecraft:spruce_planks","Spruce Wood Plank"
8,8,9,5,1,"minecraft:spruce_planks","Spruce Wood Plank"
8,8,10,5,1,"minecraft:spruce_planks","Spruce Wood Plank"
8,8,11,5,1,"minecraft:spruce_planks","Spruce Wood Plank"
8,8,12,134,0,"minecraft:spruce_stairs","Spruce Wood Stairs (South, Normal)"
9,8,2,134,0,"minecraft:spruce_stairs","Spruce Wood Stairs (North, Normal)"
9,8,3,5,1,"minecraft:spruce_planks","Spruce Wood Plank"
9,8,4,5,1,"minecraft:spruce_planks","Spruce Wood Plank"
9,8,5,5,1,"minecraft:spruce_planks","Spruce Wood Plank"
9,8,6,5,1,"minecraft:spruce_planks","Spruce Wood Plank"
9,8,7,5,1,"minecraft:spruce_planks","Spruce Wood Plank"
9,8,8,5,1,"minecraft:spruce_planks","Spruce Wood Plank"
9,8,9,5,1,"minecraft:spruce_planks","Spruce Wood Plank"
9,8,10,5,1,"minecraft:spruce_planks","Spruce Wood Plank"
9,8,11,5,1,"minecraft:spruce_planks","Spruce Wood Plank"
9,8,12,134,0,"minecraft:spruce_stairs","Spruce Wood Stairs (South, Normal)"
10,8,2,134,0,"minecraft:spruce_stairs","Spruce Wood Stairs (North, Normal)"
10,8,3,5,1,"minecraft:spruce_planks","Spruce Wood Plank"
10,8,4,5,1,"minecraft:spruce_planks","Spruce Wood Plank"
10,8,5,5,1,"minecraft:spruce_planks","Spruce Wood Plank"
10,8,6,5,1,"minecraft:spruce_planks","Spruce Wood Plank"
10,8,7,5,1,"minecraft:spruce_planks","Spruce Wood Plank"
10,8,8,5,1,"minecraft:spruce_planks","Spruce Wood Plank"
10,8,9,5,1,"minecraft:spruce_planks","Spruce Wood Plank"
10,8,10,5,1,"minecraft:spruce_planks","Spruce Wood Plank"
10,8,11,5,1,"minecraft:spruce_planks","Spruce Wood Plank"
10,8,12,134,0,"minecraft:spruce_stairs","Spruce Wood Stairs (South, Normal)"
11,8,1,5,0,"minecraft:oak_planks","Oak Wood Plank"
11,8,2,5,0,"minecraft:oak_planks","Oak Wood Plank"
11,8,3,5,0,"minecraft:oak_planks","Oak Wood Plank"
11,8,4,5,0,"minecraft:oak_planks","Oak Wood Plank"
11,8,5,5,0,"minecraft:oak_planks","Oak Wood Plank"
11,8,6,5,0,"minecraft:oak_planks","Oak Wood Plank"
11,8,7,5,0,"minecraft:oak_planks","Oak Wood Plank"
11,8,8,5,0,"minecraft:oak_planks","Oak Wood Plank"
11,8,9,5,0,"minecraft:oak_planks","Oak Wood Plank"
11,8,10,5,0,"minecraft:oak_planks","Oak Wood Plank"
11,8,11,5,0,"minecraft:oak_planks","Oak Wood Plank"
11,8,12,5,0,"minecraft:oak_planks","Oak Wood Plank"
11,8,13,5,0,"minecraft:oak_planks","Oak Wood Plank"
12,8,1,5,0,"minecraft:oak_planks","Oak Wood Plank"
12,8,13,5,0,"minecraft:oak_planks","Oak Wood Plank"
13,8,1,102,0,"minecraft:glass_pane","Glass Pane"
13,8,13,102,0,"minecraft:glass_pane","Glass Pane"
14,8,1,102,0,"minecraft:glass_pane","Glass Pane"
14,8,2,117,0,"minecraft:brewing_stand","Brewing Stand (Slot 1 Unactive, Slot 2 Unactive, Slot 3 Unac"
14,8,12,44,0,"minecraft:stone_slab","Stone Slab"
14,8,13,102,0,"minecraft:glass_pane","Glass Pane"
15,8,1,102,0,"minecraft:glass_pane","Glass Pane"
15,8,12,44,0,"minecraft:stone_slab","Stone Slab"
15,8,13,102,0,"minecraft:glass_pane","Glass Pane"
16,8,1,102,0,"minecraft:glass_pane","Glass Pane"
16,8,13,102,0,"minecraft:glass_pane","Glass Pane"
17,8,1,5,0,"minecraft:oak_planks","Oak Wood Plank"
17,8,13,5,0,"minecraft:oak_planks","Oak Wood Plank"
18,8,1,5,0,"minecraft:oak_planks","Oak Wood Plank"
18,8,2,5,0,"minecraft:oak_planks","Oak Wood Plank"
18,8,3,5,0,"minecraft:oak_planks","Oak Wood Plank"
18,8,4,5,0,"minecraft:oak_planks","Oak Wood Plank"
18,8,5,5,0,"minecraft:oak_planks","Oak Wood Plank"
18,8,6,5,0,"minecraft:oak_planks","Oak Wood Plank"
18,8,7,5,0,"minecraft:oak_planks","Oak Wood Plank"
18,8,8,5,0,"minecraft:oak_planks","Oak Wood Plank"
18,8,9,5,0,"minecraft:oak_planks","Oak Wood Plank"
18,8,10,5,0,"minecraft:oak_planks","Oak Wood Plank"
18,8,11,5,0,"minecraft:oak_planks","Oak Wood Plank"
18,8,12,5,0,"minecraft:oak_planks","Oak Wood Plank"
18,8,13,5,0,"minecraft:oak_planks","Oak Wood Plank"
10,9,0,134,0,"minecraft:spruce_stairs","Spruce Wood Stairs (West, Normal)"
10,9,1,134,0,"minecraft:spruce_stairs","Spruce Wood Stairs (West, Normal)"
10,9,2,134,0,"minecraft:spruce_stairs","Spruce Wood Stairs (West, Normal)"
10,9,3,134,0,"minecraft:spruce_stairs","Spruce Wood Stairs (West, Normal)"
10,9,4,134,0,"minecraft:spruce_stairs","Spruce Wood Stairs (West, Normal)"
10,9,5,134,0,"minecraft:spruce_stairs","Spruce Wood Stairs (West, Normal)"
10,9,6,134,0,"minecraft:spruce_stairs","Spruce Wood Stairs (West, Normal)"
10,9,7,134,0,"minecraft:spruce_stairs","Spruce Wood Stairs (West, Normal)"
10,9,8,134,0,"minecraft:spruce_stairs","Spruce Wood Stairs (West, Normal)"
10,9,9,134,0,"minecraft:spruce_stairs","Spruce Wood Stairs (West, Normal)"
10,9,10,134,0,"minecraft:spruce_stairs","Spruce Wood Stairs (West, Normal)"
10,9,11,134,0,"minecraft:spruce_stairs","Spruce Wood Stairs (West, Normal)"
10,9,12,134,0,"minecraft:spruce_stairs","Spruce Wood Stairs (West, Normal)"
10,9,13,134,0,"minecraft:spruce_stairs","Spruce Wood Stairs (West, Normal)"
10,9,14,134,0,"minecraft:spruce_stairs","Spruce Wood Stairs (West, Normal)"
11,9,1,5,0,"minecraft:oak_planks","Oak Wood Plank"
11,9,2,5,0,"minecraft:oak_planks","Oak Wood Plank"
11,9,3,5,0,"minecraft:oak_planks","Oak Wood Plank"
11,9,4,5,0,"minecraft:oak_planks","Oak Wood Plank"
11,9,5,5,0,"minecraft:oak_planks","Oak Wood Plank"
11,9,6,5,0,"minecraft:oak_planks","Oak Wood Plank"
11,9,7,5,0,"minecraft:oak_planks","Oak Wood Plank"
11,9,8,5,0,"minecraft:oak_planks","Oak Wood Plank"
11,9,9,5,0,"minecraft:oak_planks","Oak Wood Plank"
11,9,10,5,0,"minecraft:oak_planks","Oak Wood Plank"
11,9,11,5,0,"minecraft:oak_planks","Oak Wood Plank"
11,9,12,5,0,"minecraft:oak_planks","Oak Wood Plank"
11,9,13,5,0,"minecraft:oak_planks","Oak Wood Plank"
12,9,1,5,0,"minecraft:oak_planks","Oak Wood Plank"
12,9,13,5,0,"minecraft:oak_planks","Oak Wood Plank"
13,9,1,102,0,"minecraft:glass_pane","Glass Pane"
13,9,13,102,0,"minecraft:glass_pane","Glass Pane"
14,9,1,102,0,"minecraft:glass_pane","Glass Pane"
14,9,13,102,0,"minecraft:glass_pane","Glass Pane"
15,9,1,102,0,"minecraft:glass_pane","Glass Pane"
15,9,13,102,0,"minecraft:glass_pane","Glass Pane"
16,9,1,102,0,"minecraft:glass_pane","Glass Pane"
16,9,13,102,0,"minecraft:glass_pane","Glass Pane"
17,9,1,5,0,"minecraft:oak_planks","Oak Wood Plank"
17,9,13,5,0,"minecraft:oak_planks","Oak Wood Plank"
18,9,1,5,0,"minecraft:oak_planks","Oak Wood Plank"
18,9,2,5,0,"minecraft:oak_planks","Oak Wood Plank"
18,9,3,5,0,"minecraft:oak_planks","Oak Wood Plank"
18,9,4,5,0,"minecraft:oak_planks","Oak Wood Plank"
18,9,5,5,0,"minecraft:oak_planks","Oak Wood Plank"
18,9,6,5,0,"minecraft:oak_planks","Oak Wood Plank"
18,9,7,5,0,"minecraft:oak_planks","Oak Wood Plank"
18,9,8,5,0,"minecraft:oak_planks","Oak Wood Plank"
18,9,9,5,0,"minecraft:oak_planks","Oak Wood Plank"
18,9,10,5,0,"minecraft:oak_planks","Oak Wood Plank"
18,9,11,5,0,"minecraft:oak_planks","Oak Wood Plank"
18,9,12,5,0,"minecraft:oak_planks","Oak Wood Plank"
18,9,13,5,0,"minecraft:oak_planks","Oak Wood Plank"
19,9,0,134,0,"minecraft:spruce_stairs","Spruce Wood Stairs (East, Normal)"
19,9,1,134,0,"minecraft:spruce_stairs","Spruce Wood Stairs (East, Normal)"
19,9,2,134,0,"minecraft:spruce_stairs","Spruce Wood Stairs (East, Normal)"
19,9,3,134,0,"minecraft:spruce_stairs","Spruce Wood Stairs (East, Normal)"
19,9,4,134,0,"minecraft:spruce_stairs","Spruce Wood Stairs (East, Normal)"
19,9,5,134,0,"minecraft:spruce_stairs","Spruce Wood Stairs (East, Normal)"
19,9,6,134,0,"minecraft:spruce_stairs","Spruce Wood Stairs (East, Normal)"
19,9,7,134,0,"minecraft:spruce_stairs","Spruce Wood Stairs (East, Normal)"
19,9,8,134,0,"minecraft:spruce_stairs","Spruce Wood Stairs (East, Normal)"
19,9,9,134,0,"minecraft:spruce_stairs","Spruce Wood Stairs (East, Normal)"
19,9,10,134,0,"minecraft:spruce_stairs","Spruce Wood Stairs (East, Normal)"
19,9,11,134,0,"minecraft:spruce_stairs","Spruce Wood Stairs (East, Normal)"
19,9,12,134,0,"minecraft:spruce_stairs","Spruce Wood Stairs (East, Normal)"
19,9,13,134,0,"minecraft:spruce_stairs","Spruce Wood Stairs (East, Normal)"
19,9,14,134,0,"minecraft:spruce_stairs","Spruce Wood Stairs (East, Normal)"
11,10,0,134,0,"minecraft:spruce_stairs","Spruce Wood Stairs (West, Normal)"
11,10,1,134,0,"minecraft:spruce_stairs","Spruce Wood Stairs (West, Normal)"
11,10,2,134,0,"minecraft:spruce_stairs","Spruce Wood Stairs (West, Normal)"
11,10,3,134,0,"minecraft:spruce_stairs","Spruce Wood Stairs (West, Normal)"
11,10,4,134,0,"minecraft:spruce_stairs","Spruce Wood Stairs (West, Normal)"
11,10,5,134,0,"minecraft:spruce_stairs","Spruce Wood Stairs (West, Normal)"
11,10,6,134,0,"minecraft:spruce_stairs","Spruce Wood Stairs (West, Normal)"
11,10,7,134,0,"minecraft:spruce_stairs","Spruce Wood Stairs (West, Normal)"
11,10,8,134,0,"minecraft:spruce_stairs","Spruce Wood Stairs (West, Normal)"
11,10,9,134,0,"minecraft:spruce_stairs","Spruce Wood Stairs (West, Normal)"
11,10,10,134,0,"minecraft:spruce_stairs","Spruce Wood Stairs (West, Normal)"
11,10,11,134,0,"minecraft:spruce_stairs","Spruce Wood Stairs (West, Normal)"
11,10,12,134,0,"minecraft:spruce_stairs","Spruce Wood Stairs (West, Normal)"
11,10,13,134,0,"minecraft:spruce_stairs","Spruce Wood Stairs (West, Normal)"
11,10,14,134,0,"minecraft:spruce_stairs","Spruce Wood Stairs (West, Normal)"
12,10,1,5,0,"minecraft:oak_planks","Oak Wood Plank"
12,10,2,5,0,"minecraft:oak_planks","Oak Wood Plank"
12,10,3,5,0,"minecraft:oak_planks","Oak Wood Plank"
12,10,4,5,0,"minecraft:oak_planks","Oak Wood Plank"
12,10,5,5,0,"minecraft:oak_planks","Oak Wood Plank"
12,10,6,5,0,"minecraft:oak_planks","Oak Wood Plank"
12,10,7,5,0,"minecraft:oak_planks","Oak Wood Plank"
12,10,8,5,0,"minecraft:oak_planks","Oak Wood Plank"
12,10,9,5,0,"minecraft:oak_planks","Oak Wood Plank"
12,10,10,5,0,"minecraft:oak_planks","Oak Wood Plank"
12,10,11,5,0,"minecraft:oak_planks","Oak Wood Plank"
12,10,12,5,0,"minecraft:oak_planks","Oak Wood Plank"
12,10,13,5,0,"minecraft:oak_planks","Oak Wood Plank"
13,10,1,5,0,"minecraft:oak_planks","Oak Wood Plank"
13,10,13,5,0,"minecraft:oak_planks","Oak Wood Plank"
14,10,1,5,0,"minecraft:oak_planks","Oak Wood Plank"
14,10,13,5,0,"minecraft:oak_planks","Oak Wood Plank"
15,10,1,5,0,"minecraft:oak_planks","Oak Wood Plank"
15,10,13,5,0,"minecraft:oak_planks","Oak Wood Plank"
16,10,1,5,0,"minecraft:oak_planks","Oak Wood Plank"
16,10,13,5,0,"minecraft:oak_planks","Oak Wood Plank"
17,10,1,5,0,"minecraft:oak_planks","Oak Wood Plank"
17,10,2,5,0,"minecraft:oak_planks","Oak Wood Plank"
17,10,3,5,0,"minecraft:oak_planks","Oak Wood Plank"
17,10,4,5,0,"minecraft:oak_planks","Oak Wood Plank"
17,10,5,5,0,"minecraft:oak_planks","Oak Wood Plank"
17,10,6,5,0,"minecraft:oak_planks","Oak Wood Plank"
17,10,7,5,0,"minecraft:oak_planks","Oak Wood Plank"
17,10,8,5,0,"minecraft:oak_planks","Oak Wood Plank"
17,10,9,5,0,"minecraft:oak_planks","Oak Wood Plank"
17,10,10,5,0,"minecraft:oak_planks","Oak Wood Plank"
17,10,11,5,0,"minecraft:oak_planks","Oak Wood Plank"
17,10,12,5,0,"minecraft:oak_planks","Oak Wood Plank"
17,10,13,5,0,"minecraft:oak_planks","Oak Wood Plank"
18,10,0,134,0,"minecraft:spruce_stairs","Spruce Wood Stairs (East, Normal)"
18,10,1,134,0,"minecraft:spruce_stairs","Spruce Wood Stairs (East, Normal)"
18,10,2,134,0,"minecraft:spruce_stairs","Spruce Wood Stairs (East, Normal)"
18,10,3,134,0,"minecraft:spruce_stairs","Spruce Wood Stairs (East, Normal)"
18,10,4,134,0,"minecraft:spruce_stairs","Spruce Wood Stairs (East, Normal)"
18,10,5,134,0,"minecraft:spruce_stairs","Spruce Wood Stairs (East, Normal)"
18,10,6,134,0,"minecraft:spruce_stairs","Spruce Wood Stairs (East, Normal)"
18,10,7,134,0,"minecraft:spruce_stairs","Spruce Wood Stairs (East, Normal)"
18,10,8,134,0,"minecraft:spruce_stairs","Spruce Wood Stairs (East, Normal)"
18,10,9,134,0,"minecraft:spruce_stairs","Spruce Wood Stairs (East, Normal)"
18,10,10,134,0,"minecraft:spruce_stairs","Spruce Wood Stairs (East, Normal)"
18,10,11,134,0,"minecraft:spruce_stairs","Spruce Wood Stairs (East, Normal)"
18,10,12,134,0,"minecraft:spruce_stairs","Spruce Wood Stairs (East, Normal)"
18,10,13,134,0,"minecraft:spruce_stairs","Spruce Wood Stairs (East, Normal)"
18,10,14,134,0,"minecraft:spruce_stairs","Spruce Wood Stairs (East, Normal)"
12,11,0,134,0,"minecraft:spruce_stairs","Spruce Wood Stairs (West, Normal)"
12,11,1,134,0,"minecraft:spruce_stairs","Spruce Wood Stairs (West, Normal)"
12,11,2,134,0,"minecraft:spruce_stairs","Spruce Wood Stairs (West, Normal)"
12,11,3,134,0,"minecraft:spruce_stairs","Spruce Wood Stairs (West, Normal)"
12,11,4,134,0,"minecraft:spruce_stairs","Spruce Wood Stairs (West, Normal)"
12,11,5,134,0,"minecraft:spruce_stairs","Spruce Wood Stairs (West, Normal)"
12,11,6,134,0,"minecraft:spruce_stairs","Spruce Wood Stairs (West, Normal)"
12,11,7,134,0,"minecraft:spruce_stairs","Spruce Wood Stairs (West, Normal)"
12,11,8,134,0,"minecraft:spruce_stairs","Spruce Wood Stairs (West, Normal)"
12,11,9,134,0,"minecraft:spruce_stairs","Spruce Wood Stairs (West, Normal)"
12,11,10,134,0,"minecraft:spruce_stairs","Spruce Wood Stairs (West, Normal)"
12,11,11,134,0,"minecraft:spruce_stairs","Spruce Wood Stairs (West, Normal)"
12,11,12,134,0,"minecraft:spruce_stairs","Spruce Wood Stairs (West, Normal)"
12,11,13,134,0,"minecraft:spruce_stairs","Spruce Wood Stairs (West, Normal)"
12,11,14,134,0,"minecraft:spruce_stairs","Spruce Wood Stairs (West, Normal)"
13,11,1,5,0,"minecraft:oak_planks","Oak Wood Plank"
13,11,2,5,0,"minecraft:oak_planks","Oak Wood Plank"
13,11,3,5,0,"minecraft:oak_planks","Oak Wood Plank"
13,11,4,5,0,"minecraft:oak_planks","Oak Wood Plank"
13,11,5,5,0,"minecraft:oak_planks","Oak Wood Plank"
13,11,6,5,0,"minecraft:oak_planks","Oak Wood Plank"
13,11,7,5,0,"minecraft:oak_planks","Oak Wood Plank"
13,11,8,5,0,"minecraft:oak_planks","Oak Wood Plank"
13,11,9,5,0,"minecraft:oak_planks","Oak Wood Plank"
13,11,10,5,0,"minecraft:oak_planks","Oak Wood Plank"
13,11,11,5,0,"minecraft:oak_planks","Oak Wood Plank"
13,11,12,5,0,"minecraft:oak_planks","Oak Wood Plank"
13,11,13,5,0,"minecraft:oak_planks","Oak Wood Plank"
14,11,1,5,0,"minecraft:oak_planks","Oak Wood Plank"
14,11,2,5,0,"minecraft:oak_planks","Oak Wood Plank"
14,11,3,5,0,"minecraft:oak_planks","Oak Wood Plank"
14,11,4,5,0,"minecraft:oak_planks","Oak Wood Plank"
14,11,5,5,0,"minecraft:oak_planks","Oak Wood Plank"
14,11,6,5,0,"minecraft:oak_planks","Oak Wood Plank"
14,11,7,5,0,"minecraft:oak_planks","Oak Wood Plank"
14,11,8,5,0,"minecraft:oak_planks","Oak Wood Plank"
14,11,9,5,0,"minecraft:oak_planks","Oak Wood Plank"
14,11,10,5,0,"minecraft:oak_planks","Oak Wood Plank"
14,11,11,5,0,"minecraft:oak_planks","Oak Wood Plank"
14,11,12,5,0,"minecraft:oak_planks","Oak Wood Plank"
14,11,13,5,0,"minecraft:oak_planks","Oak Wood Plank"
15,11,1,5,0,"minecraft:oak_planks","Oak Wood Plank"
15,11,2,5,0,"minecraft:oak_planks","Oak Wood Plank"
15,11,3,5,0,"minecraft:oak_planks","Oak Wood Plank"
15,11,4,5,0,"minecraft:oak_planks","Oak Wood Plank"
15,11,5,5,0,"minecraft:oak_planks","Oak Wood Plank"
15,11,6,5,0,"minecraft:oak_planks","Oak Wood Plank"
15,11,7,5,0,"minecraft:oak_planks","Oak Wood Plank"
15,11,8,5,0,"minecraft:oak_planks","Oak Wood Plank"
15,11,9,5,0,"minecraft:oak_planks","Oak Wood Plank"
15,11,10,5,0,"minecraft:oak_planks","Oak Wood Plank"
15,11,11,5,0,"minecraft:oak_planks","Oak Wood Plank"
15,11,12,5,0,"minecraft:oak_planks","Oak Wood Plank"
15,11,13,5,0,"minecraft:oak_planks","Oak Wood Plank"
16,11,1,5,0,"minecraft:oak_planks","Oak Wood Plank"
16,11,2,5,0,"minecraft:oak_planks","Oak Wood Plank"
16,11,3,5,0,"minecraft:oak_planks","Oak Wood Plank"
16,11,4,5,0,"minecraft:oak_planks","Oak Wood Plank"
16,11,5,5,0,"minecraft:oak_planks","Oak Wood Plank"
16,11,6,5,0,"minecraft:oak_planks","Oak Wood Plank"
16,11,7,5,0,"minecraft:oak_planks","Oak Wood Plank"
16,11,8,5,0,"minecraft:oak_planks","Oak Wood Plank"
16,11,9,5,0,"minecraft:oak_planks","Oak Wood Plank"
16,11,10,5,0,"minecraft:oak_planks","Oak Wood Plank"
16,11,11,5,0,"minecraft:oak_planks","Oak Wood Plank"
16,11,12,5,0,"minecraft:oak_planks","Oak Wood Plank"
16,11,13,5,0,"minecraft:oak_planks","Oak Wood Plank"
17,11,0,134,0,"minecraft:spruce_stairs","Spruce Wood Stairs (East, Normal)"
17,11,1,134,0,"minecraft:spruce_stairs","Spruce Wood Stairs (East, Normal)"
17,11,2,134,0,"minecraft:spruce_stairs","Spruce Wood Stairs (East, Normal)"
17,11,3,134,0,"minecraft:spruce_stairs","Spruce Wood Stairs (East, Normal)"
17,11,4,134,0,"minecraft:spruce_stairs","Spruce Wood Stairs (East, Normal)"
17,11,5,134,0,"minecraft:spruce_stairs","Spruce Wood Stairs (East, Normal)"
17,11,6,134,0,"minecraft:spruce_stairs","Spruce Wood Stairs (East, Normal)"
17,11,7,134,0,"minecraft:spruce_stairs","Spruce Wood Stairs (East, Normal)"
17,11,8,134,0,"minecraft:spruce_stairs","Spruce Wood Stairs (East, Normal)"
17,11,9,134,0,"minecraft:spruce_stairs","Spruce Wood Stairs (East, Normal)"
17,11,10,134,0,"minecraft:spruce_stairs","Spruce Wood Stairs (East, Normal)"
17,11,11,134,0,"minecraft:spruce_stairs","Spruce Wood Stairs (East, Normal)"
17,11,12,134,0,"minecraft:spruce_stairs","Spruce Wood Stairs (East, Normal)"
17,11,13,134,0,"minecraft:spruce_stairs","Spruce Wood Stairs (East, Normal)"
17,11,14,134,0,"minecraft:spruce_stairs","Spruce Wood Stairs (East, Normal)"
13,12,0,134,0,"minecraft:spruce_stairs","Spruce Wood Stairs (West, Normal)"
13,12,1,134,0,"minecraft:spruce_stairs","Spruce Wood Stairs (West, Normal)"
13,12,2,134,0,"minecraft:spruce_stairs","Spruce Wood Stairs (West, Normal)"
13,12,3,134,0,"minecraft:spruce_stairs","Spruce Wood Stairs (West, Normal)"
13,12,4,134,0,"minecraft:spruce_stairs","Spruce Wood Stairs (West, Normal)"
13,12,5,134,0,"minecraft:spruce_stairs","Spruce Wood Stairs (West, Normal)"
13,12,6,134,0,"minecraft:spruce_stairs","Spruce Wood Stairs (West, Normal)"
13,12,7,134,0,"minecraft:spruce_stairs","Spruce Wood Stairs (West, Normal)"
13,12,8,134,0,"minecraft:spruce_stairs","Spruce Wood Stairs (West, Normal)"
13,12,9,134,0,"minecraft:spruce_stairs","Spruce Wood Stairs (West, Normal)"
13,12,10,134,0,"minecraft:spruce_stairs","Spruce Wood Stairs (West, Normal)"
13,12,11,134,0,"minecraft:spruce_stairs","Spruce Wood Stairs (West, Normal)"
13,12,12,134,0,"minecraft:spruce_stairs","Spruce Wood Stairs (West, Normal)"
13,12,13,134,0,"minecraft:spruce_stairs","Spruce Wood Stairs (West, Normal)"
13,12,14,134,0,"minecraft:spruce_stairs","Spruce Wood Stairs (West, Normal)"
14,12,0,126,1,"minecraft:spruce_slab"," Spruce Wood Slab (Upper)"
14,12,1,5,1,"minecraft:spruce_planks","Spruce Wood Plank"
14,12,2,5,1,"minecraft:spruce_planks","Spruce Wood Plank"
14,12,3,5,1,"minecraft:spruce_planks","Spruce Wood Plank"
14,12,4,5,1,"minecraft:spruce_planks","Spruce Wood Plank"
14,12,5,5,1,"minecraft:spruce_planks","Spruce Wood Plank"
14,12,6,5,1,"minecraft:spruce_planks","Spruce Wood Plank"
14,12,7,5,1,"minecraft:spruce_planks","Spruce Wood Plank"
14,12,8,5,1,"minecraft:spruce_planks","Spruce Wood Plank"
14,12,9,5,1,"minecraft:spruce_planks","Spruce Wood Plank"
14,12,10,5,1,"minecraft:spruce_planks","Spruce Wood Plank"
14,12,11,5,1,"minecraft:spruce_planks","Spruce Wood Plank"
14,12,12,5,1,"minecraft:spruce_planks","Spruce Wood Plank"
14,12,13,5,1,"minecraft:spruce_planks","Spruce Wood Plank"
14,12,14,126,1,"minecraft:spruce_slab"," Spruce Wood Slab (Upper)"
15,12,0,126,1,"minecraft:spruce_slab"," Spruce Wood Slab (Upper)"
15,12,1,5,1,"minecraft:spruce_planks","Spruce Wood Plank"
15,12,2,5,1,"minecraft:spruce_planks","Spruce Wood Plank"
15,12,3,5,1,"minecraft:spruce_planks","Spruce Wood Plank"
15,12,4,5,1,"minecraft:spruce_planks","Spruce Wood Plank"
15,12,5,5,1,"minecraft:spruce_planks","Spruce Wood Plank"
15,12,6,5,1,"minecraft:spruce_planks","Spruce Wood Plank"
15,12,7,5,1,"minecraft:spruce_planks","Spruce Wood Plank"
15,12,8,5,1,"minecraft:spruce_planks","Spruce Wood Plank"
15,12,9,5,1,"minecraft:spruce_planks","Spruce Wood Plank"
15,12,10,5,1,"minecraft:spruce_planks","Spruce Wood Plank"
15,12,11,5,1,"minecraft:spruce_planks","Spruce Wood Plank"
15,12,12,5,1,"minecraft:spruce_planks","Spruce Wood Plank"
15,12,13,5,1,"minecraft:spruce_planks","Spruce Wood Plank"
15,12,14,126,1,"minecraft:spruce_slab"," Spruce Wood Slab (Upper)"
16,12,0,134,0,"minecraft:spruce_stairs","Spruce Wood Stairs (East, Normal)"
16,12,1,134,0,"minecraft:spruce_stairs","Spruce Wood Stairs (East, Normal)"
16,12,2,134,0,"minecraft:spruce_stairs","Spruce Wood Stairs (East, Normal)"
16,12,3,134,0,"minecraft:spruce_stairs","Spruce Wood Stairs (East, Normal)"
16,12,4,134,0,"minecraft:spruce_stairs","Spruce Wood Stairs (East, Normal)"
16,12,5,134,0,"minecraft:spruce_stairs","Spruce Wood Stairs (East, Normal)"
16,12,6,134,0,"minecraft:spruce_stairs","Spruce Wood Stairs (East, Normal)"
16,12,7,134,0,"minecraft:spruce_stairs","Spruce Wood Stairs (East, Normal)"
16,12,8,134,0,"minecraft:spruce_stairs","Spruce Wood Stairs (East, Normal)"
16,12,9,134,0,"minecraft:spruce_stairs","Spruce Wood Stairs (East, Normal)"
16,12,10,134,0,"minecraft:spruce_stairs","Spruce Wood Stairs (East, Normal)"
16,12,11,134,0,"minecraft:spruce_stairs","Spruce Wood Stairs (East, Normal)"
16,12,12,134,0,"minecraft:spruce_stairs","Spruce Wood Stairs (East, Normal)"
16,12,13,134,0,"minecraft:spruce_stairs","Spruce Wood Stairs (East, Normal)"
16,12,14,134,0,"minecraft:spruce_stairs","Spruce Wood Stairs (East, Normal)"
