0,1,0,3,0,"minecraft:dirt","Dirt"
0,1,1,43,0,"minecraft:smooth_quartz","Double Stone Slab"
0,1,2,43,0,"minecraft:smooth_quartz","Double Stone Slab"
0,1,3,43,0,"minecraft:smooth_quartz","Double Stone Slab"
0,1,4,43,0,"minecraft:smooth_quartz","Double Stone Slab"
0,1,5,43,0,"minecraft:smooth_quartz","Double Stone Slab"
0,1,6,43,0,"minecraft:smooth_quartz","Double Stone Slab"
0,1,7,43,0,"minecraft:smooth_quartz","Double Stone Slab"
0,1,8,43,0,"minecraft:smooth_quartz","Double Stone Slab"
0,1,9,43,0,"minecraft:smooth_quartz","Double Stone Slab"
0,1,10,43,0,"minecraft:smooth_quartz","Double Stone Slab"
0,1,11,43,0,"minecraft:smooth_quartz","Double Stone Slab"
0,1,12,43,0,"minecraft:smooth_quartz","Double Stone Slab"
0,1,13,43,0,"minecraft:smooth_quartz","Double Stone Slab"
0,1,14,43,0,"minecraft:smooth_quartz","Double Stone Slab"
0,1,15,3,0,"minecraft:dirt","Dirt"
0,1,16,2,0,"minecraft:grass_block","Grass"
1,1,0,43,0,"minecraft:smooth_quartz","Double Stone Slab"
1,1,1,5,0,"minecraft:oak_planks","Oak Wood Plank"
1,1,2,5,0,"minecraft:oak_planks","Oak Wood Plank"
1,1,3,5,0,"minecraft:oak_planks","Oak Wood Plank"
1,1,4,5,0,"minecraft:oak_planks","Oak Wood Plank"
1,1,5,5,0,"minecraft:oak_planks","Oak Wood Plank"
1,1,6,5,0,"minecraft:oak_planks","Oak Wood Plank"
1,1,7,5,0,"minecraft:oak_planks","Oak Wood Plank"
1,1,8,5,0,"minecraft:oak_planks","Oak Wood Plank"
1,1,9,5,0,"minecraft:oak_planks","Oak Wood Plank"
1,1,10,5,0,"minecraft:oak_planks","Oak Wood Plank"
1,1,11,5,0,"minecraft:oak_planks","Oak Wood Plank"
1,1,12,5,0,"minecraft:oak_planks","Oak Wood Plank"
1,1,13,5,0,"minecraft:oak_planks","Oak Wood Plank"
1,1,14,5,0,"minecraft:oak_planks","Oak Wood Plank"
1,1,15,43,0,"minecraft:smooth_quartz","Double Stone Slab"
1,1,16,2,0,"minecraft:grass_block","Grass"
2,1,0,43,0,"minecraft:smooth_quartz","Double Stone Slab"
2,1,1,5,0,"minecraft:oak_planks","Oak Wood Plank"
2,1,2,5,0,"minecraft:oak_planks","Oak Wood Plank"
2,1,3,2,0,"minecraft:grass_block","Grass"
2,1,4,2,0,"minecraft:grass_block","Grass"
2,1,5,2,0,"minecraft:grass_block","Grass"
2,1,6,5,0,"minecraft:oak_planks","Oak Wood Plank"
2,1,7,5,0,"minecraft:oak_planks","Oak Wood Plank"
2,1,8,5,0,"minecraft:oak_planks","Oak Wood Plank"
2,1,9,5,0,"minecraft:oak_planks","Oak Wood Plank"
2,1,10,5,0,"minecraft:oak_planks","Oak Wood Plank"
2,1,11,5,0,"minecraft:oak_planks","Oak Wood Plank"
2,1,12,5,0,"minecraft:oak_planks","Oak Wood Plank"
2,1,13,5,0,"minecraft:oak_planks","Oak Wood Plank"
2,1,14,5,0,"minecraft:oak_planks","Oak Wood Plank"
2,1,15,43,0,"minecraft:smooth_quartz","Double Stone Slab"
2,1,16,2,0,"minecraft:grass_block","Grass"
3,1,0,43,0,"minecraft:smooth_quartz","Double Stone Slab"
3,1,1,5,0,"minecraft:oak_planks","Oak Wood Plank"
3,1,2,5,0,"minecraft:oak_planks","Oak Wood Plank"
3,1,3,2,0,"minecraft:grass_block","Grass"
3,1,4,3,0,"minecraft:dirt","Dirt"
3,1,5,2,0,"minecraft:grass_block","Grass"
3,1,6,5,0,"minecraft:oak_planks","Oak Wood Plank"
3,1,7,5,0,"minecraft:oak_planks","Oak Wood Plank"
3,1,8,5,0,"minecraft:oak_planks","Oak Wood Plank"
3,1,9,5,0,"minecraft:oak_planks","Oak Wood Plank"
3,1,10,5,0,"minecraft:oak_planks","Oak Wood Plank"
3,1,11,5,0,"minecraft:oak_planks","Oak Wood Plank"
3,1,12,5,0,"minecraft:oak_planks","Oak Wood Plank"
3,1,13,5,0,"minecraft:oak_planks","Oak Wood Plank"
3,1,14,5,0,"minecraft:oak_planks","Oak Wood Plank"
3,1,15,43,0,"minecraft:smooth_quartz","Double Stone Slab"
3,1,16,2,0,"minecraft:grass_block","Grass"
4,1,0,43,0,"minecraft:smooth_quartz","Double Stone Slab"
4,1,1,5,0,"minecraft:oak_planks","Oak Wood Plank"
4,1,2,5,0,"minecraft:oak_planks","Oak Wood Plank"
4,1,3,2,0,"minecraft:grass_block","Grass"
4,1,4,2,0,"minecraft:grass_block","Grass"
4,1,5,2,0,"minecraft:grass_block","Grass"
4,1,6,5,0,"minecraft:oak_planks","Oak Wood Plank"
4,1,7,5,0,"minecraft:oak_planks","Oak Wood Plank"
4,1,8,5,0,"minecraft:oak_planks","Oak Wood Plank"
4,1,9,5,0,"minecraft:oak_planks","Oak Wood Plank"
4,1,10,5,0,"minecraft:oak_planks","Oak Wood Plank"
4,1,11,5,0,"minecraft:oak_planks","Oak Wood Plank"
4,1,12,5,0,"minecraft:oak_planks","Oak Wood Plank"
4,1,13,5,0,"minecraft:oak_planks","Oak Wood Plank"
4,1,14,5,0,"minecraft:oak_planks","Oak Wood Plank"
4,1,15,43,0,"minecraft:smooth_quartz","Double Stone Slab"
4,1,16,2,0,"minecraft:grass_block","Grass"
5,1,0,43,0,"minecraft:smooth_quartz","Double Stone Slab"
5,1,1,5,0,"minecraft:oak_planks","Oak Wood Plank"
5,1,2,5,0,"minecraft:oak_planks","Oak Wood Plank"
5,1,3,5,0,"minecraft:oak_planks","Oak Wood Plank"
5,1,4,5,0,"minecraft:oak_planks","Oak Wood Plank"
5,1,5,5,0,"minecraft:oak_planks","Oak Wood Plank"
5,1,6,5,0,"minecraft:oak_planks","Oak Wood Plank"
5,1,7,5,0,"minecraft:oak_planks","Oak Wood Plank"
5,1,8,5,0,"minecraft:oak_planks","Oak Wood Plank"
5,1,9,5,0,"minecraft:oak_planks","Oak Wood Plank"
5,1,10,5,0,"minecraft:oak_planks","Oak Wood Plank"
5,1,11,5,0,"minecraft:oak_planks","Oak Wood Plank"
5,1,12,5,0,"minecraft:oak_planks","Oak Wood Plank"
5,1,13,5,0,"minecraft:oak_planks","Oak Wood Plank"
5,1,14,5,0,"minecraft:oak_planks","Oak Wood Plank"
5,1,15,43,0,"minecraft:smooth_quartz","Double Stone Slab"
5,1,16,3,0,"minecraft:dirt","Dirt"
6,1,0,43,0,"minecraft:smooth_quartz","Double Stone Slab"
6,1,1,5,0,"minecraft:oak_planks","Oak Wood Plank"
6,1,2,5,0,"minecraft:oak_planks","Oak Wood Plank"
6,1,3,5,0,"minecraft:oak_planks","Oak Wood Plank"
6,1,4,5,0,"minecraft:oak_planks","Oak Wood Plank"
6,1,5,5,0,"minecraft:oak_planks","Oak Wood Plank"
6,1,6,5,0,"minecraft:oak_planks","Oak Wood Plank"
6,1,7,5,0,"minecraft:oak_planks","Oak Wood Plank"
6,1,8,5,0,"minecraft:oak_planks","Oak Wood Plank"
6,1,9,5,0,"minecraft:oak_planks","Oak Wood Plank"
6,1,10,5,0,"minecraft:oak_planks","Oak Wood Plank"
6,1,11,5,0,"minecraft:oak_planks","Oak Wood Plank"
6,1,12,5,0,"minecraft:oak_planks","Oak Wood Plank"
6,1,13,5,0,"minecraft:oak_planks","Oak Wood Plank"
6,1,14,5,0,"minecraft:oak_planks","Oak Wood Plank"
6,1,15,43,0,"minecraft:smooth_quartz","Double Stone Slab"
6,1,16,3,0,"minecraft:dirt","Dirt"
7,1,0,43,0,"minecraft:smooth_quartz","Double Stone Slab"
7,1,1,5,0,"minecraft:oak_planks","Oak Wood Plank"
7,1,2,5,0,"minecraft:oak_planks","Oak Wood Plank"
7,1,3,5,0,"minecraft:oak_planks","Oak Wood Plank"
7,1,4,5,0,"minecraft:oak_planks","Oak Wood Plank"
7,1,5,5,0,"minecraft:oak_planks","Oak Wood Plank"
7,1,6,5,0,"minecraft:oak_planks","Oak Wood Plank"
7,1,7,5,0,"minecraft:oak_planks","Oak Wood Plank"
7,1,8,5,0,"minecraft:oak_planks","Oak Wood Plank"
7,1,9,5,0,"minecraft:oak_planks","Oak Wood Plank"
7,1,10,5,0,"minecraft:oak_planks","Oak Wood Plank"
7,1,11,5,0,"minecraft:oak_planks","Oak Wood Plank"
7,1,12,5,0,"minecraft:oak_planks","Oak Wood Plank"
7,1,13,5,0,"minecraft:oak_planks","Oak Wood Plank"
7,1,14,5,0,"minecraft:oak_planks","Oak Wood Plank"
7,1,15,43,0,"minecraft:smooth_quartz","Double Stone Slab"
7,1,16,43,0,"minecraft:smooth_quartz","Double Stone Slab"
8,1,0,43,0,"minecraft:smooth_quartz","Double Stone Slab"
8,1,1,5,0,"minecraft:oak_planks","Oak Wood Plank"
8,1,2,5,0,"minecraft:oak_planks","Oak Wood Plank"
8,1,3,5,0,"minecraft:oak_planks","Oak Wood Plank"
8,1,4,5,0,"minecraft:oak_planks","Oak Wood Plank"
8,1,5,5,0,"minecraft:oak_planks","Oak Wood Plank"
8,1,6,5,0,"minecraft:oak_planks","Oak Wood Plank"
8,1,7,5,0,"minecraft:oak_planks","Oak Wood Plank"
8,1,8,5,0,"minecraft:oak_planks","Oak Wood Plank"
8,1,9,5,0,"minecraft:oak_planks","Oak Wood Plank"
8,1,10,5,0,"minecraft:oak_planks","Oak Wood Plank"
8,1,11,5,0,"minecraft:oak_planks","Oak Wood Plank"
8,1,12,5,0,"minecraft:oak_planks","Oak Wood Plank"
8,1,13,5,0,"minecraft:oak_planks","Oak Wood Plank"
8,1,14,5,0,"minecraft:oak_planks","Oak Wood Plank"
8,1,15,43,0,"minecraft:smooth_quartz","Double Stone Slab"
8,1,16,3,0,"minecraft:dirt","Dirt"
9,1,0,43,0,"minecraft:smooth_quartz","Double Stone Slab"
9,1,1,5,0,"minecraft:oak_planks","Oak Wood Plank"
9,1,2,5,0,"minecraft:oak_planks","Oak Wood Plank"
9,1,3,5,0,"minecraft:oak_planks","Oak Wood Plank"
9,1,4,5,0,"minecraft:oak_planks","Oak Wood Plank"
9,1,5,5,0,"minecraft:oak_planks","Oak Wood Plank"
9,1,6,5,0,"minecraft:oak_planks","Oak Wood Plank"
9,1,7,5,0,"minecraft:oak_planks","Oak Wood Plank"
9,1,8,5,0,"minecraft:oak_planks","Oak Wood Plank"
9,1,9,5,0,"minecraft:oak_planks","Oak Wood Plank"
9,1,10,5,0,"minecraft:oak_planks","Oak Wood Plank"
9,1,11,5,0,"minecraft:oak_planks","Oak Wood Plank"
9,1,12,5,0,"minecraft:oak_planks","Oak Wood Plank"
9,1,13,5,0,"minecraft:oak_planks","Oak Wood Plank"
9,1,14,5,0,"minecraft:oak_planks","Oak Wood Plank"
9,1,15,43,0,"minecraft:smooth_quartz","Double Stone Slab"
9,1,16,3,0,"minecraft:dirt","Dirt"
10,1,0,43,0,"minecraft:smooth_quartz","Double Stone Slab"
10,1,1,123,0,"minecraft:redstone_lamp","Redstone Lamp (active)"
10,1,2,5,0,"minecraft:oak_planks","Oak Wood Plank"
10,1,3,5,0,"minecraft:oak_planks","Oak Wood Plank"
10,1,4,123,0,"minecraft:redstone_lamp","Redstone Lamp (active)"
10,1,5,5,0,"minecraft:oak_planks","Oak Wood Plank"
10,1,6,5,0,"minecraft:oak_planks","Oak Wood Plank"
10,1,7,123,0,"minecraft:redstone_lamp","Redstone Lamp (active)"
10,1,8,5,0,"minecraft:oak_planks","Oak Wood Plank"
10,1,9,5,0,"minecraft:oak_planks","Oak Wood Plank"
10,1,10,123,0,"minecraft:redstone_lamp","Redstone Lamp (active)"
10,1,11,5,0,"minecraft:oak_planks","Oak Wood Plank"
10,1,12,5,0,"minecraft:oak_planks","Oak Wood Plank"
10,1,13,123,0,"minecraft:redstone_lamp","Redstone Lamp (active)"
10,1,14,5,0,"minecraft:oak_planks","Oak Wood Plank"
10,1,15,43,0,"minecraft:smooth_quartz","Double Stone Slab"
10,1,16,2,0,"minecraft:grass_block","Grass"
11,1,0,43,0,"minecraft:smooth_quartz","Double Stone Slab"
11,1,1,123,0,"minecraft:redstone_lamp","Redstone Lamp (active)"
11,1,2,5,0,"minecraft:oak_planks","Oak Wood Plank"
11,1,3,5,0,"minecraft:oak_planks","Oak Wood Plank"
11,1,4,123,0,"minecraft:redstone_lamp","Redstone Lamp (active)"
11,1,5,5,0,"minecraft:oak_planks","Oak Wood Plank"
11,1,6,5,0,"minecraft:oak_planks","Oak Wood Plank"
11,1,7,123,0,"minecraft:redstone_lamp","Redstone Lamp (active)"
11,1,8,5,0,"minecraft:oak_planks","Oak Wood Plank"
11,1,9,5,0,"minecraft:oak_planks","Oak Wood Plank"
11,1,10,123,0,"minecraft:redstone_lamp","Redstone Lamp (active)"
11,1,11,5,0,"minecraft:oak_planks","Oak Wood Plank"
11,1,12,5,0,"minecraft:oak_planks","Oak Wood Plank"
11,1,13,123,0,"minecraft:redstone_lamp","Redstone Lamp (active)"
11,1,14,5,0,"minecraft:oak_planks","Oak Wood Plank"
11,1,15,43,0,"minecraft:smooth_quartz","Double Stone Slab"
11,1,16,2,0,"minecraft:grass_block","Grass"
12,1,0,43,0,"minecraft:smooth_quartz","Double Stone Slab"
12,1,1,5,0,"minecraft:oak_planks","Oak Wood Plank"
12,1,2,5,0,"minecraft:oak_planks","Oak Wood Plank"
12,1,3,5,0,"minecraft:oak_planks","Oak Wood Plank"
12,1,4,5,0,"minecraft:oak_planks","Oak Wood Plank"
12,1,5,5,0,"minecraft:oak_planks","Oak Wood Plank"
12,1,6,5,0,"minecraft:oak_planks","Oak Wood Plank"
12,1,7,5,0,"minecraft:oak_planks","Oak Wood Plank"
12,1,8,5,0,"minecraft:oak_planks","Oak Wood Plank"
12,1,9,5,0,"minecraft:oak_planks","Oak Wood Plank"
12,1,10,5,0,"minecraft:oak_planks","Oak Wood Plank"
12,1,11,5,0,"minecraft:oak_planks","Oak Wood Plank"
12,1,12,5,0,"minecraft:oak_planks","Oak Wood Plank"
12,1,13,5,0,"minecraft:oak_planks","Oak Wood Plank"
12,1,14,5,0,"minecraft:oak_planks","Oak Wood Plank"
12,1,15,43,0,"minecraft:smooth_quartz","Double Stone Slab"
12,1,16,2,0,"minecraft:grass_block","Grass"
13,1,0,43,0,"minecraft:smooth_quartz","Double Stone Slab"
13,1,1,5,0,"minecraft:oak_planks","Oak Wood Plank"
13,1,2,5,0,"minecraft:oak_planks","Oak Wood Plank"
13,1,3,5,0,"minecraft:oak_planks","Oak Wood Plank"
13,1,4,5,0,"minecraft:oak_planks","Oak Wood Plank"
13,1,5,5,0,"minecraft:oak_planks","Oak Wood Plank"
13,1,6,5,0,"minecraft:oak_planks","Oak Wood Plank"
13,1,7,5,0,"minecraft:oak_planks","Oak Wood Plank"
13,1,8,5,0,"minecraft:oak_planks","Oak Wood Plank"
13,1,9,5,0,"minecraft:oak_planks","Oak Wood Plank"
13,1,10,5,0,"minecraft:oak_planks","Oak Wood Plank"
13,1,11,5,0,"minecraft:oak_planks","Oak Wood Plank"
13,1,12,5,0,"minecraft:oak_planks","Oak Wood Plank"
13,1,13,5,0,"minecraft:oak_planks","Oak Wood Plank"
13,1,14,5,0,"minecraft:oak_planks","Oak Wood Plank"
13,1,15,43,0,"minecraft:smooth_quartz","Double Stone Slab"
13,1,16,2,0,"minecraft:grass_block","Grass"
14,1,0,3,0,"minecraft:dirt","Dirt"
14,1,1,43,0,"minecraft:smooth_quartz","Double Stone Slab"
14,1,2,43,0,"minecraft:smooth_quartz","Double Stone Slab"
14,1,3,43,0,"minecraft:smooth_quartz","Double Stone Slab"
14,1,4,43,0,"minecraft:smooth_quartz","Double Stone Slab"
14,1,5,43,0,"minecraft:smooth_quartz","Double Stone Slab"
14,1,6,43,0,"minecraft:smooth_quartz","Double Stone Slab"
14,1,7,43,0,"minecraft:smooth_quartz","Double Stone Slab"
14,1,8,43,0,"minecraft:smooth_quartz","Double Stone Slab"
14,1,9,43,0,"minecraft:smooth_quartz","Double Stone Slab"
14,1,10,43,0,"minecraft:smooth_quartz","Double Stone Slab"
14,1,11,43,0,"minecraft:smooth_quartz","Double Stone Slab"
14,1,12,43,0,"minecraft:smooth_quartz","Double Stone Slab"
14,1,13,43,0,"minecraft:smooth_quartz","Double Stone Slab"
14,1,14,43,0,"minecraft:smooth_quartz","Double Stone Slab"
14,1,15,3,0,"minecraft:dirt","Dirt"
14,1,16,2,0,"minecraft:grass_block","Grass"
0,2,0,42,0,"minecraft:iron_block","Iron Block"
0,2,1,20,0,"minecraft:glass","Glass"
0,2,2,20,0,"minecraft:glass","Glass"
0,2,3,20,0,"minecraft:glass","Glass"
0,2,4,20,0,"minecraft:glass","Glass"
0,2,5,20,0,"minecraft:glass","Glass"
0,2,6,20,0,"minecraft:glass","Glass"
0,2,7,20,0,"minecraft:glass","Glass"
0,2,8,20,0,"minecraft:glass","Glass"
0,2,9,20,0,"minecraft:glass","Glass"
0,2,10,20,0,"minecraft:glass","Glass"
0,2,11,20,0,"minecraft:glass","Glass"
0,2,12,20,0,"minecraft:glass","Glass"
0,2,13,20,0,"minecraft:glass","Glass"
0,2,14,20,0,"minecraft:glass","Glass"
0,2,15,42,0,"minecraft:iron_block","Iron Block"
1,2,0,20,0,"minecraft:glass","Glass"
1,2,3,44,0,"minecraft:stone_slab","Stone Slab"
1,2,4,44,0,"minecraft:stone_slab","Stone Slab"
1,2,5,44,0,"minecraft:stone_slab","Stone Slab"
1,2,8,126,0,"minecraft:oak_slab","Oak Wood Slab (Bottom)"
1,2,9,43,0,"minecraft:smooth_quartz","Double Stone Slab"
1,2,10,126,0,"minecraft:oak_slab","Double Oak Wood Slab"
1,2,11,126,0,"minecraft:oak_slab","Oak Wood Slab (Bottom)"
1,2,12,126,0,"minecraft:oak_slab","Oak Wood Slab (Bottom)"
1,2,13,126,0,"minecraft:oak_slab","Oak Wood Slab (Bottom)"
1,2,14,126,0,"minecraft:oak_slab","Oak Wood Slab (Bottom)"
1,2,15,20,0,"minecraft:glass","Glass"
2,2,0,20,0,"minecraft:glass","Glass"
2,2,2,44,0,"minecraft:stone_slab","Stone Slab"
2,2,6,44,0,"minecraft:stone_slab","Stone Slab"
2,2,8,126,0,"minecraft:oak_slab","Oak Wood Slab (Bottom)"
2,2,9,43,0,"minecraft:smooth_quartz","Double Stone Slab"
2,2,10,126,0,"minecraft:oak_slab","Oak Wood Slab (Bottom)"
2,2,11,126,0,"minecraft:oak_slab","Oak Wood Slab (Bottom)"
2,2,12,126,0,"minecraft:oak_slab","Oak Wood Slab (Bottom)"
2,2,13,126,0,"minecraft:oak_slab","Oak Wood Slab (Bottom)"
2,2,14,126,0,"minecraft:oak_slab","Oak Wood Slab (Bottom)"
2,2,15,20,0,"minecraft:glass","Glass"
3,2,0,20,0,"minecraft:glass","Glass"
3,2,2,44,0,"minecraft:stone_slab","Stone Slab"
3,2,4,17,0,"minecraft:oak_wood","Oak Wood"
3,2,6,44,0,"minecraft:stone_slab","Stone Slab"
3,2,8,126,0,"minecraft:oak_slab","Oak Wood Slab (Bottom)"
3,2,9,43,0,"minecraft:smooth_quartz","Double Stone Slab"
3,2,10,43,0,"minecraft:smooth_quartz","Double Stone Slab"
3,2,11,126,0,"minecraft:oak_slab","Oak Wood Slab (Bottom)"
3,2,12,126,0,"minecraft:oak_slab","Oak Wood Slab (Bottom)"
3,2,13,126,0,"minecraft:oak_slab","Oak Wood Slab (Bottom)"
3,2,14,126,0,"minecraft:oak_slab","Oak Wood Slab (Bottom)"
3,2,15,20,0,"minecraft:glass","Glass"
4,2,0,20,0,"minecraft:glass","Glass"
4,2,2,44,0,"minecraft:stone_slab","Stone Slab"
4,2,6,44,0,"minecraft:stone_slab","Stone Slab"
4,2,8,126,0,"minecraft:oak_slab","Oak Wood Slab (Bottom)"
4,2,9,126,0,"minecraft:oak_slab","Oak Wood Slab (Bottom)"
4,2,10,126,0,"minecraft:oak_slab","Oak Wood Slab (Bottom)"
4,2,11,126,0,"minecraft:oak_slab","Oak Wood Slab (Bottom)"
4,2,12,43,0,"minecraft:smooth_quartz","Double Stone Slab"
4,2,13,126,0,"minecraft:oak_slab","Oak Wood Slab (Bottom)"
4,2,14,126,0,"minecraft:oak_slab","Double Oak Wood Slab"
4,2,15,20,0,"minecraft:glass","Glass"
5,2,0,20,0,"minecraft:glass","Glass"
5,2,3,44,0,"minecraft:stone_slab","Stone Slab"
5,2,4,44,0,"minecraft:stone_slab","Stone Slab"
5,2,5,44,0,"minecraft:stone_slab","Stone Slab"
5,2,9,126,0,"minecraft:oak_slab","Oak Wood Slab (Bottom)"
5,2,10,126,0,"minecraft:oak_slab","Oak Wood Slab (Bottom)"
5,2,11,126,0,"minecraft:oak_slab","Oak Wood Slab (Bottom)"
5,2,12,43,0,"minecraft:smooth_quartz","Double Stone Slab"
5,2,13,43,0,"minecraft:smooth_quartz","Double Stone Slab"
5,2,14,43,0,"minecraft:smooth_quartz","Double Stone Slab"
5,2,15,20,0,"minecraft:glass","Glass"
5,2,16,35,0,"minecraft:white_wool","White Wool"
6,2,0,20,0,"minecraft:glass","Glass"
6,2,10,126,0,"minecraft:oak_slab","Oak Wood Slab (Bottom)"
6,2,11,126,0,"minecraft:oak_slab","Oak Wood Slab (Bottom)"
6,2,12,126,0,"minecraft:oak_slab","Oak Wood Slab (Bottom)"
6,2,13,126,0,"minecraft:oak_slab","Oak Wood Slab (Bottom)"
6,2,14,126,0,"minecraft:oak_slab","Oak Wood Slab (Bottom)"
6,2,15,20,0,"minecraft:glass","Glass"
6,2,16,35,0,"minecraft:white_wool","White Wool"
7,2,0,20,0,"minecraft:glass","Glass"
7,2,16,64,0,"minecraft:oak_door","Oak Door (Facing North, Closed, Lower)"
8,2,0,20,0,"minecraft:glass","Glass"
8,2,15,20,0,"minecraft:glass","Glass"
8,2,16,35,0,"minecraft:white_wool","White Wool"
9,2,0,20,0,"minecraft:glass","Glass"
9,2,1,53,0,"minecraft:oak_stairs","Oak Wood Stairs (East, Upside-down)"
9,2,4,53,0,"minecraft:oak_stairs","Oak Wood Stairs (East, Upside-down)"
9,2,7,53,0,"minecraft:oak_stairs","Oak Wood Stairs (East, Upside-down)"
9,2,10,53,0,"minecraft:oak_stairs","Oak Wood Stairs (East, Upside-down)"
9,2,13,53,0,"minecraft:oak_stairs","Oak Wood Stairs (East, Upside-down)"
9,2,15,20,0,"minecraft:glass","Glass"
9,2,16,35,0,"minecraft:white_wool","White Wool"
10,2,0,20,0,"minecraft:glass","Glass"
10,2,1,126,0,"minecraft:oak_slab"," Oak Wood Slab (Upper)"
10,2,4,126,0,"minecraft:oak_slab"," Oak Wood Slab (Upper)"
10,2,7,126,0,"minecraft:oak_slab"," Oak Wood Slab (Upper)"
10,2,10,126,0,"minecraft:oak_slab"," Oak Wood Slab (Upper)"
10,2,13,126,0,"minecraft:oak_slab"," Oak Wood Slab (Upper)"
10,2,15,20,0,"minecraft:glass","Glass"
11,2,0,20,0,"minecraft:glass","Glass"
11,2,1,126,0,"minecraft:oak_slab"," Oak Wood Slab (Upper)"
11,2,4,126,0,"minecraft:oak_slab"," Oak Wood Slab (Upper)"
11,2,7,126,0,"minecraft:oak_slab"," Oak Wood Slab (Upper)"
11,2,10,126,0,"minecraft:oak_slab"," Oak Wood Slab (Upper)"
11,2,13,126,0,"minecraft:oak_slab"," Oak Wood Slab (Upper)"
11,2,15,20,0,"minecraft:glass","Glass"
12,2,0,20,0,"minecraft:glass","Glass"
12,2,1,53,0,"minecraft:oak_stairs","Oak Wood Stairs (West, Upside-down)"
12,2,4,53,0,"minecraft:oak_stairs","Oak Wood Stairs (West, Upside-down)"
12,2,7,53,0,"minecraft:oak_stairs","Oak Wood Stairs (West, Upside-down)"
12,2,10,53,0,"minecraft:oak_stairs","Oak Wood Stairs (West, Upside-down)"
12,2,13,53,0,"minecraft:oak_stairs","Oak Wood Stairs (West, Upside-down)"
12,2,15,20,0,"minecraft:glass","Glass"
13,2,0,20,0,"minecraft:glass","Glass"
13,2,15,20,0,"minecraft:glass","Glass"
14,2,0,42,0,"minecraft:iron_block","Iron Block"
14,2,1,20,0,"minecraft:glass","Glass"
14,2,2,20,0,"minecraft:glass","Glass"
14,2,3,20,0,"minecraft:glass","Glass"
14,2,4,20,0,"minecraft:glass","Glass"
14,2,5,20,0,"minecraft:glass","Glass"
14,2,6,20,0,"minecraft:glass","Glass"
14,2,7,20,0,"minecraft:glass","Glass"
14,2,8,20,0,"minecraft:glass","Glass"
14,2,9,20,0,"minecraft:glass","Glass"
14,2,10,20,0,"minecraft:glass","Glass"
14,2,11,20,0,"minecraft:glass","Glass"
14,2,12,20,0,"minecraft:glass","Glass"
14,2,13,20,0,"minecraft:glass","Glass"
14,2,14,20,0,"minecraft:glass","Glass"
14,2,15,42,0,"minecraft:iron_block","Iron Block"
0,3,0,42,0,"minecraft:iron_block","Iron Block"
0,3,1,20,0,"minecraft:glass","Glass"
0,3,2,20,0,"minecraft:glass","Glass"
0,3,3,20,0,"minecraft:glass","Glass"
0,3,4,20,0,"minecraft:glass","Glass"
0,3,5,20,0,"minecraft:glass","Glass"
0,3,6,20,0,"minecraft:glass","Glass"
0,3,7,20,0,"minecraft:glass","Glass"
0,3,8,20,0,"minecraft:glass","Glass"
0,3,9,20,0,"minecraft:glass","Glass"
0,3,10,20,0,"minecraft:glass","Glass"
0,3,11,20,0,"minecraft:glass","Glass"
0,3,12,20,0,"minecraft:glass","Glass"
0,3,13,20,0,"minecraft:glass","Glass"
0,3,14,20,0,"minecraft:glass","Glass"
0,3,15,42,0,"minecraft:iron_block","Iron Block"
1,3,0,20,0,"minecraft:glass","Glass"
1,3,9,44,0,"minecraft:stone_slab","Stone Slab"
1,3,10,54,0,"minecraft:chest","Chest (North)"
1,3,15,20,0,"minecraft:glass","Glass"
2,3,0,20,0,"minecraft:glass","Glass"
2,3,9,114,0,"minecraft:nether_brick_stairs","Nether Brick Stairs (South, Normal)"
2,3,15,20,0,"minecraft:glass","Glass"
3,3,0,20,0,"minecraft:glass","Glass"
3,3,4,17,0,"minecraft:oak_wood","Oak Wood"
3,3,9,44,0,"minecraft:stone_slab","Stone Slab"
3,3,10,44,0,"minecraft:stone_slab","Stone Slab"
3,3,15,20,0,"minecraft:glass","Glass"
4,3,0,20,0,"minecraft:glass","Glass"
4,3,12,44,0,"minecraft:stone_slab","Stone Slab"
4,3,14,54,0,"minecraft:chest","Chest (East)"
4,3,15,20,0,"minecraft:glass","Glass"
4,3,16,35,0,"minecraft:white_wool","White Wool"
5,3,0,20,0,"minecraft:glass","Glass"
5,3,12,44,0,"minecraft:stone_slab","Stone Slab"
5,3,13,114,0,"minecraft:nether_brick_stairs","Nether Brick Stairs (West, Normal)"
5,3,14,44,0,"minecraft:stone_slab","Stone Slab"
5,3,15,20,0,"minecraft:glass","Glass"
5,3,16,35,0,"minecraft:white_wool","White Wool"
6,3,0,20,0,"minecraft:glass","Glass"
6,3,15,20,0,"minecraft:glass","Glass"
6,3,16,35,0,"minecraft:white_wool","White Wool"
7,3,0,20,0,"minecraft:glass","Glass"
7,3,16,64,0,"minecraft:oak_door","Oak Door (Hinge Left, Unpowered, Upper"
8,3,0,20,0,"minecraft:glass","Glass"
8,3,15,20,0,"minecraft:glass","Glass"
8,3,16,35,0,"minecraft:white_wool","White Wool"
9,3,0,20,0,"minecraft:glass","Glass"
9,3,15,20,0,"minecraft:glass","Glass"
9,3,16,35,0,"minecraft:white_wool","White Wool"
10,3,0,20,0,"minecraft:glass","Glass"
10,3,1,116,0,"minecraft:enchanting_table","Enchantment Table"
10,3,4,47,0,"minecraft:bookshelf","Bookshelf"
10,3,7,120,0,"minecraft:end_portal_frame","End Portal Frame (Vectors to the East, Empty)"
10,3,10,145,1,"minecraft:damaged_anvil","Very Damaged Anvil (East/West)"
10,3,13,117,0,"minecraft:brewing_stand","Brewing Stand (Slot 1 Unactive, Slot 2 Unactive, Slot 3 Unac"
10,3,15,20,0,"minecraft:glass","Glass"
10,3,16,35,0,"minecraft:white_wool","White Wool"
11,3,0,20,0,"minecraft:glass","Glass"
11,3,1,116,0,"minecraft:enchanting_table","Enchantment Table"
11,3,4,47,0,"minecraft:bookshelf","Bookshelf"
11,3,7,120,0,"minecraft:end_portal_frame","End Portal Frame (Vectors to the East, Empty)"
11,3,10,145,1,"minecraft:damaged_anvil","Very Damaged Anvil (East/West)"
11,3,13,117,0,"minecraft:brewing_stand","Brewing Stand (Slot 1 Unactive, Slot 2 Unactive, Slot 3 Unac"
11,3,15,20,0,"minecraft:glass","Glass"
12,3,0,20,0,"minecraft:glass","Glass"
12,3,15,20,0,"minecraft:glass","Glass"
13,3,0,20,0,"minecraft:glass","Glass"
13,3,15,20,0,"minecraft:glass","Glass"
14,3,0,42,0,"minecraft:iron_block","Iron Block"
14,3,1,20,0,"minecraft:glass","Glass"
14,3,2,20,0,"minecraft:glass","Glass"
14,3,3,20,0,"minecraft:glass","Glass"
14,3,4,20,0,"minecraft:glass","Glass"
14,3,5,20,0,"minecraft:glass","Glass"
14,3,6,20,0,"minecraft:glass","Glass"
14,3,7,20,0,"minecraft:glass","Glass"
14,3,8,20,0,"minecraft:glass","Glass"
14,3,9,20,0,"minecraft:glass","Glass"
14,3,10,20,0,"minecraft:glass","Glass"
14,3,11,20,0,"minecraft:glass","Glass"
14,3,12,20,0,"minecraft:glass","Glass"
14,3,13,20,0,"minecraft:glass","Glass"
14,3,14,20,0,"minecraft:glass","Glass"
14,3,15,42,0,"minecraft:iron_block","Iron Block"
0,4,0,42,0,"minecraft:iron_block","Iron Block"
0,4,1,20,0,"minecraft:glass","Glass"
0,4,2,20,0,"minecraft:glass","Glass"
0,4,3,20,0,"minecraft:glass","Glass"
0,4,4,20,0,"minecraft:glass","Glass"
0,4,5,20,0,"minecraft:glass","Glass"
0,4,6,20,0,"minecraft:glass","Glass"
0,4,7,20,0,"minecraft:glass","Glass"
0,4,8,20,0,"minecraft:glass","Glass"
0,4,9,20,0,"minecraft:glass","Glass"
0,4,10,20,0,"minecraft:glass","Glass"
0,4,11,20,0,"minecraft:glass","Glass"
0,4,12,20,0,"minecraft:glass","Glass"
0,4,13,20,0,"minecraft:glass","Glass"
0,4,14,20,0,"minecraft:glass","Glass"
0,4,15,42,0,"minecraft:iron_block","Iron Block"
1,4,0,20,0,"minecraft:glass","Glass"
1,4,2,18,0,"minecraft:oak_leaves","Oak Leaves (No Decay)"
1,4,3,18,0,"minecraft:oak_leaves","Oak Leaves (No Decay)"
1,4,4,18,0,"minecraft:oak_leaves","Oak Leaves (No Decay)"
1,4,5,18,0,"minecraft:oak_leaves","Oak Leaves (No Decay and Check Decay)"
1,4,6,18,0,"minecraft:oak_leaves","Oak Leaves (No Decay)"
1,4,15,20,0,"minecraft:glass","Glass"
2,4,0,20,0,"minecraft:glass","Glass"
2,4,2,18,0,"minecraft:oak_leaves","Oak Leaves (No Decay and Check Decay)"
2,4,3,18,0,"minecraft:oak_leaves","Oak Leaves (No Decay and Check Decay)"
2,4,4,18,0,"minecraft:oak_leaves","Oak Leaves (No Decay and Check Decay)"
2,4,5,18,0,"minecraft:oak_leaves","Oak Leaves (No Decay and Check Decay)"
2,4,6,18,0,"minecraft:oak_leaves","Oak Leaves (No Decay)"
2,4,15,20,0,"minecraft:glass","Glass"
3,4,0,20,0,"minecraft:glass","Glass"
3,4,2,18,0,"minecraft:oak_leaves","Oak Leaves (No Decay and Check Decay)"
3,4,3,18,0,"minecraft:oak_leaves","Oak Leaves (No Decay)"
3,4,4,17,0,"minecraft:oak_wood","Oak Wood"
3,4,5,18,0,"minecraft:oak_leaves","Oak Leaves (No Decay)"
3,4,6,18,0,"minecraft:oak_leaves","Oak Leaves (No Decay)"
3,4,15,20,0,"minecraft:glass","Glass"
3,4,16,35,0,"minecraft:white_wool","White Wool"
4,4,0,20,0,"minecraft:glass","Glass"
4,4,2,18,0,"minecraft:oak_leaves","Oak Leaves (No Decay and Check Decay)"
4,4,3,18,0,"minecraft:oak_leaves","Oak Leaves (No Decay)"
4,4,4,18,0,"minecraft:oak_leaves","Oak Leaves (No Decay)"
4,4,5,18,0,"minecraft:oak_leaves","Oak Leaves (No Decay)"
4,4,6,18,0,"minecraft:oak_leaves","Oak Leaves (No Decay)"
4,4,15,20,0,"minecraft:glass","Glass"
4,4,16,35,0,"minecraft:white_wool","White Wool"
5,4,0,20,0,"minecraft:glass","Glass"
5,4,2,18,0,"minecraft:oak_leaves","Oak Leaves (No Decay and Check Decay)"
5,4,3,18,0,"minecraft:oak_leaves","Oak Leaves (No Decay)"
5,4,4,18,0,"minecraft:oak_leaves","Oak Leaves (No Decay)"
5,4,5,18,0,"minecraft:oak_leaves","Oak Leaves (No Decay)"
5,4,6,18,0,"minecraft:oak_leaves","Oak Leaves (No Decay)"
5,4,15,20,0,"minecraft:glass","Glass"
5,4,16,35,0,"minecraft:white_wool","White Wool"
6,4,0,20,0,"minecraft:glass","Glass"
6,4,15,20,0,"minecraft:glass","Glass"
6,4,16,35,0,"minecraft:white_wool","White Wool"
7,4,0,20,0,"minecraft:glass","Glass"
7,4,16,35,0,"minecraft:white_wool","White Wool"
8,4,0,20,0,"minecraft:glass","Glass"
8,4,15,20,0,"minecraft:glass","Glass"
8,4,16,35,0,"minecraft:white_wool","White Wool"
9,4,0,20,0,"minecraft:glass","Glass"
9,4,15,20,0,"minecraft:glass","Glass"
9,4,16,35,0,"minecraft:white_wool","White Wool"
10,4,0,20,0,"minecraft:glass","Glass"
10,4,15,20,0,"minecraft:glass","Glass"
10,4,16,35,0,"minecraft:white_wool","White Wool"
11,4,0,20,0,"minecraft:glass","Glass"
11,4,15,20,0,"minecraft:glass","Glass"
11,4,16,35,0,"minecraft:white_wool","White Wool"
12,4,0,20,0,"minecraft:glass","Glass"
12,4,15,20,0,"minecraft:glass","Glass"
13,4,0,20,0,"minecraft:glass","Glass"
13,4,15,20,0,"minecraft:glass","Glass"
14,4,0,42,0,"minecraft:iron_block","Iron Block"
14,4,1,20,0,"minecraft:glass","Glass"
14,4,2,20,0,"minecraft:glass","Glass"
14,4,3,20,0,"minecraft:glass","Glass"
14,4,4,20,0,"minecraft:glass","Glass"
14,4,5,20,0,"minecraft:glass","Glass"
14,4,6,20,0,"minecraft:glass","Glass"
14,4,7,20,0,"minecraft:glass","Glass"
14,4,8,20,0,"minecraft:glass","Glass"
14,4,9,20,0,"minecraft:glass","Glass"
14,4,10,20,0,"minecraft:glass","Glass"
14,4,11,20,0,"minecraft:glass","Glass"
14,4,12,20,0,"minecraft:glass","Glass"
14,4,13,20,0,"minecraft:glass","Glass"
14,4,14,20,0,"minecraft:glass","Glass"
14,4,15,42,0,"minecraft:iron_block","Iron Block"
0,5,0,42,0,"minecraft:iron_block","Iron Block"
0,5,1,20,0,"minecraft:glass","Glass"
0,5,2,20,0,"minecraft:glass","Glass"
0,5,3,20,0,"minecraft:glass","Glass"
0,5,4,20,0,"minecraft:glass","Glass"
0,5,5,20,0,"minecraft:glass","Glass"
0,5,6,20,0,"minecraft:glass","Glass"
0,5,7,20,0,"minecraft:glass","Glass"
0,5,8,20,0,"minecraft:glass","Glass"
0,5,9,20,0,"minecraft:glass","Glass"
0,5,10,20,0,"minecraft:glass","Glass"
0,5,11,20,0,"minecraft:glass","Glass"
0,5,12,20,0,"minecraft:glass","Glass"
0,5,13,20,0,"minecraft:glass","Glass"
0,5,14,20,0,"minecraft:glass","Glass"
0,5,15,42,0,"minecraft:iron_block","Iron Block"
1,5,0,20,0,"minecraft:glass","Glass"
1,5,15,20,0,"minecraft:glass","Glass"
2,5,0,20,0,"minecraft:glass","Glass"
2,5,3,18,0,"minecraft:oak_leaves","Oak Leaves (No Decay and Check Decay)"
2,5,4,18,0,"minecraft:oak_leaves","Oak Leaves (No Decay and Check Decay)"
2,5,5,18,0,"minecraft:oak_leaves","Oak Leaves (No Decay)"
2,5,15,20,0,"minecraft:glass","Glass"
3,5,0,20,0,"minecraft:glass","Glass"
3,5,3,18,0,"minecraft:oak_leaves","Oak Leaves (No Decay and Check Decay)"
3,5,4,18,0,"minecraft:oak_leaves","Oak Leaves (No Decay and Check Decay)"
3,5,5,18,0,"minecraft:oak_leaves","Oak Leaves (No Decay)"
3,5,15,20,0,"minecraft:glass","Glass"
3,5,16,35,0,"minecraft:white_wool","White Wool"
4,5,0,20,0,"minecraft:glass","Glass"
4,5,3,18,0,"minecraft:oak_leaves","Oak Leaves (No Decay and Check Decay)"
4,5,4,18,0,"minecraft:oak_leaves","Oak Leaves (No Decay and Check Decay)"
4,5,5,18,0,"minecraft:oak_leaves","Oak Leaves (No Decay)"
4,5,15,20,0,"minecraft:glass","Glass"
4,5,16,35,0,"minecraft:white_wool","White Wool"
5,5,0,20,0,"minecraft:glass","Glass"
5,5,15,20,0,"minecraft:glass","Glass"
5,5,16,35,0,"minecraft:white_wool","White Wool"
6,5,0,20,0,"minecraft:glass","Glass"
6,5,15,20,0,"minecraft:glass","Glass"
6,5,16,35,0,"minecraft:white_wool","White Wool"
7,5,0,20,0,"minecraft:glass","Glass"
7,5,15,20,0,"minecraft:glass","Glass"
7,5,16,35,0,"minecraft:white_wool","White Wool"
8,5,0,20,0,"minecraft:glass","Glass"
8,5,15,20,0,"minecraft:glass","Glass"
8,5,16,35,0,"minecraft:white_wool","White Wool"
9,5,0,20,0,"minecraft:glass","Glass"
9,5,15,20,0,"minecraft:glass","Glass"
9,5,16,35,0,"minecraft:white_wool","White Wool"
10,5,0,20,0,"minecraft:glass","Glass"
10,5,15,20,0,"minecraft:glass","Glass"
11,5,0,20,0,"minecraft:glass","Glass"
11,5,15,20,0,"minecraft:glass","Glass"
12,5,0,20,0,"minecraft:glass","Glass"
12,5,15,20,0,"minecraft:glass","Glass"
13,5,0,20,0,"minecraft:glass","Glass"
13,5,15,20,0,"minecraft:glass","Glass"
14,5,0,42,0,"minecraft:iron_block","Iron Block"
14,5,1,20,0,"minecraft:glass","Glass"
14,5,2,20,0,"minecraft:glass","Glass"
14,5,3,20,0,"minecraft:glass","Glass"
14,5,4,20,0,"minecraft:glass","Glass"
14,5,5,20,0,"minecraft:glass","Glass"
14,5,6,20,0,"minecraft:glass","Glass"
14,5,7,20,0,"minecraft:glass","Glass"
14,5,8,20,0,"minecraft:glass","Glass"
14,5,9,20,0,"minecraft:glass","Glass"
14,5,10,20,0,"minecraft:glass","Glass"
14,5,11,20,0,"minecraft:glass","Glass"
14,5,12,20,0,"minecraft:glass","Glass"
14,5,13,20,0,"minecraft:glass","Glass"
14,5,14,20,0,"minecraft:glass","Glass"
14,5,15,42,0,"minecraft:iron_block","Iron Block"
0,6,0,42,0,"minecraft:iron_block","Iron Block"
0,6,1,20,0,"minecraft:glass","Glass"
0,6,2,20,0,"minecraft:glass","Glass"
0,6,3,20,0,"minecraft:glass","Glass"
0,6,4,20,0,"minecraft:glass","Glass"
0,6,5,20,0,"minecraft:glass","Glass"
0,6,6,20,0,"minecraft:glass","Glass"
0,6,7,20,0,"minecraft:glass","Glass"
0,6,8,20,0,"minecraft:glass","Glass"
0,6,9,20,0,"minecraft:glass","Glass"
0,6,10,20,0,"minecraft:glass","Glass"
0,6,11,20,0,"minecraft:glass","Glass"
0,6,12,20,0,"minecraft:glass","Glass"
0,6,13,20,0,"minecraft:glass","Glass"
0,6,14,20,0,"minecraft:glass","Glass"
0,6,15,42,0,"minecraft:iron_block","Iron Block"
1,6,0,20,0,"minecraft:glass","Glass"
1,6,15,20,0,"minecraft:glass","Glass"
2,6,0,20,0,"minecraft:glass","Glass"
2,6,15,20,0,"minecraft:glass","Glass"
3,6,0,20,0,"minecraft:glass","Glass"
3,6,3,18,0,"minecraft:oak_leaves","Oak Leaves (No Decay and Check Decay)"
3,6,4,18,0,"minecraft:oak_leaves","Oak Leaves (No Decay and Check Decay)"
3,6,5,18,0,"minecraft:oak_leaves","Oak Leaves (No Decay and Check Decay)"
3,6,15,20,0,"minecraft:glass","Glass"
3,6,16,35,0,"minecraft:white_wool","White Wool"
4,6,0,20,0,"minecraft:glass","Glass"
4,6,3,18,0,"minecraft:oak_leaves","Oak Leaves (No Decay)"
4,6,4,18,0,"minecraft:oak_leaves","Oak Leaves (No Decay and Check Decay)"
4,6,5,18,0,"minecraft:oak_leaves","Oak Leaves (No Decay and Check Decay)"
4,6,15,20,0,"minecraft:glass","Glass"
4,6,16,35,0,"minecraft:white_wool","White Wool"
5,6,0,20,0,"minecraft:glass","Glass"
5,6,15,20,0,"minecraft:glass","Glass"
5,6,16,35,0,"minecraft:white_wool","White Wool"
6,6,0,20,0,"minecraft:glass","Glass"
6,6,15,20,0,"minecraft:glass","Glass"
6,6,16,35,0,"minecraft:white_wool","White Wool"
7,6,0,20,0,"minecraft:glass","Glass"
7,6,15,20,0,"minecraft:glass","Glass"
7,6,16,35,0,"minecraft:white_wool","White Wool"
8,6,0,20,0,"minecraft:glass","Glass"
8,6,15,20,0,"minecraft:glass","Glass"
8,6,16,35,0,"minecraft:white_wool","White Wool"
9,6,0,20,0,"minecraft:glass","Glass"
9,6,15,20,0,"minecraft:glass","Glass"
9,6,16,35,0,"minecraft:white_wool","White Wool"
10,6,0,20,0,"minecraft:glass","Glass"
10,6,15,20,0,"minecraft:glass","Glass"
11,6,0,20,0,"minecraft:glass","Glass"
11,6,15,20,0,"minecraft:glass","Glass"
12,6,0,20,0,"minecraft:glass","Glass"
12,6,15,20,0,"minecraft:glass","Glass"
13,6,0,20,0,"minecraft:glass","Glass"
13,6,15,20,0,"minecraft:glass","Glass"
14,6,0,42,0,"minecraft:iron_block","Iron Block"
14,6,1,20,0,"minecraft:glass","Glass"
14,6,2,20,0,"minecraft:glass","Glass"
14,6,3,20,0,"minecraft:glass","Glass"
14,6,4,20,0,"minecraft:glass","Glass"
14,6,5,20,0,"minecraft:glass","Glass"
14,6,6,20,0,"minecraft:glass","Glass"
14,6,7,20,0,"minecraft:glass","Glass"
14,6,8,20,0,"minecraft:glass","Glass"
14,6,9,20,0,"minecraft:glass","Glass"
14,6,10,20,0,"minecraft:glass","Glass"
14,6,11,20,0,"minecraft:glass","Glass"
14,6,12,20,0,"minecraft:glass","Glass"
14,6,13,20,0,"minecraft:glass","Glass"
14,6,14,20,0,"minecraft:glass","Glass"
14,6,15,42,0,"minecraft:iron_block","Iron Block"
0,7,0,42,0,"minecraft:iron_block","Iron Block"
0,7,1,20,0,"minecraft:glass","Glass"
0,7,2,20,0,"minecraft:glass","Glass"
0,7,3,20,0,"minecraft:glass","Glass"
0,7,4,20,0,"minecraft:glass","Glass"
0,7,5,20,0,"minecraft:glass","Glass"
0,7,6,20,0,"minecraft:glass","Glass"
0,7,7,20,0,"minecraft:glass","Glass"
0,7,8,20,0,"minecraft:glass","Glass"
0,7,9,20,0,"minecraft:glass","Glass"
0,7,10,20,0,"minecraft:glass","Glass"
0,7,11,20,0,"minecraft:glass","Glass"
0,7,12,20,0,"minecraft:glass","Glass"
0,7,13,20,0,"minecraft:glass","Glass"
0,7,14,20,0,"minecraft:glass","Glass"
0,7,15,42,0,"minecraft:iron_block","Iron Block"
1,7,0,20,0,"minecraft:glass","Glass"
1,7,15,20,0,"minecraft:glass","Glass"
2,7,0,20,0,"minecraft:glass","Glass"
2,7,15,20,0,"minecraft:glass","Glass"
3,7,0,20,0,"minecraft:glass","Glass"
3,7,3,18,0,"minecraft:oak_leaves","Oak Leaves (No Decay and Check Decay)"
3,7,4,18,0,"minecraft:oak_leaves","Oak Leaves (No Decay and Check Decay)"
3,7,15,20,0,"minecraft:glass","Glass"
4,7,0,20,0,"minecraft:glass","Glass"
4,7,4,18,0,"minecraft:oak_leaves","Oak Leaves (No Decay and Check Decay)"
4,7,15,20,0,"minecraft:glass","Glass"
4,7,16,35,0,"minecraft:white_wool","White Wool"
5,7,0,20,0,"minecraft:glass","Glass"
5,7,15,20,0,"minecraft:glass","Glass"
5,7,16,35,0,"minecraft:white_wool","White Wool"
6,7,0,20,0,"minecraft:glass","Glass"
6,7,15,20,0,"minecraft:glass","Glass"
6,7,16,35,0,"minecraft:white_wool","White Wool"
7,7,0,20,0,"minecraft:glass","Glass"
7,7,15,20,0,"minecraft:glass","Glass"
7,7,16,35,0,"minecraft:white_wool","White Wool"
8,7,0,20,0,"minecraft:glass","Glass"
8,7,15,20,0,"minecraft:glass","Glass"
8,7,16,35,0,"minecraft:white_wool","White Wool"
9,7,0,20,0,"minecraft:glass","Glass"
9,7,15,20,0,"minecraft:glass","Glass"
9,7,16,35,0,"minecraft:white_wool","White Wool"
10,7,0,20,0,"minecraft:glass","Glass"
10,7,15,20,0,"minecraft:glass","Glass"
10,7,16,35,0,"minecraft:white_wool","White Wool"
11,7,0,20,0,"minecraft:glass","Glass"
11,7,15,20,0,"minecraft:glass","Glass"
11,7,16,35,0,"minecraft:white_wool","White Wool"
12,7,0,20,0,"minecraft:glass","Glass"
12,7,15,20,0,"minecraft:glass","Glass"
13,7,0,20,0,"minecraft:glass","Glass"
13,7,15,20,0,"minecraft:glass","Glass"
14,7,0,42,0,"minecraft:iron_block","Iron Block"
14,7,1,20,0,"minecraft:glass","Glass"
14,7,2,20,0,"minecraft:glass","Glass"
14,7,3,20,0,"minecraft:glass","Glass"
14,7,4,20,0,"minecraft:glass","Glass"
14,7,5,20,0,"minecraft:glass","Glass"
14,7,6,20,0,"minecraft:glass","Glass"
14,7,7,20,0,"minecraft:glass","Glass"
14,7,8,20,0,"minecraft:glass","Glass"
14,7,9,20,0,"minecraft:glass","Glass"
14,7,10,20,0,"minecraft:glass","Glass"
14,7,11,20,0,"minecraft:glass","Glass"
14,7,12,20,0,"minecraft:glass","Glass"
14,7,13,20,0,"minecraft:glass","Glass"
14,7,14,20,0,"minecraft:glass","Glass"
14,7,15,42,0,"minecraft:iron_block","Iron Block"
0,8,0,42,0,"minecraft:iron_block","Iron Block"
0,8,1,20,0,"minecraft:glass","Glass"
0,8,2,20,0,"minecraft:glass","Glass"
0,8,3,20,0,"minecraft:glass","Glass"
0,8,4,20,0,"minecraft:glass","Glass"
0,8,5,20,0,"minecraft:glass","Glass"
0,8,6,20,0,"minecraft:glass","Glass"
0,8,7,20,0,"minecraft:glass","Glass"
0,8,8,20,0,"minecraft:glass","Glass"
0,8,9,20,0,"minecraft:glass","Glass"
0,8,10,20,0,"minecraft:glass","Glass"
0,8,11,20,0,"minecraft:glass","Glass"
0,8,12,20,0,"minecraft:glass","Glass"
0,8,13,20,0,"minecraft:glass","Glass"
0,8,14,20,0,"minecraft:glass","Glass"
0,8,15,42,0,"minecraft:iron_block","Iron Block"
1,8,0,20,0,"minecraft:glass","Glass"
1,8,15,20,0,"minecraft:glass","Glass"
2,8,0,20,0,"minecraft:glass","Glass"
2,8,15,20,0,"minecraft:glass","Glass"
3,8,0,20,0,"minecraft:glass","Glass"
3,8,15,20,0,"minecraft:glass","Glass"
4,8,0,20,0,"minecraft:glass","Glass"
4,8,15,20,0,"minecraft:glass","Glass"
5,8,0,20,0,"minecraft:glass","Glass"
5,8,15,20,0,"minecraft:glass","Glass"
5,8,16,35,0,"minecraft:white_wool","White Wool"
6,8,0,20,0,"minecraft:glass","Glass"
6,8,15,20,0,"minecraft:glass","Glass"
6,8,16,35,0,"minecraft:white_wool","White Wool"
7,8,0,20,0,"minecraft:glass","Glass"
7,8,15,20,0,"minecraft:glass","Glass"
8,8,0,20,0,"minecraft:glass","Glass"
8,8,15,20,0,"minecraft:glass","Glass"
8,8,16,35,0,"minecraft:white_wool","White Wool"
9,8,0,20,0,"minecraft:glass","Glass"
9,8,15,20,0,"minecraft:glass","Glass"
9,8,16,35,0,"minecraft:white_wool","White Wool"
10,8,0,20,0,"minecraft:glass","Glass"
10,8,15,20,0,"minecraft:glass","Glass"
10,8,16,35,0,"minecraft:white_wool","White Wool"
11,8,0,20,0,"minecraft:glass","Glass"
11,8,15,20,0,"minecraft:glass","Glass"
12,8,0,20,0,"minecraft:glass","Glass"
12,8,15,20,0,"minecraft:glass","Glass"
13,8,0,20,0,"minecraft:glass","Glass"
13,8,15,20,0,"minecraft:glass","Glass"
14,8,0,42,0,"minecraft:iron_block","Iron Block"
14,8,1,20,0,"minecraft:glass","Glass"
14,8,2,20,0,"minecraft:glass","Glass"
14,8,3,20,0,"minecraft:glass","Glass"
14,8,4,20,0,"minecraft:glass","Glass"
14,8,5,20,0,"minecraft:glass","Glass"
14,8,6,20,0,"minecraft:glass","Glass"
14,8,7,20,0,"minecraft:glass","Glass"
14,8,8,20,0,"minecraft:glass","Glass"
14,8,9,20,0,"minecraft:glass","Glass"
14,8,10,20,0,"minecraft:glass","Glass"
14,8,11,20,0,"minecraft:glass","Glass"
14,8,12,20,0,"minecraft:glass","Glass"
14,8,13,20,0,"minecraft:glass","Glass"
14,8,14,20,0,"minecraft:glass","Glass"
14,8,15,42,0,"minecraft:iron_block","Iron Block"
0,9,0,42,0,"minecraft:iron_block","Iron Block"
0,9,1,42,0,"minecraft:iron_block","Iron Block"
0,9,2,42,0,"minecraft:iron_block","Iron Block"
0,9,3,42,0,"minecraft:iron_block","Iron Block"
0,9,4,42,0,"minecraft:iron_block","Iron Block"
0,9,5,42,0,"minecraft:iron_block","Iron Block"
0,9,6,42,0,"minecraft:iron_block","Iron Block"
0,9,7,42,0,"minecraft:iron_block","Iron Block"
0,9,8,42,0,"minecraft:iron_block","Iron Block"
0,9,9,42,0,"minecraft:iron_block","Iron Block"
0,9,10,42,0,"minecraft:iron_block","Iron Block"
0,9,11,42,0,"minecraft:iron_block","Iron Block"
0,9,12,42,0,"minecraft:iron_block","Iron Block"
0,9,13,42,0,"minecraft:iron_block","Iron Block"
0,9,14,42,0,"minecraft:iron_block","Iron Block"
0,9,15,42,0,"minecraft:iron_block","Iron Block"
1,9,0,42,0,"minecraft:iron_block","Iron Block"
1,9,1,42,0,"minecraft:iron_block","Iron Block"
1,9,2,42,0,"minecraft:iron_block","Iron Block"
1,9,3,42,0,"minecraft:iron_block","Iron Block"
1,9,4,42,0,"minecraft:iron_block","Iron Block"
1,9,5,42,0,"minecraft:iron_block","Iron Block"
1,9,6,42,0,"minecraft:iron_block","Iron Block"
1,9,7,42,0,"minecraft:iron_block","Iron Block"
1,9,8,42,0,"minecraft:iron_block","Iron Block"
1,9,9,42,0,"minecraft:iron_block","Iron Block"
1,9,10,42,0,"minecraft:iron_block","Iron Block"
1,9,11,42,0,"minecraft:iron_block","Iron Block"
1,9,12,42,0,"minecraft:iron_block","Iron Block"
1,9,13,42,0,"minecraft:iron_block","Iron Block"
1,9,14,42,0,"minecraft:iron_block","Iron Block"
1,9,15,42,0,"minecraft:iron_block","Iron Block"
2,9,0,42,0,"minecraft:iron_block","Iron Block"
2,9,1,42,0,"minecraft:iron_block","Iron Block"
2,9,2,42,0,"minecraft:iron_block","Iron Block"
2,9,3,42,0,"minecraft:iron_block","Iron Block"
2,9,4,42,0,"minecraft:iron_block","Iron Block"
2,9,5,42,0,"minecraft:iron_block","Iron Block"
2,9,6,42,0,"minecraft:iron_block","Iron Block"
2,9,7,42,0,"minecraft:iron_block","Iron Block"
2,9,8,42,0,"minecraft:iron_block","Iron Block"
2,9,9,42,0,"minecraft:iron_block","Iron Block"
2,9,10,42,0,"minecraft:iron_block","Iron Block"
2,9,11,42,0,"minecraft:iron_block","Iron Block"
2,9,12,42,0,"minecraft:iron_block","Iron Block"
2,9,13,42,0,"minecraft:iron_block","Iron Block"
2,9,14,42,0,"minecraft:iron_block","Iron Block"
2,9,15,42,0,"minecraft:iron_block","Iron Block"
3,9,0,42,0,"minecraft:iron_block","Iron Block"
3,9,1,42,0,"minecraft:iron_block","Iron Block"
3,9,2,42,0,"minecraft:iron_block","Iron Block"
3,9,3,42,0,"minecraft:iron_block","Iron Block"
3,9,4,42,0,"minecraft:iron_block","Iron Block"
3,9,5,42,0,"minecraft:iron_block","Iron Block"
3,9,6,42,0,"minecraft:iron_block","Iron Block"
3,9,7,42,0,"minecraft:iron_block","Iron Block"
3,9,8,42,0,"minecraft:iron_block","Iron Block"
3,9,9,42,0,"minecraft:iron_block","Iron Block"
3,9,10,42,0,"minecraft:iron_block","Iron Block"
3,9,11,42,0,"minecraft:iron_block","Iron Block"
3,9,12,42,0,"minecraft:iron_block","Iron Block"
3,9,13,42,0,"minecraft:iron_block","Iron Block"
3,9,14,42,0,"minecraft:iron_block","Iron Block"
3,9,15,42,0,"minecraft:iron_block","Iron Block"
4,9,0,42,0,"minecraft:iron_block","Iron Block"
4,9,1,42,0,"minecraft:iron_block","Iron Block"
4,9,2,42,0,"minecraft:iron_block","Iron Block"
4,9,3,42,0,"minecraft:iron_block","Iron Block"
4,9,4,42,0,"minecraft:iron_block","Iron Block"
4,9,5,42,0,"minecraft:iron_block","Iron Block"
4,9,6,42,0,"minecraft:iron_block","Iron Block"
4,9,7,42,0,"minecraft:iron_block","Iron Block"
4,9,8,42,0,"minecraft:iron_block","Iron Block"
4,9,9,42,0,"minecraft:iron_block","Iron Block"
4,9,10,42,0,"minecraft:iron_block","Iron Block"
4,9,11,42,0,"minecraft:iron_block","Iron Block"
4,9,12,42,0,"minecraft:iron_block","Iron Block"
4,9,13,42,0,"minecraft:iron_block","Iron Block"
4,9,14,42,0,"minecraft:iron_block","Iron Block"
4,9,15,42,0,"minecraft:iron_block","Iron Block"
5,9,0,42,0,"minecraft:iron_block","Iron Block"
5,9,1,42,0,"minecraft:iron_block","Iron Block"
5,9,2,42,0,"minecraft:iron_block","Iron Block"
5,9,3,42,0,"minecraft:iron_block","Iron Block"
5,9,4,42,0,"minecraft:iron_block","Iron Block"
5,9,5,42,0,"minecraft:iron_block","Iron Block"
5,9,6,42,0,"minecraft:iron_block","Iron Block"
5,9,7,42,0,"minecraft:iron_block","Iron Block"
5,9,8,42,0,"minecraft:iron_block","Iron Block"
5,9,9,42,0,"minecraft:iron_block","Iron Block"
5,9,10,42,0,"minecraft:iron_block","Iron Block"
5,9,11,42,0,"minecraft:iron_block","Iron Block"
5,9,12,42,0,"minecraft:iron_block","Iron Block"
5,9,13,42,0,"minecraft:iron_block","Iron Block"
5,9,14,42,0,"minecraft:iron_block","Iron Block"
5,9,15,42,0,"minecraft:iron_block","Iron Block"
6,9,0,42,0,"minecraft:iron_block","Iron Block"
6,9,1,42,0,"minecraft:iron_block","Iron Block"
6,9,2,42,0,"minecraft:iron_block","Iron Block"
6,9,3,42,0,"minecraft:iron_block","Iron Block"
6,9,4,42,0,"minecraft:iron_block","Iron Block"
6,9,5,42,0,"minecraft:iron_block","Iron Block"
6,9,6,42,0,"minecraft:iron_block","Iron Block"
6,9,7,42,0,"minecraft:iron_block","Iron Block"
6,9,8,42,0,"minecraft:iron_block","Iron Block"
6,9,9,42,0,"minecraft:iron_block","Iron Block"
6,9,10,42,0,"minecraft:iron_block","Iron Block"
6,9,11,42,0,"minecraft:iron_block","Iron Block"
6,9,12,42,0,"minecraft:iron_block","Iron Block"
6,9,13,42,0,"minecraft:iron_block","Iron Block"
6,9,14,42,0,"minecraft:iron_block","Iron Block"
6,9,15,42,0,"minecraft:iron_block","Iron Block"
7,9,0,42,0,"minecraft:iron_block","Iron Block"
7,9,1,42,0,"minecraft:iron_block","Iron Block"
7,9,2,42,0,"minecraft:iron_block","Iron Block"
7,9,3,42,0,"minecraft:iron_block","Iron Block"
7,9,4,42,0,"minecraft:iron_block","Iron Block"
7,9,5,42,0,"minecraft:iron_block","Iron Block"
7,9,6,42,0,"minecraft:iron_block","Iron Block"
7,9,7,42,0,"minecraft:iron_block","Iron Block"
7,9,8,42,0,"minecraft:iron_block","Iron Block"
7,9,9,42,0,"minecraft:iron_block","Iron Block"
7,9,10,42,0,"minecraft:iron_block","Iron Block"
7,9,11,42,0,"minecraft:iron_block","Iron Block"
7,9,12,42,0,"minecraft:iron_block","Iron Block"
7,9,13,42,0,"minecraft:iron_block","Iron Block"
7,9,14,42,0,"minecraft:iron_block","Iron Block"
7,9,15,42,0,"minecraft:iron_block","Iron Block"
7,9,16,35,0,"minecraft:white_wool","White Wool"
8,9,0,42,0,"minecraft:iron_block","Iron Block"
8,9,1,42,0,"minecraft:iron_block","Iron Block"
8,9,2,42,0,"minecraft:iron_block","Iron Block"
8,9,3,42,0,"minecraft:iron_block","Iron Block"
8,9,4,42,0,"minecraft:iron_block","Iron Block"
8,9,5,42,0,"minecraft:iron_block","Iron Block"
8,9,6,42,0,"minecraft:iron_block","Iron Block"
8,9,7,42,0,"minecraft:iron_block","Iron Block"
8,9,8,42,0,"minecraft:iron_block","Iron Block"
8,9,9,42,0,"minecraft:iron_block","Iron Block"
8,9,10,42,0,"minecraft:iron_block","Iron Block"
8,9,11,42,0,"minecraft:iron_block","Iron Block"
8,9,12,42,0,"minecraft:iron_block","Iron Block"
8,9,13,42,0,"minecraft:iron_block","Iron Block"
8,9,14,42,0,"minecraft:iron_block","Iron Block"
8,9,15,42,0,"minecraft:iron_block","Iron Block"
9,9,0,42,0,"minecraft:iron_block","Iron Block"
9,9,1,42,0,"minecraft:iron_block","Iron Block"
9,9,2,42,0,"minecraft:iron_block","Iron Block"
9,9,3,42,0,"minecraft:iron_block","Iron Block"
9,9,4,42,0,"minecraft:iron_block","Iron Block"
9,9,5,42,0,"minecraft:iron_block","Iron Block"
9,9,6,42,0,"minecraft:iron_block","Iron Block"
9,9,7,42,0,"minecraft:iron_block","Iron Block"
9,9,8,42,0,"minecraft:iron_block","Iron Block"
9,9,9,42,0,"minecraft:iron_block","Iron Block"
9,9,10,42,0,"minecraft:iron_block","Iron Block"
9,9,11,42,0,"minecraft:iron_block","Iron Block"
9,9,12,42,0,"minecraft:iron_block","Iron Block"
9,9,13,42,0,"minecraft:iron_block","Iron Block"
9,9,14,42,0,"minecraft:iron_block","Iron Block"
9,9,15,42,0,"minecraft:iron_block","Iron Block"
10,9,0,42,0,"minecraft:iron_block","Iron Block"
10,9,1,42,0,"minecraft:iron_block","Iron Block"
10,9,2,42,0,"minecraft:iron_block","Iron Block"
10,9,3,42,0,"minecraft:iron_block","Iron Block"
10,9,4,42,0,"minecraft:iron_block","Iron Block"
10,9,5,42,0,"minecraft:iron_block","Iron Block"
10,9,6,42,0,"minecraft:iron_block","Iron Block"
10,9,7,42,0,"minecraft:iron_block","Iron Block"
10,9,8,42,0,"minecraft:iron_block","Iron Block"
10,9,9,42,0,"minecraft:iron_block","Iron Block"
10,9,10,42,0,"minecraft:iron_block","Iron Block"
10,9,11,42,0,"minecraft:iron_block","Iron Block"
10,9,12,42,0,"minecraft:iron_block","Iron Block"
10,9,13,42,0,"minecraft:iron_block","Iron Block"
10,9,14,42,0,"minecraft:iron_block","Iron Block"
10,9,15,42,0,"minecraft:iron_block","Iron Block"
11,9,0,42,0,"minecraft:iron_block","Iron Block"
11,9,1,42,0,"minecraft:iron_block","Iron Block"
11,9,2,42,0,"minecraft:iron_block","Iron Block"
11,9,3,42,0,"minecraft:iron_block","Iron Block"
11,9,4,42,0,"minecraft:iron_block","Iron Block"
11,9,5,42,0,"minecraft:iron_block","Iron Block"
11,9,6,42,0,"minecraft:iron_block","Iron Block"
11,9,7,42,0,"minecraft:iron_block","Iron Block"
11,9,8,42,0,"minecraft:iron_block","Iron Block"
11,9,9,42,0,"minecraft:iron_block","Iron Block"
11,9,10,42,0,"minecraft:iron_block","Iron Block"
11,9,11,42,0,"minecraft:iron_block","Iron Block"
11,9,12,42,0,"minecraft:iron_block","Iron Block"
11,9,13,42,0,"minecraft:iron_block","Iron Block"
11,9,14,42,0,"minecraft:iron_block","Iron Block"
11,9,15,42,0,"minecraft:iron_block","Iron Block"
12,9,0,42,0,"minecraft:iron_block","Iron Block"
12,9,1,42,0,"minecraft:iron_block","Iron Block"
12,9,2,42,0,"minecraft:iron_block","Iron Block"
12,9,3,42,0,"minecraft:iron_block","Iron Block"
12,9,4,42,0,"minecraft:iron_block","Iron Block"
12,9,5,42,0,"minecraft:iron_block","Iron Block"
12,9,6,42,0,"minecraft:iron_block","Iron Block"
12,9,7,42,0,"minecraft:iron_block","Iron Block"
12,9,8,42,0,"minecraft:iron_block","Iron Block"
12,9,9,42,0,"minecraft:iron_block","Iron Block"
12,9,10,42,0,"minecraft:iron_block","Iron Block"
12,9,11,42,0,"minecraft:iron_block","Iron Block"
12,9,12,42,0,"minecraft:iron_block","Iron Block"
12,9,13,42,0,"minecraft:iron_block","Iron Block"
12,9,14,42,0,"minecraft:iron_block","Iron Block"
12,9,15,42,0,"minecraft:iron_block","Iron Block"
13,9,0,42,0,"minecraft:iron_block","Iron Block"
13,9,1,42,0,"minecraft:iron_block","Iron Block"
13,9,2,42,0,"minecraft:iron_block","Iron Block"
13,9,3,42,0,"minecraft:iron_block","Iron Block"
13,9,4,42,0,"minecraft:iron_block","Iron Block"
13,9,5,42,0,"minecraft:iron_block","Iron Block"
13,9,6,42,0,"minecraft:iron_block","Iron Block"
13,9,7,42,0,"minecraft:iron_block","Iron Block"
13,9,8,42,0,"minecraft:iron_block","Iron Block"
13,9,9,42,0,"minecraft:iron_block","Iron Block"
13,9,10,42,0,"minecraft:iron_block","Iron Block"
13,9,11,42,0,"minecraft:iron_block","Iron Block"
13,9,12,42,0,"minecraft:iron_block","Iron Block"
13,9,13,42,0,"minecraft:iron_block","Iron Block"
13,9,14,42,0,"minecraft:iron_block","Iron Block"
13,9,15,42,0,"minecraft:iron_block","Iron Block"
14,9,0,42,0,"minecraft:iron_block","Iron Block"
14,9,1,42,0,"minecraft:iron_block","Iron Block"
14,9,2,42,0,"minecraft:iron_block","Iron Block"
14,9,3,42,0,"minecraft:iron_block","Iron Block"
14,9,4,42,0,"minecraft:iron_block","Iron Block"
14,9,5,42,0,"minecraft:iron_block","Iron Block"
14,9,6,42,0,"minecraft:iron_block","Iron Block"
14,9,7,42,0,"minecraft:iron_block","Iron Block"
14,9,8,42,0,"minecraft:iron_block","Iron Block"
14,9,9,42,0,"minecraft:iron_block","Iron Block"
14,9,10,42,0,"minecraft:iron_block","Iron Block"
14,9,11,42,0,"minecraft:iron_block","Iron Block"
14,9,12,42,0,"minecraft:iron_block","Iron Block"
14,9,13,42,0,"minecraft:iron_block","Iron Block"
14,9,14,42,0,"minecraft:iron_block","Iron Block"
14,9,15,42,0,"minecraft:iron_block","Iron Block"
7,10,16,35,0,"minecraft:white_wool","White Wool"
8,10,16,35,0,"minecraft:white_wool","White Wool"
8,11,16,35,0,"minecraft:white_wool","White Wool"
9,11,16,35,0,"minecraft:white_wool","White Wool"
