0,1,2,5,0,"minecraft:oak_planks","Oak Wood Plank"
0,1,4,5,0,"minecraft:oak_planks","Oak Wood Plank"
1,1,2,139,0,"minecraft:cobblestone_wall","Cobblestone Wall"
1,1,3,5,0,"minecraft:oak_planks","Oak Wood Plank"
1,1,10,139,0,"minecraft:cobblestone_wall","Cobblestone Wall"
2,1,3,5,0,"minecraft:oak_planks","Oak Wood Plank"
2,1,4,109,0,"minecraft:stone_brick_stairs","Stone Brick Stairs (East)"
3,1,3,35,10,"minecraft:purple_wool","Purple Wool"
3,1,4,35,10,"minecraft:purple_wool","Purple Wool"
3,1,5,35,10,"minecraft:purple_wool","Purple Wool"
3,1,6,35,10,"minecraft:purple_wool","Purple Wool"
3,1,7,35,10,"minecraft:purple_wool","Purple Wool"
3,1,8,35,10,"minecraft:purple_wool","Purple Wool"
3,1,9,35,10,"minecraft:purple_wool","Purple Wool"
4,1,3,35,10,"minecraft:purple_wool","Purple Wool"
4,1,4,35,10,"minecraft:purple_wool","Purple Wool"
4,1,5,35,10,"minecraft:purple_wool","Purple Wool"
4,1,6,35,10,"minecraft:purple_wool","Purple Wool"
4,1,7,35,10,"minecraft:purple_wool","Purple Wool"
4,1,8,35,10,"minecraft:purple_wool","Purple Wool"
4,1,9,35,10,"minecraft:purple_wool","Purple Wool"
4,1,10,5,0,"minecraft:oak_planks","Oak Wood Plank"
5,1,3,35,10,"minecraft:purple_wool","Purple Wool"
5,1,4,35,10,"minecraft:purple_wool","Purple Wool"
5,1,5,35,10,"minecraft:purple_wool","Purple Wool"
5,1,6,35,10,"minecraft:purple_wool","Purple Wool"
5,1,7,35,10,"minecraft:purple_wool","Purple Wool"
5,1,8,35,10,"minecraft:purple_wool","Purple Wool"
5,1,9,35,10,"minecraft:purple_wool","Purple Wool"
5,1,11,5,0,"minecraft:oak_planks","Oak Wood Plank"
6,1,3,35,10,"minecraft:purple_wool","Purple Wool"
6,1,4,35,10,"minecraft:purple_wool","Purple Wool"
6,1,5,35,10,"minecraft:purple_wool","Purple Wool"
6,1,6,35,10,"minecraft:purple_wool","Purple Wool"
6,1,7,35,10,"minecraft:purple_wool","Purple Wool"
6,1,8,35,10,"minecraft:purple_wool","Purple Wool"
6,1,9,35,10,"minecraft:purple_wool","Purple Wool"
6,1,10,5,0,"minecraft:oak_planks","Oak Wood Plank"
7,1,3,35,10,"minecraft:purple_wool","Purple Wool"
7,1,4,35,10,"minecraft:purple_wool","Purple Wool"
7,1,5,35,10,"minecraft:purple_wool","Purple Wool"
7,1,6,35,10,"minecraft:purple_wool","Purple Wool"
7,1,7,35,10,"minecraft:purple_wool","Purple Wool"
7,1,8,35,10,"minecraft:purple_wool","Purple Wool"
7,1,9,35,10,"minecraft:purple_wool","Purple Wool"
7,1,11,5,0,"minecraft:oak_planks","Oak Wood Plank"
8,1,3,35,10,"minecraft:purple_wool","Purple Wool"
8,1,4,35,10,"minecraft:purple_wool","Purple Wool"
8,1,5,35,10,"minecraft:purple_wool","Purple Wool"
8,1,6,35,10,"minecraft:purple_wool","Purple Wool"
8,1,7,35,10,"minecraft:purple_wool","Purple Wool"
8,1,8,35,10,"minecraft:purple_wool","Purple Wool"
8,1,9,35,10,"minecraft:purple_wool","Purple Wool"
8,1,10,5,0,"minecraft:oak_planks","Oak Wood Plank"
8,1,11,5,0,"minecraft:oak_planks","Oak Wood Plank"
9,1,3,35,10,"minecraft:purple_wool","Purple Wool"
9,1,4,35,10,"minecraft:purple_wool","Purple Wool"
9,1,5,35,10,"minecraft:purple_wool","Purple Wool"
9,1,6,35,10,"minecraft:purple_wool","Purple Wool"
9,1,7,35,10,"minecraft:purple_wool","Purple Wool"
9,1,8,35,10,"minecraft:purple_wool","Purple Wool"
9,1,9,35,10,"minecraft:purple_wool","Purple Wool"
9,1,11,5,0,"minecraft:oak_planks","Oak Wood Plank"
9,1,12,5,0,"minecraft:oak_planks","Oak Wood Plank"
10,1,1,4,0,"minecraft:cobblestone","Cobblestone"
10,1,3,35,10,"minecraft:purple_wool","Purple Wool"
10,1,4,35,10,"minecraft:purple_wool","Purple Wool"
10,1,5,35,10,"minecraft:purple_wool","Purple Wool"
10,1,6,35,10,"minecraft:purple_wool","Purple Wool"
10,1,7,35,10,"minecraft:purple_wool","Purple Wool"
10,1,8,35,10,"minecraft:purple_wool","Purple Wool"
10,1,9,35,10,"minecraft:purple_wool","Purple Wool"
10,1,10,109,0,"minecraft:stone_brick_stairs","Stone Brick Stairs (North, Normal)"
11,1,0,4,0,"minecraft:cobblestone","Cobblestone"
11,1,1,4,0,"minecraft:cobblestone","Cobblestone"
11,1,2,4,0,"minecraft:cobblestone","Cobblestone"
11,1,3,35,10,"minecraft:purple_wool","Purple Wool"
11,1,4,35,10,"minecraft:purple_wool","Purple Wool"
11,1,5,35,10,"minecraft:purple_wool","Purple Wool"
11,1,6,35,10,"minecraft:purple_wool","Purple Wool"
11,1,7,35,10,"minecraft:purple_wool","Purple Wool"
11,1,8,35,10,"minecraft:purple_wool","Purple Wool"
11,1,9,35,10,"minecraft:purple_wool","Purple Wool"
11,1,10,109,0,"minecraft:stone_brick_stairs","Stone Brick Stairs (North, Normal)"
12,1,1,4,0,"minecraft:cobblestone","Cobblestone"
12,1,2,4,0,"minecraft:cobblestone","Cobblestone"
12,1,3,35,10,"minecraft:purple_wool","Purple Wool"
12,1,4,35,10,"minecraft:purple_wool","Purple Wool"
12,1,5,35,10,"minecraft:purple_wool","Purple Wool"
12,1,6,35,10,"minecraft:purple_wool","Purple Wool"
12,1,7,35,10,"minecraft:purple_wool","Purple Wool"
12,1,8,35,10,"minecraft:purple_wool","Purple Wool"
12,1,9,35,10,"minecraft:purple_wool","Purple Wool"
12,1,10,109,0,"minecraft:stone_brick_stairs","Stone Brick Stairs (North, Normal)"
13,1,0,4,0,"minecraft:cobblestone","Cobblestone"
13,1,1,4,0,"minecraft:cobblestone","Cobblestone"
13,1,2,4,0,"minecraft:cobblestone","Cobblestone"
13,1,3,35,10,"minecraft:purple_wool","Purple Wool"
13,1,4,35,10,"minecraft:purple_wool","Purple Wool"
13,1,5,35,10,"minecraft:purple_wool","Purple Wool"
13,1,6,35,10,"minecraft:purple_wool","Purple Wool"
13,1,7,35,10,"minecraft:purple_wool","Purple Wool"
13,1,8,35,10,"minecraft:purple_wool","Purple Wool"
13,1,9,35,10,"minecraft:purple_wool","Purple Wool"
13,1,10,109,0,"minecraft:stone_brick_stairs","Stone Brick Stairs (North, Normal)"
14,1,1,4,0,"minecraft:cobblestone","Cobblestone"
14,1,3,35,10,"minecraft:purple_wool","Purple Wool"
14,1,4,35,10,"minecraft:purple_wool","Purple Wool"
14,1,5,35,10,"minecraft:purple_wool","Purple Wool"
14,1,6,35,10,"minecraft:purple_wool","Purple Wool"
14,1,7,35,10,"minecraft:purple_wool","Purple Wool"
14,1,8,35,10,"minecraft:purple_wool","Purple Wool"
14,1,9,35,10,"minecraft:purple_wool","Purple Wool"
14,1,10,109,0,"minecraft:stone_brick_stairs","Stone Brick Stairs (North, Normal)"
15,1,3,35,10,"minecraft:purple_wool","Purple Wool"
15,1,4,35,10,"minecraft:purple_wool","Purple Wool"
15,1,5,35,10,"minecraft:purple_wool","Purple Wool"
15,1,6,35,10,"minecraft:purple_wool","Purple Wool"
15,1,7,35,10,"minecraft:purple_wool","Purple Wool"
15,1,8,35,10,"minecraft:purple_wool","Purple Wool"
15,1,9,35,10,"minecraft:purple_wool","Purple Wool"
17,1,2,139,0,"minecraft:cobblestone_wall","Cobblestone Wall"
17,1,10,139,0,"minecraft:cobblestone_wall","Cobblestone Wall"
1,2,2,188,0,"minecraft:spruce_fence","Spruce Fence"
1,2,10,188,0,"minecraft:spruce_fence","Spruce Fence"
2,2,3,5,0,"minecraft:oak_planks","Oak Wood Plank"
3,2,3,121,0,"minecraft:end_stone","End Stone"
3,2,4,64,0,"minecraft:oak_door","Oak Door (Facing East, Closed, Lower)"
3,2,5,121,0,"minecraft:end_stone","End Stone"
3,2,6,121,0,"minecraft:end_stone","End Stone"
3,2,7,121,0,"minecraft:end_stone","End Stone"
4,2,3,121,0,"minecraft:end_stone","End Stone"
4,2,7,121,0,"minecraft:end_stone","End Stone"
4,2,8,5,0,"minecraft:oak_planks","Oak Wood Plank"
4,2,9,5,0,"minecraft:oak_planks","Oak Wood Plank"
5,2,3,121,0,"minecraft:end_stone","End Stone"
5,2,4,134,0,"minecraft:spruce_stairs","Spruce Wood Stairs (East, Normal)"
5,2,7,121,0,"minecraft:end_stone","End Stone"
5,2,9,5,0,"minecraft:oak_planks","Oak Wood Plank"
6,2,3,121,0,"minecraft:end_stone","End Stone"
6,2,7,121,0,"minecraft:end_stone","End Stone"
6,2,10,5,0,"minecraft:oak_planks","Oak Wood Plank"
6,2,11,5,0,"minecraft:oak_planks","Oak Wood Plank"
7,2,3,121,0,"minecraft:end_stone","End Stone"
7,2,7,121,0,"minecraft:end_stone","End Stone"
7,2,9,5,0,"minecraft:oak_planks","Oak Wood Plank"
8,2,3,121,0,"minecraft:end_stone","End Stone"
8,2,7,121,0,"minecraft:end_stone","End Stone"
8,2,12,5,0,"minecraft:oak_planks","Oak Wood Plank"
9,2,3,121,0,"minecraft:end_stone","End Stone"
9,2,4,121,0,"minecraft:end_stone","End Stone"
9,2,5,121,0,"minecraft:end_stone","End Stone"
9,2,6,121,0,"minecraft:end_stone","End Stone"
9,2,7,121,0,"minecraft:end_stone","End Stone"
9,2,8,118,0,"minecraft:cauldron","Cauldron (Empty)"
9,2,11,5,0,"minecraft:oak_planks","Oak Wood Plank"
10,2,1,67,0,"minecraft:cobblestone_stairs","Cobblestone Stairs (East, Normal)"
10,2,3,121,0,"minecraft:end_stone","End Stone"
10,2,4,58,0,"minecraft:crafting_table","Crafting Table"
10,2,5,58,0,"minecraft:crafting_table","Crafting Table"
10,2,6,58,0,"minecraft:crafting_table","Crafting Table"
10,2,7,58,0,"minecraft:crafting_table","Crafting Table"
11,2,0,67,0,"minecraft:cobblestone_stairs","Cobblestone Stairs (South, Normal)"
11,2,1,4,0,"minecraft:cobblestone","Cobblestone"
11,2,2,4,0,"minecraft:cobblestone","Cobblestone"
11,2,3,121,0,"minecraft:end_stone","End Stone"
11,2,4,47,0,"minecraft:bookshelf","Bookshelf"
11,2,5,171,2,"minecraft:magenta_carpet","Magenta Carpet"
11,2,6,171,2,"minecraft:magenta_carpet","Magenta Carpet"
11,2,7,171,2,"minecraft:magenta_carpet","Magenta Carpet"
11,2,8,171,2,"minecraft:magenta_carpet","Magenta Carpet"
12,2,1,4,0,"minecraft:cobblestone","Cobblestone"
12,2,2,4,0,"minecraft:cobblestone","Cobblestone"
12,2,3,121,0,"minecraft:end_stone","End Stone"
12,2,4,47,0,"minecraft:bookshelf","Bookshelf"
12,2,5,171,2,"minecraft:magenta_carpet","Magenta Carpet"
12,2,6,171,2,"minecraft:magenta_carpet","Magenta Carpet"
12,2,7,171,2,"minecraft:magenta_carpet","Magenta Carpet"
12,2,8,171,2,"minecraft:magenta_carpet","Magenta Carpet"
13,2,0,67,0,"minecraft:cobblestone_stairs","Cobblestone Stairs (South, Normal)"
13,2,1,4,0,"minecraft:cobblestone","Cobblestone"
13,2,2,4,0,"minecraft:cobblestone","Cobblestone"
13,2,3,121,0,"minecraft:end_stone","End Stone"
13,2,4,47,0,"minecraft:bookshelf","Bookshelf"
13,2,5,171,2,"minecraft:magenta_carpet","Magenta Carpet"
13,2,6,171,2,"minecraft:magenta_carpet","Magenta Carpet"
13,2,7,171,2,"minecraft:magenta_carpet","Magenta Carpet"
13,2,8,171,2,"minecraft:magenta_carpet","Magenta Carpet"
14,2,1,67,0,"minecraft:cobblestone_stairs","Cobblestone Stairs (West, Normal)"
14,2,3,121,0,"minecraft:end_stone","End Stone"
14,2,4,58,0,"minecraft:crafting_table","Crafting Table"
14,2,5,58,0,"minecraft:crafting_table","Crafting Table"
14,2,6,58,0,"minecraft:crafting_table","Crafting Table"
14,2,7,58,0,"minecraft:crafting_table","Crafting Table"
15,2,3,121,0,"minecraft:end_stone","End Stone"
15,2,4,121,0,"minecraft:end_stone","End Stone"
15,2,5,121,0,"minecraft:end_stone","End Stone"
15,2,6,121,0,"minecraft:end_stone","End Stone"
15,2,7,121,0,"minecraft:end_stone","End Stone"
17,2,2,188,0,"minecraft:spruce_fence","Spruce Fence"
17,2,10,188,0,"minecraft:spruce_fence","Spruce Fence"
1,3,2,188,0,"minecraft:spruce_fence","Spruce Fence"
1,3,10,188,0,"minecraft:spruce_fence","Spruce Fence"
3,3,3,121,0,"minecraft:end_stone","End Stone"
3,3,4,64,0,"minecraft:oak_door","Oak Door (Hinge Left, Unpowered, Upper"
3,3,5,121,0,"minecraft:end_stone","End Stone"
3,3,6,121,0,"minecraft:end_stone","End Stone"
3,3,7,121,0,"minecraft:end_stone","End Stone"
4,3,3,121,0,"minecraft:end_stone","End Stone"
4,3,7,121,0,"minecraft:end_stone","End Stone"
5,3,3,121,0,"minecraft:end_stone","End Stone"
5,3,7,121,0,"minecraft:end_stone","End Stone"
6,3,3,121,0,"minecraft:end_stone","End Stone"
6,3,4,134,0,"minecraft:spruce_stairs","Spruce Wood Stairs (East, Normal)"
6,3,7,160,13,"minecraft:green_stained_glass_pane","Green Stained Glass Pane"
7,3,3,121,0,"minecraft:end_stone","End Stone"
7,3,7,160,13,"minecraft:green_stained_glass_pane","Green Stained Glass Pane"
8,3,3,121,0,"minecraft:end_stone","End Stone"
8,3,7,121,0,"minecraft:end_stone","End Stone"
9,3,3,121,0,"minecraft:end_stone","End Stone"
9,3,4,121,0,"minecraft:end_stone","End Stone"
9,3,5,121,0,"minecraft:end_stone","End Stone"
9,3,6,121,0,"minecraft:end_stone","End Stone"
9,3,7,121,0,"minecraft:end_stone","End Stone"
10,3,3,121,0,"minecraft:end_stone","End Stone"
10,3,4,50,0,"minecraft:torch","Torch (Facing Up)"
10,3,7,117,0,"minecraft:brewing_stand","Brewing Stand (Slot 1 Unactive, Slot 2 Unactive, Slot 3 Unac"
11,3,1,4,0,"minecraft:cobblestone","Cobblestone"
11,3,2,4,0,"minecraft:cobblestone","Cobblestone"
11,3,3,133,0,"minecraft:emerald_block","Emerald Block"
11,3,4,148,0,"minecraft:heavy_weighted_pressure_plate","Weighted Pressure Plate (light)"
12,3,1,4,0,"minecraft:cobblestone","Cobblestone"
12,3,2,4,0,"minecraft:cobblestone","Cobblestone"
12,3,3,133,0,"minecraft:emerald_block","Emerald Block"
12,3,4,148,0,"minecraft:heavy_weighted_pressure_plate","Weighted Pressure Plate (light)"
13,3,1,4,0,"minecraft:cobblestone","Cobblestone"
13,3,2,4,0,"minecraft:cobblestone","Cobblestone"
13,3,3,133,0,"minecraft:emerald_block","Emerald Block"
13,3,4,50,0,"minecraft:torch","Torch (Facing Up)"
14,3,3,121,0,"minecraft:end_stone","End Stone"
14,3,6,70,0,"minecraft:stone_pressure_plate","Stone Pressure Plate (Unactive)"
14,3,7,70,0,"minecraft:stone_pressure_plate","Stone Pressure Plate (Unactive)"
15,3,3,121,0,"minecraft:end_stone","End Stone"
15,3,4,121,0,"minecraft:end_stone","End Stone"
15,3,5,121,0,"minecraft:end_stone","End Stone"
15,3,6,121,0,"minecraft:end_stone","End Stone"
15,3,7,121,0,"minecraft:end_stone","End Stone"
17,3,2,188,0,"minecraft:spruce_fence","Spruce Fence"
17,3,10,188,0,"minecraft:spruce_fence","Spruce Fence"
1,4,2,188,0,"minecraft:spruce_fence","Spruce Fence"
1,4,10,188,0,"minecraft:spruce_fence","Spruce Fence"
3,4,3,121,0,"minecraft:end_stone","End Stone"
3,4,4,121,0,"minecraft:end_stone","End Stone"
3,4,5,121,0,"minecraft:end_stone","End Stone"
3,4,6,121,0,"minecraft:end_stone","End Stone"
3,4,7,121,0,"minecraft:end_stone","End Stone"
3,4,8,30,0,"minecraft:cobweb","Cobweb"
4,4,3,121,0,"minecraft:end_stone","End Stone"
4,4,7,121,0,"minecraft:end_stone","End Stone"
5,4,3,121,0,"minecraft:end_stone","End Stone"
5,4,7,121,0,"minecraft:end_stone","End Stone"
5,4,8,30,0,"minecraft:cobweb","Cobweb"
6,4,3,121,0,"minecraft:end_stone","End Stone"
6,4,7,160,13,"minecraft:green_stained_glass_pane","Green Stained Glass Pane"
7,4,3,121,0,"minecraft:end_stone","End Stone"
7,4,4,134,0,"minecraft:spruce_stairs","Spruce Wood Stairs (East, Normal)"
7,4,7,160,13,"minecraft:green_stained_glass_pane","Green Stained Glass Pane"
8,4,3,121,0,"minecraft:end_stone","End Stone"
8,4,7,121,0,"minecraft:end_stone","End Stone"
8,4,8,30,0,"minecraft:cobweb","Cobweb"
9,4,3,121,0,"minecraft:end_stone","End Stone"
9,4,4,121,0,"minecraft:end_stone","End Stone"
9,4,5,121,0,"minecraft:end_stone","End Stone"
9,4,6,121,0,"minecraft:end_stone","End Stone"
9,4,7,121,0,"minecraft:end_stone","End Stone"
9,4,8,30,0,"minecraft:cobweb","Cobweb"
10,4,3,121,0,"minecraft:end_stone","End Stone"
11,4,1,4,0,"minecraft:cobblestone","Cobblestone"
11,4,2,4,0,"minecraft:cobblestone","Cobblestone"
11,4,3,133,0,"minecraft:emerald_block","Emerald Block"
12,4,1,4,0,"minecraft:cobblestone","Cobblestone"
12,4,2,4,0,"minecraft:cobblestone","Cobblestone"
12,4,3,133,0,"minecraft:emerald_block","Emerald Block"
13,4,1,4,0,"minecraft:cobblestone","Cobblestone"
13,4,2,4,0,"minecraft:cobblestone","Cobblestone"
13,4,3,133,0,"minecraft:emerald_block","Emerald Block"
14,4,3,121,0,"minecraft:end_stone","End Stone"
15,4,3,121,0,"minecraft:end_stone","End Stone"
15,4,4,121,0,"minecraft:end_stone","End Stone"
15,4,5,121,0,"minecraft:end_stone","End Stone"
15,4,6,121,0,"minecraft:end_stone","End Stone"
15,4,7,121,0,"minecraft:end_stone","End Stone"
17,4,2,188,0,"minecraft:spruce_fence","Spruce Fence"
17,4,10,188,0,"minecraft:spruce_fence","Spruce Fence"
1,5,2,134,0,"minecraft:spruce_stairs","Spruce Wood Stairs (South, Normal)"
1,5,3,134,0,"minecraft:spruce_stairs","Spruce Wood Stairs (North, Upside-down)"
1,5,9,134,0,"minecraft:spruce_stairs","Spruce Wood Stairs (South, Upside-down)"
1,5,10,134,0,"minecraft:spruce_stairs","Spruce Wood Stairs (North, Normal)"
2,5,2,134,0,"minecraft:spruce_stairs","Spruce Wood Stairs (South, Normal)"
2,5,9,134,0,"minecraft:spruce_stairs","Spruce Wood Stairs (South, Upside-down)"
2,5,10,134,0,"minecraft:spruce_stairs","Spruce Wood Stairs (North, Normal)"
3,5,2,134,0,"minecraft:spruce_stairs","Spruce Wood Stairs (South, Normal)"
3,5,3,121,0,"minecraft:end_stone","End Stone"
3,5,4,121,0,"minecraft:end_stone","End Stone"
3,5,5,121,0,"minecraft:end_stone","End Stone"
3,5,6,121,0,"minecraft:end_stone","End Stone"
3,5,7,121,0,"minecraft:end_stone","End Stone"
3,5,9,134,0,"minecraft:spruce_stairs","Spruce Wood Stairs (South, Upside-down)"
3,5,10,134,0,"minecraft:spruce_stairs","Spruce Wood Stairs (North, Normal)"
4,5,2,134,0,"minecraft:spruce_stairs","Spruce Wood Stairs (South, Normal)"
4,5,3,121,0,"minecraft:end_stone","End Stone"
4,5,7,121,0,"minecraft:end_stone","End Stone"
4,5,8,17,0,"minecraft:oak_wood","Oak Wood (facing north/south)"
4,5,9,17,0,"minecraft:oak_wood","Oak Wood (facing north/south)"
4,5,10,134,0,"minecraft:spruce_stairs","Spruce Wood Stairs (North, Normal)"
5,5,2,134,0,"minecraft:spruce_stairs","Spruce Wood Stairs (South, Normal)"
5,5,3,121,0,"minecraft:end_stone","End Stone"
5,5,7,121,0,"minecraft:end_stone","End Stone"
5,5,9,134,0,"minecraft:spruce_stairs","Spruce Wood Stairs (South, Upside-down)"
5,5,10,134,0,"minecraft:spruce_stairs","Spruce Wood Stairs (North, Normal)"
6,5,2,134,0,"minecraft:spruce_stairs","Spruce Wood Stairs (South, Normal)"
6,5,3,121,0,"minecraft:end_stone","End Stone"
6,5,7,121,0,"minecraft:end_stone","End Stone"
6,5,8,17,0,"minecraft:oak_wood","Oak Wood (facing north/south)"
6,5,9,17,0,"minecraft:oak_wood","Oak Wood (facing north/south)"
6,5,10,134,0,"minecraft:spruce_stairs","Spruce Wood Stairs (North, Normal)"
7,5,2,134,0,"minecraft:spruce_stairs","Spruce Wood Stairs (South, Normal)"
7,5,3,121,0,"minecraft:end_stone","End Stone"
7,5,7,121,0,"minecraft:end_stone","End Stone"
7,5,8,30,0,"minecraft:cobweb","Cobweb"
7,5,9,134,0,"minecraft:spruce_stairs","Spruce Wood Stairs (South, Upside-down)"
7,5,10,134,0,"minecraft:spruce_stairs","Spruce Wood Stairs (North, Normal)"
8,5,2,134,0,"minecraft:spruce_stairs","Spruce Wood Stairs (South, Normal)"
8,5,3,121,0,"minecraft:end_stone","End Stone"
8,5,4,134,0,"minecraft:spruce_stairs","Spruce Wood Stairs (East, Normal)"
8,5,7,121,0,"minecraft:end_stone","End Stone"
8,5,8,17,0,"minecraft:oak_wood","Oak Wood (facing north/south)"
8,5,9,17,0,"minecraft:oak_wood","Oak Wood (facing north/south)"
8,5,10,134,0,"minecraft:spruce_stairs","Spruce Wood Stairs (North, Normal)"
9,5,2,134,0,"minecraft:spruce_stairs","Spruce Wood Stairs (South, Normal)"
9,5,3,121,0,"minecraft:end_stone","End Stone"
9,5,4,121,0,"minecraft:end_stone","End Stone"
9,5,5,121,0,"minecraft:end_stone","End Stone"
9,5,6,121,0,"minecraft:end_stone","End Stone"
9,5,7,121,0,"minecraft:end_stone","End Stone"
9,5,8,30,0,"minecraft:cobweb","Cobweb"
9,5,9,134,0,"minecraft:spruce_stairs","Spruce Wood Stairs (South, Upside-down)"
9,5,10,134,0,"minecraft:spruce_stairs","Spruce Wood Stairs (North, Normal)"
10,5,2,134,0,"minecraft:spruce_stairs","Spruce Wood Stairs (South, Normal)"
10,5,3,121,0,"minecraft:end_stone","End Stone"
10,5,4,17,0,"minecraft:oak_wood","Oak Wood (facing north/south)"
10,5,5,17,0,"minecraft:oak_wood","Oak Wood (facing north/south)"
10,5,6,17,0,"minecraft:oak_wood","Oak Wood (facing north/south)"
10,5,7,17,0,"minecraft:oak_wood","Oak Wood (facing north/south)"
10,5,8,17,0,"minecraft:oak_wood","Oak Wood (facing north/south)"
10,5,9,17,0,"minecraft:oak_wood","Oak Wood (facing north/south)"
10,5,10,134,0,"minecraft:spruce_stairs","Spruce Wood Stairs (North, Normal)"
11,5,1,4,0,"minecraft:cobblestone","Cobblestone"
11,5,2,4,0,"minecraft:cobblestone","Cobblestone"
11,5,3,121,0,"minecraft:end_stone","End Stone"
11,5,4,126,1,"minecraft:spruce_slab"," Spruce Wood Slab (Upper)"
11,5,5,126,1,"minecraft:spruce_slab"," Spruce Wood Slab (Upper)"
11,5,6,126,1,"minecraft:spruce_slab"," Spruce Wood Slab (Upper)"
11,5,7,126,1,"minecraft:spruce_slab"," Spruce Wood Slab (Upper)"
11,5,8,126,1,"minecraft:spruce_slab"," Spruce Wood Slab (Upper)"
11,5,9,134,0,"minecraft:spruce_stairs","Spruce Wood Stairs (South, Upside-down)"
11,5,10,134,0,"minecraft:spruce_stairs","Spruce Wood Stairs (North, Normal)"
12,5,1,4,0,"minecraft:cobblestone","Cobblestone"
12,5,2,4,0,"minecraft:cobblestone","Cobblestone"
12,5,3,121,0,"minecraft:end_stone","End Stone"
12,5,4,17,0,"minecraft:oak_wood","Oak Wood (facing north/south)"
12,5,5,17,0,"minecraft:oak_wood","Oak Wood (facing north/south)"
12,5,6,17,0,"minecraft:oak_wood","Oak Wood (facing north/south)"
12,5,7,17,0,"minecraft:oak_wood","Oak Wood (facing north/south)"
12,5,8,17,0,"minecraft:oak_wood","Oak Wood (facing north/south)"
12,5,9,17,0,"minecraft:oak_wood","Oak Wood (facing north/south)"
12,5,10,134,0,"minecraft:spruce_stairs","Spruce Wood Stairs (North, Normal)"
13,5,1,4,0,"minecraft:cobblestone","Cobblestone"
13,5,2,4,0,"minecraft:cobblestone","Cobblestone"
13,5,3,121,0,"minecraft:end_stone","End Stone"
13,5,4,126,1,"minecraft:spruce_slab"," Spruce Wood Slab (Upper)"
13,5,5,126,1,"minecraft:spruce_slab"," Spruce Wood Slab (Upper)"
13,5,6,126,1,"minecraft:spruce_slab"," Spruce Wood Slab (Upper)"
13,5,7,126,1,"minecraft:spruce_slab"," Spruce Wood Slab (Upper)"
13,5,8,126,1,"minecraft:spruce_slab"," Spruce Wood Slab (Upper)"
13,5,9,134,0,"minecraft:spruce_stairs","Spruce Wood Stairs (South, Upside-down)"
13,5,10,134,0,"minecraft:spruce_stairs","Spruce Wood Stairs (North, Normal)"
14,5,2,134,0,"minecraft:spruce_stairs","Spruce Wood Stairs (South, Normal)"
14,5,3,121,0,"minecraft:end_stone","End Stone"
14,5,4,17,0,"minecraft:oak_wood","Oak Wood (facing north/south)"
14,5,5,17,0,"minecraft:oak_wood","Oak Wood (facing north/south)"
14,5,6,17,0,"minecraft:oak_wood","Oak Wood (facing north/south)"
14,5,7,17,0,"minecraft:oak_wood","Oak Wood (facing north/south)"
14,5,8,17,0,"minecraft:oak_wood","Oak Wood (facing north/south)"
14,5,9,17,0,"minecraft:oak_wood","Oak Wood (facing north/south)"
14,5,10,134,0,"minecraft:spruce_stairs","Spruce Wood Stairs (North, Normal)"
15,5,2,134,0,"minecraft:spruce_stairs","Spruce Wood Stairs (South, Normal)"
15,5,3,121,0,"minecraft:end_stone","End Stone"
15,5,4,121,0,"minecraft:end_stone","End Stone"
15,5,5,121,0,"minecraft:end_stone","End Stone"
15,5,6,121,0,"minecraft:end_stone","End Stone"
15,5,7,121,0,"minecraft:end_stone","End Stone"
15,5,9,134,0,"minecraft:spruce_stairs","Spruce Wood Stairs (South, Upside-down)"
15,5,10,134,0,"minecraft:spruce_stairs","Spruce Wood Stairs (North, Normal)"
16,5,2,134,0,"minecraft:spruce_stairs","Spruce Wood Stairs (South, Normal)"
16,5,3,134,0,"minecraft:spruce_stairs","Spruce Wood Stairs (North, Upside-down)"
16,5,9,134,0,"minecraft:spruce_stairs","Spruce Wood Stairs (South, Upside-down)"
16,5,10,134,0,"minecraft:spruce_stairs","Spruce Wood Stairs (North, Normal)"
17,5,2,134,0,"minecraft:spruce_stairs","Spruce Wood Stairs (South, Normal)"
17,5,3,134,0,"minecraft:spruce_stairs","Spruce Wood Stairs (North, Upside-down)"
17,5,9,134,0,"minecraft:spruce_stairs","Spruce Wood Stairs (South, Upside-down)"
17,5,10,134,0,"minecraft:spruce_stairs","Spruce Wood Stairs (North, Normal)"
1,6,3,134,0,"minecraft:spruce_stairs","Spruce Wood Stairs (South, Normal)"
1,6,4,134,0,"minecraft:spruce_stairs","Spruce Wood Stairs (North, Upside-down)"
1,6,8,134,0,"minecraft:spruce_stairs","Spruce Wood Stairs (South, Upside-down)"
1,6,9,134,0,"minecraft:spruce_stairs","Spruce Wood Stairs (North, Normal)"
2,6,3,159,12,"minecraft:brown_terracotta","Brown Stained Clay"
2,6,4,134,0,"minecraft:spruce_stairs","Spruce Wood Stairs (North, Upside-down)"
2,6,8,134,0,"minecraft:spruce_stairs","Spruce Wood Stairs (South, Upside-down)"
2,6,9,159,12,"minecraft:brown_terracotta","Brown Stained Clay"
3,6,3,159,12,"minecraft:brown_terracotta","Brown Stained Clay"
3,6,4,121,0,"minecraft:end_stone","End Stone"
3,6,5,121,0,"minecraft:end_stone","End Stone"
3,6,6,121,0,"minecraft:end_stone","End Stone"
3,6,7,121,0,"minecraft:end_stone","End Stone"
3,6,8,134,0,"minecraft:spruce_stairs","Spruce Wood Stairs (South, Normal)"
3,6,9,159,12,"minecraft:brown_terracotta","Brown Stained Clay"
4,6,3,159,12,"minecraft:brown_terracotta","Brown Stained Clay"
4,6,7,121,0,"minecraft:end_stone","End Stone"
4,6,9,159,12,"minecraft:brown_terracotta","Brown Stained Clay"
5,6,3,121,0,"minecraft:end_stone","End Stone"
5,6,4,121,0,"minecraft:end_stone","End Stone"
5,6,5,121,0,"minecraft:end_stone","End Stone"
5,6,6,121,0,"minecraft:end_stone","End Stone"
5,6,7,121,0,"minecraft:end_stone","End Stone"
5,6,8,134,0,"minecraft:spruce_stairs","Spruce Wood Stairs (South, Upside-down)"
5,6,9,159,12,"minecraft:brown_terracotta","Brown Stained Clay"
6,6,3,121,0,"minecraft:end_stone","End Stone"
6,6,7,121,0,"minecraft:end_stone","End Stone"
6,6,9,159,12,"minecraft:brown_terracotta","Brown Stained Clay"
7,6,3,121,0,"minecraft:end_stone","End Stone"
7,6,7,121,0,"minecraft:end_stone","End Stone"
7,6,8,134,0,"minecraft:spruce_stairs","Spruce Wood Stairs (South, Upside-down)"
7,6,9,159,12,"minecraft:brown_terracotta","Brown Stained Clay"
8,6,3,121,0,"minecraft:end_stone","End Stone"
8,6,5,134,0,"minecraft:spruce_stairs","Spruce Wood Stairs (South, Normal)"
8,6,7,121,0,"minecraft:end_stone","End Stone"
8,6,9,159,12,"minecraft:brown_terracotta","Brown Stained Clay"
9,6,3,121,0,"minecraft:end_stone","End Stone"
9,6,4,121,0,"minecraft:end_stone","End Stone"
9,6,5,121,0,"minecraft:end_stone","End Stone"
9,6,6,121,0,"minecraft:end_stone","End Stone"
9,6,7,121,0,"minecraft:end_stone","End Stone"
9,6,8,134,0,"minecraft:spruce_stairs","Spruce Wood Stairs (South, Upside-down)"
9,6,9,159,12,"minecraft:brown_terracotta","Brown Stained Clay"
10,6,3,121,0,"minecraft:end_stone","End Stone"
10,6,8,134,0,"minecraft:spruce_stairs","Spruce Wood Stairs (South, Upside-down)"
10,6,9,159,12,"minecraft:brown_terracotta","Brown Stained Clay"
11,6,1,4,0,"minecraft:cobblestone","Cobblestone"
11,6,2,4,0,"minecraft:cobblestone","Cobblestone"
11,6,3,121,0,"minecraft:end_stone","End Stone"
11,6,8,134,0,"minecraft:spruce_stairs","Spruce Wood Stairs (South, Upside-down)"
11,6,9,159,12,"minecraft:brown_terracotta","Brown Stained Clay"
12,6,1,4,0,"minecraft:cobblestone","Cobblestone"
12,6,2,4,0,"minecraft:cobblestone","Cobblestone"
12,6,3,121,0,"minecraft:end_stone","End Stone"
12,6,8,134,0,"minecraft:spruce_stairs","Spruce Wood Stairs (South, Upside-down)"
12,6,9,159,12,"minecraft:brown_terracotta","Brown Stained Clay"
13,6,1,4,0,"minecraft:cobblestone","Cobblestone"
13,6,2,4,0,"minecraft:cobblestone","Cobblestone"
13,6,3,121,0,"minecraft:end_stone","End Stone"
13,6,8,134,0,"minecraft:spruce_stairs","Spruce Wood Stairs (South, Upside-down)"
13,6,9,159,12,"minecraft:brown_terracotta","Brown Stained Clay"
14,6,3,121,0,"minecraft:end_stone","End Stone"
14,6,8,134,0,"minecraft:spruce_stairs","Spruce Wood Stairs (South, Upside-down)"
14,6,9,159,12,"minecraft:brown_terracotta","Brown Stained Clay"
15,6,3,121,0,"minecraft:end_stone","End Stone"
15,6,4,121,0,"minecraft:end_stone","End Stone"
15,6,5,121,0,"minecraft:end_stone","End Stone"
15,6,6,121,0,"minecraft:end_stone","End Stone"
15,6,7,121,0,"minecraft:end_stone","End Stone"
15,6,8,134,0,"minecraft:spruce_stairs","Spruce Wood Stairs (South, Upside-down)"
15,6,9,159,12,"minecraft:brown_terracotta","Brown Stained Clay"
16,6,3,159,12,"minecraft:brown_terracotta","Brown Stained Clay"
16,6,4,134,0,"minecraft:spruce_stairs","Spruce Wood Stairs (North, Upside-down)"
16,6,8,134,0,"minecraft:spruce_stairs","Spruce Wood Stairs (South, Upside-down)"
16,6,9,159,12,"minecraft:brown_terracotta","Brown Stained Clay"
17,6,3,134,0,"minecraft:spruce_stairs","Spruce Wood Stairs (South, Normal)"
17,6,4,134,0,"minecraft:spruce_stairs","Spruce Wood Stairs (North, Upside-down)"
17,6,8,134,0,"minecraft:spruce_stairs","Spruce Wood Stairs (South, Upside-down)"
17,6,9,134,0,"minecraft:spruce_stairs","Spruce Wood Stairs (North, Normal)"
1,7,4,134,0,"minecraft:spruce_stairs","Spruce Wood Stairs (South, Normal)"
1,7,5,134,0,"minecraft:spruce_stairs","Spruce Wood Stairs (North, Upside-down)"
1,7,7,134,0,"minecraft:spruce_stairs","Spruce Wood Stairs (South, Upside-down)"
1,7,8,134,0,"minecraft:spruce_stairs","Spruce Wood Stairs (North, Normal)"
2,7,4,159,12,"minecraft:brown_terracotta","Brown Stained Clay"
2,7,5,134,0,"minecraft:spruce_stairs","Spruce Wood Stairs (North, Upside-down)"
2,7,7,134,0,"minecraft:spruce_stairs","Spruce Wood Stairs (South, Upside-down)"
2,7,8,159,12,"minecraft:brown_terracotta","Brown Stained Clay"
3,7,4,159,12,"minecraft:brown_terracotta","Brown Stained Clay"
3,7,5,121,0,"minecraft:end_stone","End Stone"
3,7,6,121,0,"minecraft:end_stone","End Stone"
3,7,7,121,0,"minecraft:end_stone","End Stone"
3,7,8,159,12,"minecraft:brown_terracotta","Brown Stained Clay"
4,7,4,159,12,"minecraft:brown_terracotta","Brown Stained Clay"
4,7,7,121,0,"minecraft:end_stone","End Stone"
4,7,8,159,12,"minecraft:brown_terracotta","Brown Stained Clay"
5,7,3,121,0,"minecraft:end_stone","End Stone"
5,7,4,121,0,"minecraft:end_stone","End Stone"
5,7,5,121,0,"minecraft:end_stone","End Stone"
5,7,6,121,0,"minecraft:end_stone","End Stone"
5,7,7,121,0,"minecraft:end_stone","End Stone"
5,7,8,159,12,"minecraft:brown_terracotta","Brown Stained Clay"
5,7,9,126,1,"minecraft:spruce_slab"," Spruce Wood Slab (Upper)"
6,7,3,121,0,"minecraft:end_stone","End Stone"
6,7,7,121,0,"minecraft:end_stone","End Stone"
6,7,8,159,12,"minecraft:brown_terracotta","Brown Stained Clay"
6,7,9,126,1,"minecraft:spruce_slab"," Spruce Wood Slab (Upper)"
7,7,3,121,0,"minecraft:end_stone","End Stone"
7,7,7,121,0,"minecraft:end_stone","End Stone"
7,7,8,159,12,"minecraft:brown_terracotta","Brown Stained Clay"
7,7,9,126,1,"minecraft:spruce_slab"," Spruce Wood Slab (Upper)"
7,7,11,130,0,"minecraft:ender_chest","Ender Chest (Facing South)"
8,7,3,121,0,"minecraft:end_stone","End Stone"
8,7,6,134,0,"minecraft:spruce_stairs","Spruce Wood Stairs (South, Normal)"
8,7,7,121,0,"minecraft:end_stone","End Stone"
8,7,8,159,12,"minecraft:brown_terracotta","Brown Stained Clay"
8,7,9,126,1,"minecraft:spruce_slab"," Spruce Wood Slab (Upper)"
9,7,3,121,0,"minecraft:end_stone","End Stone"
9,7,4,121,0,"minecraft:end_stone","End Stone"
9,7,5,121,0,"minecraft:end_stone","End Stone"
9,7,6,121,0,"minecraft:end_stone","End Stone"
9,7,7,121,0,"minecraft:end_stone","End Stone"
9,7,8,159,12,"minecraft:brown_terracotta","Brown Stained Clay"
9,7,9,126,1,"minecraft:spruce_slab"," Spruce Wood Slab (Upper)"
10,7,3,121,0,"minecraft:end_stone","End Stone"
10,7,4,126,1,"minecraft:spruce_slab"," Spruce Wood Slab (Upper)"
10,7,5,126,1,"minecraft:spruce_slab"," Spruce Wood Slab (Upper)"
10,7,6,126,1,"minecraft:spruce_slab"," Spruce Wood Slab (Upper)"
10,7,7,126,1,"minecraft:spruce_slab"," Spruce Wood Slab (Upper)"
10,7,8,159,12,"minecraft:brown_terracotta","Brown Stained Clay"
10,7,9,126,1,"minecraft:spruce_slab"," Spruce Wood Slab (Upper)"
11,7,1,4,0,"minecraft:cobblestone","Cobblestone"
11,7,2,4,0,"minecraft:cobblestone","Cobblestone"
11,7,3,121,0,"minecraft:end_stone","End Stone"
11,7,4,126,1,"minecraft:spruce_slab"," Spruce Wood Slab (Upper)"
11,7,5,126,1,"minecraft:spruce_slab"," Spruce Wood Slab (Upper)"
11,7,6,126,1,"minecraft:spruce_slab"," Spruce Wood Slab (Upper)"
11,7,7,126,1,"minecraft:spruce_slab"," Spruce Wood Slab (Upper)"
11,7,8,159,12,"minecraft:brown_terracotta","Brown Stained Clay"
11,7,9,126,1,"minecraft:spruce_slab"," Spruce Wood Slab (Upper)"
12,7,1,4,0,"minecraft:cobblestone","Cobblestone"
12,7,2,4,0,"minecraft:cobblestone","Cobblestone"
12,7,3,121,0,"minecraft:end_stone","End Stone"
12,7,4,126,1,"minecraft:spruce_slab"," Spruce Wood Slab (Upper)"
12,7,5,126,1,"minecraft:spruce_slab"," Spruce Wood Slab (Upper)"
12,7,6,126,1,"minecraft:spruce_slab"," Spruce Wood Slab (Upper)"
12,7,7,126,1,"minecraft:spruce_slab"," Spruce Wood Slab (Upper)"
12,7,8,159,12,"minecraft:brown_terracotta","Brown Stained Clay"
12,7,9,126,1,"minecraft:spruce_slab"," Spruce Wood Slab (Upper)"
13,7,1,4,0,"minecraft:cobblestone","Cobblestone"
13,7,2,4,0,"minecraft:cobblestone","Cobblestone"
13,7,3,121,0,"minecraft:end_stone","End Stone"
13,7,4,126,1,"minecraft:spruce_slab"," Spruce Wood Slab (Upper)"
13,7,5,126,1,"minecraft:spruce_slab"," Spruce Wood Slab (Upper)"
13,7,6,126,1,"minecraft:spruce_slab"," Spruce Wood Slab (Upper)"
13,7,7,126,1,"minecraft:spruce_slab"," Spruce Wood Slab (Upper)"
13,7,8,159,12,"minecraft:brown_terracotta","Brown Stained Clay"
13,7,9,126,1,"minecraft:spruce_slab"," Spruce Wood Slab (Upper)"
14,7,3,121,0,"minecraft:end_stone","End Stone"
14,7,4,126,1,"minecraft:spruce_slab"," Spruce Wood Slab (Upper)"
14,7,5,126,1,"minecraft:spruce_slab"," Spruce Wood Slab (Upper)"
14,7,6,126,1,"minecraft:spruce_slab"," Spruce Wood Slab (Upper)"
14,7,7,126,1,"minecraft:spruce_slab"," Spruce Wood Slab (Upper)"
14,7,8,159,12,"minecraft:brown_terracotta","Brown Stained Clay"
14,7,9,126,1,"minecraft:spruce_slab"," Spruce Wood Slab (Upper)"
15,7,3,121,0,"minecraft:end_stone","End Stone"
15,7,4,121,0,"minecraft:end_stone","End Stone"
15,7,5,121,0,"minecraft:end_stone","End Stone"
15,7,6,121,0,"minecraft:end_stone","End Stone"
15,7,7,121,0,"minecraft:end_stone","End Stone"
15,7,8,159,12,"minecraft:brown_terracotta","Brown Stained Clay"
15,7,9,126,1,"minecraft:spruce_slab"," Spruce Wood Slab (Upper)"
16,7,4,159,12,"minecraft:brown_terracotta","Brown Stained Clay"
16,7,5,134,0,"minecraft:spruce_stairs","Spruce Wood Stairs (North, Upside-down)"
16,7,7,134,0,"minecraft:spruce_stairs","Spruce Wood Stairs (South, Upside-down)"
16,7,8,159,12,"minecraft:brown_terracotta","Brown Stained Clay"
17,7,4,134,0,"minecraft:spruce_stairs","Spruce Wood Stairs (South, Normal)"
17,7,5,134,0,"minecraft:spruce_stairs","Spruce Wood Stairs (North, Upside-down)"
17,7,7,134,0,"minecraft:spruce_stairs","Spruce Wood Stairs (South, Upside-down)"
17,7,8,134,0,"minecraft:spruce_stairs","Spruce Wood Stairs (North, Normal)"
1,8,5,134,0,"minecraft:spruce_stairs","Spruce Wood Stairs (South, Normal)"
1,8,6,134,0,"minecraft:spruce_stairs","Spruce Wood Stairs (East, Upside-down)"
1,8,7,134,0,"minecraft:spruce_stairs","Spruce Wood Stairs (North, Normal)"
2,8,5,159,12,"minecraft:brown_terracotta","Brown Stained Clay"
2,8,6,134,0,"minecraft:spruce_stairs","Spruce Wood Stairs (East, Upside-down)"
2,8,7,159,12,"minecraft:brown_terracotta","Brown Stained Clay"
2,8,9,126,1,"minecraft:spruce_slab"," Spruce Wood Slab (Upper)"
3,8,5,159,12,"minecraft:brown_terracotta","Brown Stained Clay"
3,8,6,121,0,"minecraft:end_stone","End Stone"
3,8,7,159,12,"minecraft:brown_terracotta","Brown Stained Clay"
3,8,9,126,1,"minecraft:spruce_slab"," Spruce Wood Slab (Upper)"
4,8,3,134,0,"minecraft:spruce_stairs","Spruce Wood Stairs (East, Upside-down)"
4,8,5,159,12,"minecraft:brown_terracotta","Brown Stained Clay"
4,8,7,159,12,"minecraft:brown_terracotta","Brown Stained Clay"
4,8,9,134,0,"minecraft:spruce_stairs","Spruce Wood Stairs (East, Upside-down)"
5,8,2,134,0,"minecraft:spruce_stairs","Spruce Wood Stairs (South, Upside-down)"
5,8,3,5,0,"minecraft:oak_planks","Oak Wood Plank"
5,8,4,121,0,"minecraft:end_stone","End Stone"
5,8,5,121,0,"minecraft:end_stone","End Stone"
5,8,6,121,0,"minecraft:end_stone","End Stone"
5,8,7,121,0,"minecraft:end_stone","End Stone"
5,8,8,121,0,"minecraft:end_stone","End Stone"
5,8,9,5,0,"minecraft:oak_planks","Oak Wood Plank"
5,8,10,134,0,"minecraft:spruce_stairs","Spruce Wood Stairs (North, Upside-down)"
6,8,3,121,0,"minecraft:end_stone","End Stone"
6,8,9,121,0,"minecraft:end_stone","End Stone"
7,8,2,126,1,"minecraft:spruce_slab"," Spruce Wood Slab (Upper)"
7,8,3,121,0,"minecraft:end_stone","End Stone"
7,8,10,134,0,"minecraft:spruce_stairs","Spruce Wood Stairs (North, Upside-down)"
7,8,11,30,0,"minecraft:cobweb","Cobweb"
8,8,2,126,1,"minecraft:spruce_slab"," Spruce Wood Slab (Bottom)"
8,8,3,121,0,"minecraft:end_stone","End Stone"
8,8,10,134,0,"minecraft:spruce_stairs","Spruce Wood Stairs (North, Upside-down)"
9,8,2,126,1,"minecraft:spruce_slab"," Spruce Wood Slab (Upper)"
9,8,3,121,0,"minecraft:end_stone","End Stone"
9,8,10,134,0,"minecraft:spruce_stairs","Spruce Wood Stairs (North, Upside-down)"
10,8,3,121,0,"minecraft:end_stone","End Stone"
10,8,9,121,0,"minecraft:end_stone","End Stone"
11,8,1,4,0,"minecraft:cobblestone","Cobblestone"
11,8,2,4,0,"minecraft:cobblestone","Cobblestone"
11,8,3,4,0,"minecraft:cobblestone","Cobblestone"
11,8,10,134,0,"minecraft:spruce_stairs","Spruce Wood Stairs (North, Upside-down)"
12,8,1,4,0,"minecraft:cobblestone","Cobblestone"
12,8,2,4,0,"minecraft:cobblestone","Cobblestone"
12,8,10,134,0,"minecraft:spruce_stairs","Spruce Wood Stairs (North, Upside-down)"
13,8,1,4,0,"minecraft:cobblestone","Cobblestone"
13,8,2,4,0,"minecraft:cobblestone","Cobblestone"
13,8,3,4,0,"minecraft:cobblestone","Cobblestone"
13,8,10,134,0,"minecraft:spruce_stairs","Spruce Wood Stairs (North, Upside-down)"
14,8,3,121,0,"minecraft:end_stone","End Stone"
14,8,9,121,0,"minecraft:end_stone","End Stone"
15,8,2,134,0,"minecraft:spruce_stairs","Spruce Wood Stairs (South, Upside-down)"
15,8,3,5,0,"minecraft:oak_planks","Oak Wood Plank"
15,8,4,121,0,"minecraft:end_stone","End Stone"
15,8,5,121,0,"minecraft:end_stone","End Stone"
15,8,6,121,0,"minecraft:end_stone","End Stone"
15,8,7,121,0,"minecraft:end_stone","End Stone"
15,8,8,121,0,"minecraft:end_stone","End Stone"
15,8,9,5,0,"minecraft:oak_planks","Oak Wood Plank"
15,8,10,134,0,"minecraft:spruce_stairs","Spruce Wood Stairs (North, Upside-down)"
16,8,3,134,0,"minecraft:spruce_stairs","Spruce Wood Stairs (West, Upside-down)"
16,8,5,159,12,"minecraft:brown_terracotta","Brown Stained Clay"
16,8,7,159,12,"minecraft:brown_terracotta","Brown Stained Clay"
16,8,9,134,0,"minecraft:spruce_stairs","Spruce Wood Stairs (West, Upside-down)"
17,8,5,134,0,"minecraft:spruce_stairs","Spruce Wood Stairs (South, Normal)"
17,8,6,134,0,"minecraft:spruce_stairs","Spruce Wood Stairs (West, Upside-down)"
17,8,7,134,0,"minecraft:spruce_stairs","Spruce Wood Stairs (North, Normal)"
1,9,6,126,1,"minecraft:spruce_slab"," Spruce Wood Slab (Bottom)"
2,9,6,126,1,"minecraft:spruce_slab"," Spruce Wood Slab (Bottom)"
3,9,6,126,1,"minecraft:spruce_slab"," Spruce Wood Slab (Bottom)"
4,9,3,139,0,"minecraft:cobblestone_wall","Cobblestone Wall"
4,9,6,134,0,"minecraft:spruce_stairs","Spruce Wood Stairs (East, Normal)"
4,9,9,139,0,"minecraft:cobblestone_wall","Cobblestone Wall"
5,9,2,139,0,"minecraft:cobblestone_wall","Cobblestone Wall"
5,9,3,5,0,"minecraft:oak_planks","Oak Wood Plank"
5,9,4,121,0,"minecraft:end_stone","End Stone"
5,9,5,121,0,"minecraft:end_stone","End Stone"
5,9,6,121,0,"minecraft:end_stone","End Stone"
5,9,7,121,0,"minecraft:end_stone","End Stone"
5,9,8,121,0,"minecraft:end_stone","End Stone"
5,9,9,5,0,"minecraft:oak_planks","Oak Wood Plank"
5,9,10,139,0,"minecraft:cobblestone_wall","Cobblestone Wall"
6,9,3,121,0,"minecraft:end_stone","End Stone"
6,9,9,121,0,"minecraft:end_stone","End Stone"
7,9,2,139,0,"minecraft:cobblestone_wall","Cobblestone Wall"
7,9,3,121,0,"minecraft:end_stone","End Stone"
7,9,10,121,0,"minecraft:end_stone","End Stone"
7,9,11,30,0,"minecraft:cobweb","Cobweb"
8,9,3,160,0,"minecraft:white_stained_glass_pane","White Stained Glass Pane"
8,9,10,160,0,"minecraft:white_stained_glass_pane","White Stained Glass Pane"
9,9,2,139,0,"minecraft:cobblestone_wall","Cobblestone Wall"
9,9,3,121,0,"minecraft:end_stone","End Stone"
9,9,10,121,0,"minecraft:end_stone","End Stone"
10,9,3,121,0,"minecraft:end_stone","End Stone"
10,9,9,121,0,"minecraft:end_stone","End Stone"
11,9,1,4,0,"minecraft:cobblestone","Cobblestone"
11,9,2,4,0,"minecraft:cobblestone","Cobblestone"
11,9,3,4,0,"minecraft:cobblestone","Cobblestone"
11,9,10,121,0,"minecraft:end_stone","End Stone"
12,9,1,4,0,"minecraft:cobblestone","Cobblestone"
12,9,2,4,0,"minecraft:cobblestone","Cobblestone"
12,9,10,160,0,"minecraft:white_stained_glass_pane","White Stained Glass Pane"
13,9,1,4,0,"minecraft:cobblestone","Cobblestone"
13,9,2,4,0,"minecraft:cobblestone","Cobblestone"
13,9,3,4,0,"minecraft:cobblestone","Cobblestone"
13,9,10,121,0,"minecraft:end_stone","End Stone"
14,9,3,121,0,"minecraft:end_stone","End Stone"
14,9,9,121,0,"minecraft:end_stone","End Stone"
15,9,2,139,0,"minecraft:cobblestone_wall","Cobblestone Wall"
15,9,3,5,0,"minecraft:oak_planks","Oak Wood Plank"
15,9,4,121,0,"minecraft:end_stone","End Stone"
15,9,5,121,0,"minecraft:end_stone","End Stone"
15,9,6,121,0,"minecraft:end_stone","End Stone"
15,9,7,121,0,"minecraft:end_stone","End Stone"
15,9,8,121,0,"minecraft:end_stone","End Stone"
15,9,9,5,0,"minecraft:oak_planks","Oak Wood Plank"
15,9,10,139,0,"minecraft:cobblestone_wall","Cobblestone Wall"
16,9,3,139,0,"minecraft:cobblestone_wall","Cobblestone Wall"
16,9,6,134,0,"minecraft:spruce_stairs","Spruce Wood Stairs (West, Normal)"
16,9,9,139,0,"minecraft:cobblestone_wall","Cobblestone Wall"
17,9,6,126,1,"minecraft:spruce_slab"," Spruce Wood Slab (Bottom)"
4,10,3,139,0,"minecraft:cobblestone_wall","Cobblestone Wall"
4,10,6,191,0,"minecraft:dark_oak_fence","Oak Fence"
4,10,9,139,0,"minecraft:cobblestone_wall","Cobblestone Wall"
5,10,2,139,0,"minecraft:cobblestone_wall","Cobblestone Wall"
5,10,3,5,0,"minecraft:oak_planks","Oak Wood Plank"
5,10,4,121,0,"minecraft:end_stone","End Stone"
5,10,5,121,0,"minecraft:end_stone","End Stone"
5,10,6,121,0,"minecraft:end_stone","End Stone"
5,10,7,121,0,"minecraft:end_stone","End Stone"
5,10,8,121,0,"minecraft:end_stone","End Stone"
5,10,9,5,0,"minecraft:oak_planks","Oak Wood Plank"
5,10,10,139,0,"minecraft:cobblestone_wall","Cobblestone Wall"
6,10,3,121,0,"minecraft:end_stone","End Stone"
6,10,9,121,0,"minecraft:end_stone","End Stone"
7,10,2,139,0,"minecraft:cobblestone_wall","Cobblestone Wall"
7,10,3,121,0,"minecraft:end_stone","End Stone"
7,10,10,121,0,"minecraft:end_stone","End Stone"
7,10,11,134,0,"minecraft:spruce_stairs","Spruce Wood Stairs (North, Upside-down)"
8,10,3,160,0,"minecraft:white_stained_glass_pane","White Stained Glass Pane"
8,10,10,160,0,"minecraft:white_stained_glass_pane","White Stained Glass Pane"
9,10,2,139,0,"minecraft:cobblestone_wall","Cobblestone Wall"
9,10,3,121,0,"minecraft:end_stone","End Stone"
9,10,10,121,0,"minecraft:end_stone","End Stone"
9,10,11,134,0,"minecraft:spruce_stairs","Spruce Wood Stairs (North, Upside-down)"
10,10,3,121,0,"minecraft:end_stone","End Stone"
10,10,9,121,0,"minecraft:end_stone","End Stone"
11,10,1,4,0,"minecraft:cobblestone","Cobblestone"
11,10,2,4,0,"minecraft:cobblestone","Cobblestone"
11,10,3,4,0,"minecraft:cobblestone","Cobblestone"
11,10,10,121,0,"minecraft:end_stone","End Stone"
11,10,11,134,0,"minecraft:spruce_stairs","Spruce Wood Stairs (North, Upside-down)"
12,10,1,4,0,"minecraft:cobblestone","Cobblestone"
12,10,2,4,0,"minecraft:cobblestone","Cobblestone"
12,10,10,160,0,"minecraft:white_stained_glass_pane","White Stained Glass Pane"
13,10,1,4,0,"minecraft:cobblestone","Cobblestone"
13,10,2,4,0,"minecraft:cobblestone","Cobblestone"
13,10,3,4,0,"minecraft:cobblestone","Cobblestone"
13,10,10,121,0,"minecraft:end_stone","End Stone"
13,10,11,134,0,"minecraft:spruce_stairs","Spruce Wood Stairs (North, Upside-down)"
14,10,3,121,0,"minecraft:end_stone","End Stone"
14,10,9,121,0,"minecraft:end_stone","End Stone"
15,10,2,139,0,"minecraft:cobblestone_wall","Cobblestone Wall"
15,10,3,5,0,"minecraft:oak_planks","Oak Wood Plank"
15,10,4,121,0,"minecraft:end_stone","End Stone"
15,10,5,121,0,"minecraft:end_stone","End Stone"
15,10,6,121,0,"minecraft:end_stone","End Stone"
15,10,7,121,0,"minecraft:end_stone","End Stone"
15,10,8,121,0,"minecraft:end_stone","End Stone"
15,10,9,5,0,"minecraft:oak_planks","Oak Wood Plank"
15,10,10,139,0,"minecraft:cobblestone_wall","Cobblestone Wall"
16,10,3,139,0,"minecraft:cobblestone_wall","Cobblestone Wall"
16,10,6,191,0,"minecraft:dark_oak_fence","Oak Fence"
16,10,9,139,0,"minecraft:cobblestone_wall","Cobblestone Wall"
4,11,2,126,1,"minecraft:spruce_slab"," Spruce Wood Slab (Upper)"
4,11,3,134,0,"minecraft:spruce_stairs","Spruce Wood Stairs (East, Upside-down)"
4,11,4,126,1,"minecraft:spruce_slab"," Spruce Wood Slab (Upper)"
4,11,5,134,0,"minecraft:spruce_stairs","Spruce Wood Stairs (East, Upside-down)"
4,11,6,191,0,"minecraft:dark_oak_fence","Oak Fence"
4,11,7,134,0,"minecraft:spruce_stairs","Spruce Wood Stairs (East, Upside-down)"
4,11,8,126,1,"minecraft:spruce_slab"," Spruce Wood Slab (Upper)"
4,11,9,134,0,"minecraft:spruce_stairs","Spruce Wood Stairs (East, Upside-down)"
4,11,10,126,1,"minecraft:spruce_slab"," Spruce Wood Slab (Upper)"
5,11,2,134,0,"minecraft:spruce_stairs","Spruce Wood Stairs (South, Upside-down)"
5,11,3,5,0,"minecraft:oak_planks","Oak Wood Plank"
5,11,4,121,0,"minecraft:end_stone","End Stone"
5,11,5,121,0,"minecraft:end_stone","End Stone"
5,11,6,121,0,"minecraft:end_stone","End Stone"
5,11,7,121,0,"minecraft:end_stone","End Stone"
5,11,8,121,0,"minecraft:end_stone","End Stone"
5,11,9,5,0,"minecraft:oak_planks","Oak Wood Plank"
5,11,10,134,0,"minecraft:spruce_stairs","Spruce Wood Stairs (North, Upside-down)"
6,11,2,126,1,"minecraft:spruce_slab"," Spruce Wood Slab (Upper)"
6,11,3,121,0,"minecraft:end_stone","End Stone"
6,11,9,121,0,"minecraft:end_stone","End Stone"
6,11,10,126,1,"minecraft:spruce_slab"," Spruce Wood Slab (Bottom)"
7,11,2,126,1,"minecraft:spruce_slab"," Spruce Wood Slab (Bottom)"
7,11,3,121,0,"minecraft:end_stone","End Stone"
7,11,9,121,0,"minecraft:end_stone","End Stone"
7,11,10,5,1,"minecraft:spruce_planks","Spruce Wood Plank"
7,11,11,134,0,"minecraft:spruce_stairs","Spruce Wood Stairs (East, Normal)"
8,11,2,134,0,"minecraft:spruce_stairs","Spruce Wood Stairs (South, Upside-down)"
8,11,3,121,0,"minecraft:end_stone","End Stone"
8,11,11,134,0,"minecraft:spruce_stairs","Spruce Wood Stairs (North, Upside-down)"
9,11,2,126,1,"minecraft:spruce_slab"," Spruce Wood Slab (Bottom)"
9,11,3,121,0,"minecraft:end_stone","End Stone"
9,11,9,121,0,"minecraft:end_stone","End Stone"
9,11,10,5,1,"minecraft:spruce_planks","Spruce Wood Plank"
9,11,11,134,0,"minecraft:spruce_stairs","Spruce Wood Stairs (West, Normal)"
10,11,2,126,1,"minecraft:spruce_slab"," Spruce Wood Slab (Upper)"
10,11,3,121,0,"minecraft:end_stone","End Stone"
10,11,9,121,0,"minecraft:end_stone","End Stone"
10,11,10,126,1,"minecraft:spruce_slab"," Spruce Wood Slab (Bottom)"
11,11,1,67,0,"minecraft:cobblestone_stairs","Cobblestone Stairs (South, Normal)"
11,11,2,4,0,"minecraft:cobblestone","Cobblestone"
11,11,3,4,0,"minecraft:cobblestone","Cobblestone"
11,11,9,121,0,"minecraft:end_stone","End Stone"
11,11,10,5,1,"minecraft:spruce_planks","Spruce Wood Plank"
11,11,11,134,0,"minecraft:spruce_stairs","Spruce Wood Stairs (East, Normal)"
12,11,1,67,0,"minecraft:cobblestone_stairs","Cobblestone Stairs (South, Normal)"
12,11,2,4,0,"minecraft:cobblestone","Cobblestone"
12,11,11,134,0,"minecraft:spruce_stairs","Spruce Wood Stairs (North, Upside-down)"
13,11,1,67,0,"minecraft:cobblestone_stairs","Cobblestone Stairs (South, Normal)"
13,11,2,4,0,"minecraft:cobblestone","Cobblestone"
13,11,3,4,0,"minecraft:cobblestone","Cobblestone"
13,11,9,121,0,"minecraft:end_stone","End Stone"
13,11,10,5,1,"minecraft:spruce_planks","Spruce Wood Plank"
13,11,11,134,0,"minecraft:spruce_stairs","Spruce Wood Stairs (West, Normal)"
14,11,2,126,1,"minecraft:spruce_slab"," Spruce Wood Slab (Upper)"
14,11,3,121,0,"minecraft:end_stone","End Stone"
14,11,9,121,0,"minecraft:end_stone","End Stone"
14,11,10,126,1,"minecraft:spruce_slab"," Spruce Wood Slab (Bottom)"
15,11,2,134,0,"minecraft:spruce_stairs","Spruce Wood Stairs (South, Upside-down)"
15,11,3,5,0,"minecraft:oak_planks","Oak Wood Plank"
15,11,4,121,0,"minecraft:end_stone","End Stone"
15,11,5,121,0,"minecraft:end_stone","End Stone"
15,11,6,121,0,"minecraft:end_stone","End Stone"
15,11,7,121,0,"minecraft:end_stone","End Stone"
15,11,8,121,0,"minecraft:end_stone","End Stone"
15,11,9,5,0,"minecraft:oak_planks","Oak Wood Plank"
15,11,10,134,0,"minecraft:spruce_stairs","Spruce Wood Stairs (North, Upside-down)"
16,11,2,126,1,"minecraft:spruce_slab"," Spruce Wood Slab (Upper)"
16,11,3,134,0,"minecraft:spruce_stairs","Spruce Wood Stairs (West, Upside-down)"
16,11,4,126,1,"minecraft:spruce_slab"," Spruce Wood Slab (Upper)"
16,11,5,134,0,"minecraft:spruce_stairs","Spruce Wood Stairs (West, Upside-down)"
16,11,6,191,0,"minecraft:dark_oak_fence","Oak Fence"
16,11,7,134,0,"minecraft:spruce_stairs","Spruce Wood Stairs (West, Upside-down)"
16,11,8,126,1,"minecraft:spruce_slab"," Spruce Wood Slab (Upper)"
16,11,9,134,0,"minecraft:spruce_stairs","Spruce Wood Stairs (West, Upside-down)"
16,11,10,126,1,"minecraft:spruce_slab"," Spruce Wood Slab (Upper)"
4,12,2,191,0,"minecraft:dark_oak_fence","Oak Fence"
4,12,3,134,0,"minecraft:spruce_stairs","Spruce Wood Stairs (South, Normal)"
4,12,4,134,0,"minecraft:spruce_stairs","Spruce Wood Stairs (North, Upside-down)"
4,12,6,126,1,"minecraft:spruce_slab"," Spruce Wood Slab (Bottom)"
4,12,8,134,0,"minecraft:spruce_stairs","Spruce Wood Stairs (South, Upside-down)"
4,12,9,134,0,"minecraft:spruce_stairs","Spruce Wood Stairs (North, Normal)"
4,12,10,191,0,"minecraft:dark_oak_fence","Oak Fence"
5,12,3,5,1,"minecraft:spruce_planks","Spruce Wood Plank"
5,12,4,5,0,"minecraft:oak_planks","Oak Wood Plank"
5,12,5,5,0,"minecraft:oak_planks","Oak Wood Plank"
5,12,6,5,0,"minecraft:oak_planks","Oak Wood Plank"
5,12,7,5,0,"minecraft:oak_planks","Oak Wood Plank"
5,12,8,5,0,"minecraft:oak_planks","Oak Wood Plank"
5,12,9,5,1,"minecraft:spruce_planks","Spruce Wood Plank"
6,12,3,159,12,"minecraft:brown_terracotta","Brown Stained Clay"
6,12,9,159,12,"minecraft:brown_terracotta","Brown Stained Clay"
7,12,3,159,12,"minecraft:brown_terracotta","Brown Stained Clay"
7,12,9,159,12,"minecraft:brown_terracotta","Brown Stained Clay"
8,12,3,159,12,"minecraft:brown_terracotta","Brown Stained Clay"
8,12,9,5,1,"minecraft:spruce_planks","Spruce Wood Plank"
8,12,10,5,1,"minecraft:spruce_planks","Spruce Wood Plank"
8,12,11,134,0,"minecraft:spruce_stairs","Spruce Wood Stairs (North, Normal)"
9,12,3,159,12,"minecraft:brown_terracotta","Brown Stained Clay"
9,12,9,159,12,"minecraft:brown_terracotta","Brown Stained Clay"
10,12,3,159,12,"minecraft:brown_terracotta","Brown Stained Clay"
10,12,9,159,12,"minecraft:brown_terracotta","Brown Stained Clay"
11,12,2,4,0,"minecraft:cobblestone","Cobblestone"
11,12,3,4,0,"minecraft:cobblestone","Cobblestone"
11,12,9,159,12,"minecraft:brown_terracotta","Brown Stained Clay"
12,12,2,4,0,"minecraft:cobblestone","Cobblestone"
12,12,9,5,1,"minecraft:spruce_planks","Spruce Wood Plank"
12,12,10,5,1,"minecraft:spruce_planks","Spruce Wood Plank"
12,12,11,134,0,"minecraft:spruce_stairs","Spruce Wood Stairs (North, Normal)"
13,12,2,4,0,"minecraft:cobblestone","Cobblestone"
13,12,3,4,0,"minecraft:cobblestone","Cobblestone"
13,12,9,159,12,"minecraft:brown_terracotta","Brown Stained Clay"
14,12,3,159,12,"minecraft:brown_terracotta","Brown Stained Clay"
14,12,9,159,12,"minecraft:brown_terracotta","Brown Stained Clay"
15,12,3,5,1,"minecraft:spruce_planks","Spruce Wood Plank"
15,12,4,5,0,"minecraft:oak_planks","Oak Wood Plank"
15,12,5,5,0,"minecraft:oak_planks","Oak Wood Plank"
15,12,6,5,0,"minecraft:oak_planks","Oak Wood Plank"
15,12,7,5,0,"minecraft:oak_planks","Oak Wood Plank"
15,12,8,5,0,"minecraft:oak_planks","Oak Wood Plank"
15,12,9,5,1,"minecraft:spruce_planks","Spruce Wood Plank"
16,12,2,191,0,"minecraft:dark_oak_fence","Oak Fence"
16,12,3,134,0,"minecraft:spruce_stairs","Spruce Wood Stairs (South, Normal)"
16,12,4,134,0,"minecraft:spruce_stairs","Spruce Wood Stairs (North, Upside-down)"
16,12,6,126,1,"minecraft:spruce_slab"," Spruce Wood Slab (Bottom)"
16,12,8,134,0,"minecraft:spruce_stairs","Spruce Wood Stairs (South, Upside-down)"
16,12,9,134,0,"minecraft:spruce_stairs","Spruce Wood Stairs (North, Normal)"
16,12,10,191,0,"minecraft:dark_oak_fence","Oak Fence"
4,13,4,134,0,"minecraft:spruce_stairs","Spruce Wood Stairs (South, Normal)"
4,13,5,134,0,"minecraft:spruce_stairs","Spruce Wood Stairs (North, Upside-down)"
4,13,7,134,0,"minecraft:spruce_stairs","Spruce Wood Stairs (South, Upside-down)"
4,13,8,134,0,"minecraft:spruce_stairs","Spruce Wood Stairs (North, Normal)"
5,13,4,5,1,"minecraft:spruce_planks","Spruce Wood Plank"
5,13,5,5,0,"minecraft:oak_planks","Oak Wood Plank"
5,13,6,5,0,"minecraft:oak_planks","Oak Wood Plank"
5,13,7,5,0,"minecraft:oak_planks","Oak Wood Plank"
5,13,8,5,1,"minecraft:spruce_planks","Spruce Wood Plank"
6,13,4,159,12,"minecraft:brown_terracotta","Brown Stained Clay"
6,13,8,159,12,"minecraft:brown_terracotta","Brown Stained Clay"
7,13,4,159,12,"minecraft:brown_terracotta","Brown Stained Clay"
7,13,8,159,12,"minecraft:brown_terracotta","Brown Stained Clay"
8,13,4,159,12,"minecraft:brown_terracotta","Brown Stained Clay"
8,13,8,159,12,"minecraft:brown_terracotta","Brown Stained Clay"
8,13,10,191,0,"minecraft:dark_oak_fence","Oak Fence"
9,13,4,159,12,"minecraft:brown_terracotta","Brown Stained Clay"
9,13,8,159,12,"minecraft:brown_terracotta","Brown Stained Clay"
10,13,4,159,12,"minecraft:brown_terracotta","Brown Stained Clay"
10,13,8,159,12,"minecraft:brown_terracotta","Brown Stained Clay"
11,13,2,67,0,"minecraft:cobblestone_stairs","Cobblestone Stairs (South, Normal)"
11,13,3,4,0,"minecraft:cobblestone","Cobblestone"
11,13,4,159,12,"minecraft:brown_terracotta","Brown Stained Clay"
11,13,8,159,12,"minecraft:brown_terracotta","Brown Stained Clay"
12,13,2,67,0,"minecraft:cobblestone_stairs","Cobblestone Stairs (South, Normal)"
12,13,3,4,0,"minecraft:cobblestone","Cobblestone"
12,13,4,159,12,"minecraft:brown_terracotta","Brown Stained Clay"
12,13,8,159,12,"minecraft:brown_terracotta","Brown Stained Clay"
12,13,10,191,0,"minecraft:dark_oak_fence","Oak Fence"
13,13,2,67,0,"minecraft:cobblestone_stairs","Cobblestone Stairs (South, Normal)"
13,13,3,4,0,"minecraft:cobblestone","Cobblestone"
13,13,4,159,12,"minecraft:brown_terracotta","Brown Stained Clay"
13,13,8,159,12,"minecraft:brown_terracotta","Brown Stained Clay"
14,13,4,159,12,"minecraft:brown_terracotta","Brown Stained Clay"
14,13,8,159,12,"minecraft:brown_terracotta","Brown Stained Clay"
15,13,4,5,1,"minecraft:spruce_planks","Spruce Wood Plank"
15,13,5,5,0,"minecraft:oak_planks","Oak Wood Plank"
15,13,6,5,0,"minecraft:oak_planks","Oak Wood Plank"
15,13,7,5,0,"minecraft:oak_planks","Oak Wood Plank"
15,13,8,5,1,"minecraft:spruce_planks","Spruce Wood Plank"
16,13,4,134,0,"minecraft:spruce_stairs","Spruce Wood Stairs (South, Normal)"
16,13,5,134,0,"minecraft:spruce_stairs","Spruce Wood Stairs (North, Upside-down)"
16,13,7,134,0,"minecraft:spruce_stairs","Spruce Wood Stairs (South, Upside-down)"
16,13,8,134,0,"minecraft:spruce_stairs","Spruce Wood Stairs (North, Normal)"
4,14,5,134,0,"minecraft:spruce_stairs","Spruce Wood Stairs (South, Normal)"
4,14,6,134,0,"minecraft:spruce_stairs","Spruce Wood Stairs (East, Upside-down)"
4,14,7,134,0,"minecraft:spruce_stairs","Spruce Wood Stairs (North, Normal)"
5,14,5,5,1,"minecraft:spruce_planks","Spruce Wood Plank"
5,14,6,5,0,"minecraft:oak_planks","Oak Wood Plank"
5,14,7,5,1,"minecraft:spruce_planks","Spruce Wood Plank"
6,14,5,159,12,"minecraft:brown_terracotta","Brown Stained Clay"
6,14,7,159,12,"minecraft:brown_terracotta","Brown Stained Clay"
7,14,5,159,12,"minecraft:brown_terracotta","Brown Stained Clay"
7,14,7,159,12,"minecraft:brown_terracotta","Brown Stained Clay"
8,14,5,159,12,"minecraft:brown_terracotta","Brown Stained Clay"
8,14,7,159,12,"minecraft:brown_terracotta","Brown Stained Clay"
9,14,5,159,12,"minecraft:brown_terracotta","Brown Stained Clay"
9,14,7,159,12,"minecraft:brown_terracotta","Brown Stained Clay"
10,14,5,159,12,"minecraft:brown_terracotta","Brown Stained Clay"
10,14,7,159,12,"minecraft:brown_terracotta","Brown Stained Clay"
11,14,3,67,0,"minecraft:cobblestone_stairs","Cobblestone Stairs (East, Normal)"
11,14,5,159,12,"minecraft:brown_terracotta","Brown Stained Clay"
11,14,7,159,12,"minecraft:brown_terracotta","Brown Stained Clay"
12,14,3,4,0,"minecraft:cobblestone","Cobblestone"
12,14,5,159,12,"minecraft:brown_terracotta","Brown Stained Clay"
12,14,7,159,12,"minecraft:brown_terracotta","Brown Stained Clay"
13,14,3,67,0,"minecraft:cobblestone_stairs","Cobblestone Stairs (West, Normal)"
13,14,5,159,12,"minecraft:brown_terracotta","Brown Stained Clay"
13,14,7,159,12,"minecraft:brown_terracotta","Brown Stained Clay"
14,14,5,159,12,"minecraft:brown_terracotta","Brown Stained Clay"
14,14,7,159,12,"minecraft:brown_terracotta","Brown Stained Clay"
15,14,5,5,1,"minecraft:spruce_planks","Spruce Wood Plank"
15,14,7,5,1,"minecraft:spruce_planks","Spruce Wood Plank"
16,14,5,134,0,"minecraft:spruce_stairs","Spruce Wood Stairs (South, Normal)"
16,14,6,134,0,"minecraft:spruce_stairs","Spruce Wood Stairs (West, Upside-down)"
16,14,7,134,0,"minecraft:spruce_stairs","Spruce Wood Stairs (North, Normal)"
4,15,6,134,0,"minecraft:spruce_stairs","Spruce Wood Stairs (East, Normal)"
5,15,6,5,1,"minecraft:spruce_planks","Spruce Wood Plank"
6,15,6,134,0,"minecraft:spruce_stairs","Spruce Wood Stairs (West, Normal)"
7,15,6,126,1,"minecraft:spruce_slab"," Spruce Wood Slab (Bottom)"
8,15,6,134,0,"minecraft:spruce_stairs","Spruce Wood Stairs (East, Normal)"
9,15,6,5,1,"minecraft:spruce_planks","Spruce Wood Plank"
10,15,6,5,1,"minecraft:spruce_planks","Spruce Wood Plank"
11,15,6,5,1,"minecraft:spruce_planks","Spruce Wood Plank"
12,15,3,4,0,"minecraft:cobblestone","Cobblestone"
12,15,6,134,0,"minecraft:spruce_stairs","Spruce Wood Stairs (West, Normal)"
13,15,6,126,1,"minecraft:spruce_slab"," Spruce Wood Slab (Bottom)"
14,15,6,134,0,"minecraft:spruce_stairs","Spruce Wood Stairs (East, Normal)"
15,15,6,5,1,"minecraft:spruce_planks","Spruce Wood Plank"
16,15,6,134,0,"minecraft:spruce_stairs","Spruce Wood Stairs (West, Normal)"
5,16,6,191,0,"minecraft:dark_oak_fence","Oak Fence"
10,16,6,191,0,"minecraft:dark_oak_fence","Oak Fence"
15,16,6,191,0,"minecraft:dark_oak_fence","Oak Fence"
