0,1,0,12,0,"minecraft:sand","Sand"
0,1,1,12,0,"minecraft:sand","Sand"
0,1,2,12,0,"minecraft:sand","Sand"
0,1,3,12,0,"minecraft:sand","Sand"
0,1,4,12,0,"minecraft:sand","Sand"
0,1,5,12,0,"minecraft:sand","Sand"
0,1,6,12,0,"minecraft:sand","Sand"
0,1,7,12,0,"minecraft:sand","Sand"
0,1,8,12,0,"minecraft:sand","Sand"
0,1,9,12,0,"minecraft:sand","Sand"
0,1,10,12,0,"minecraft:sand","Sand"
0,1,11,12,0,"minecraft:sand","Sand"
0,1,12,12,0,"minecraft:sand","Sand"
0,1,13,12,0,"minecraft:sand","Sand"
0,1,14,12,0,"minecraft:sand","Sand"
0,1,15,12,0,"minecraft:sand","Sand"
0,1,16,12,0,"minecraft:sand","Sand"
0,1,17,12,0,"minecraft:sand","Sand"
0,1,18,12,0,"minecraft:sand","Sand"
0,1,19,12,0,"minecraft:sand","Sand"
0,1,20,12,0,"minecraft:sand","Sand"
1,1,0,12,0,"minecraft:sand","Sand"
1,1,1,12,0,"minecraft:sand","Sand"
1,1,2,12,0,"minecraft:sand","Sand"
1,1,3,12,0,"minecraft:sand","Sand"
1,1,4,12,0,"minecraft:sand","Sand"
1,1,5,12,0,"minecraft:sand","Sand"
1,1,6,12,0,"minecraft:sand","Sand"
1,1,7,12,0,"minecraft:sand","Sand"
1,1,8,12,0,"minecraft:sand","Sand"
1,1,9,12,0,"minecraft:sand","Sand"
1,1,10,12,0,"minecraft:sand","Sand"
1,1,11,12,0,"minecraft:sand","Sand"
1,1,12,12,0,"minecraft:sand","Sand"
1,1,13,12,0,"minecraft:sand","Sand"
1,1,14,12,0,"minecraft:sand","Sand"
1,1,15,12,0,"minecraft:sand","Sand"
1,1,16,12,0,"minecraft:sand","Sand"
1,1,17,12,0,"minecraft:sand","Sand"
1,1,18,12,0,"minecraft:sand","Sand"
1,1,19,12,0,"minecraft:sand","Sand"
1,1,20,12,0,"minecraft:sand","Sand"
2,1,0,12,0,"minecraft:sand","Sand"
2,1,1,12,0,"minecraft:sand","Sand"
2,1,2,12,0,"minecraft:sand","Sand"
2,1,3,12,0,"minecraft:sand","Sand"
2,1,4,12,0,"minecraft:sand","Sand"
2,1,5,12,0,"minecraft:sand","Sand"
2,1,6,12,0,"minecraft:sand","Sand"
2,1,7,12,0,"minecraft:sand","Sand"
2,1,8,12,0,"minecraft:sand","Sand"
2,1,9,12,0,"minecraft:sand","Sand"
2,1,10,12,0,"minecraft:sand","Sand"
2,1,11,12,0,"minecraft:sand","Sand"
2,1,12,12,0,"minecraft:sand","Sand"
2,1,13,12,0,"minecraft:sand","Sand"
2,1,14,12,0,"minecraft:sand","Sand"
2,1,15,12,0,"minecraft:sand","Sand"
2,1,16,12,0,"minecraft:sand","Sand"
2,1,17,12,0,"minecraft:sand","Sand"
2,1,18,12,0,"minecraft:sand","Sand"
2,1,19,12,0,"minecraft:sand","Sand"
2,1,20,12,0,"minecraft:sand","Sand"
3,1,0,12,0,"minecraft:sand","Sand"
3,1,1,12,0,"minecraft:sand","Sand"
3,1,2,12,0,"minecraft:sand","Sand"
3,1,3,12,0,"minecraft:sand","Sand"
3,1,4,12,0,"minecraft:sand","Sand"
3,1,5,12,0,"minecraft:sand","Sand"
3,1,6,12,0,"minecraft:sand","Sand"
3,1,7,12,0,"minecraft:sand","Sand"
3,1,8,12,0,"minecraft:sand","Sand"
3,1,9,12,0,"minecraft:sand","Sand"
3,1,10,12,0,"minecraft:sand","Sand"
3,1,11,12,0,"minecraft:sand","Sand"
3,1,12,12,0,"minecraft:sand","Sand"
3,1,13,12,0,"minecraft:sand","Sand"
3,1,14,12,0,"minecraft:sand","Sand"
3,1,15,12,0,"minecraft:sand","Sand"
3,1,16,12,0,"minecraft:sand","Sand"
3,1,17,12,0,"minecraft:sand","Sand"
3,1,18,12,0,"minecraft:sand","Sand"
3,1,19,12,0,"minecraft:sand","Sand"
3,1,20,12,0,"minecraft:sand","Sand"
4,1,0,12,0,"minecraft:sand","Sand"
4,1,1,12,0,"minecraft:sand","Sand"
4,1,2,12,0,"minecraft:sand","Sand"
4,1,3,12,0,"minecraft:sand","Sand"
4,1,4,12,0,"minecraft:sand","Sand"
4,1,5,12,0,"minecraft:sand","Sand"
4,1,6,12,0,"minecraft:sand","Sand"
4,1,7,12,0,"minecraft:sand","Sand"
4,1,8,12,0,"minecraft:sand","Sand"
4,1,9,12,0,"minecraft:sand","Sand"
4,1,10,12,0,"minecraft:sand","Sand"
4,1,11,12,0,"minecraft:sand","Sand"
4,1,12,12,0,"minecraft:sand","Sand"
4,1,13,12,0,"minecraft:sand","Sand"
4,1,14,12,0,"minecraft:sand","Sand"
4,1,15,12,0,"minecraft:sand","Sand"
4,1,16,12,0,"minecraft:sand","Sand"
4,1,17,12,0,"minecraft:sand","Sand"
4,1,18,12,0,"minecraft:sand","Sand"
4,1,19,12,0,"minecraft:sand","Sand"
4,1,20,12,0,"minecraft:sand","Sand"
5,1,0,12,0,"minecraft:sand","Sand"
5,1,1,12,0,"minecraft:sand","Sand"
5,1,2,12,0,"minecraft:sand","Sand"
5,1,3,12,0,"minecraft:sand","Sand"
5,1,4,12,0,"minecraft:sand","Sand"
5,1,5,12,0,"minecraft:sand","Sand"
5,1,6,12,0,"minecraft:sand","Sand"
5,1,7,12,0,"minecraft:sand","Sand"
5,1,8,12,0,"minecraft:sand","Sand"
5,1,9,12,0,"minecraft:sand","Sand"
5,1,10,12,0,"minecraft:sand","Sand"
5,1,11,12,0,"minecraft:sand","Sand"
5,1,12,12,0,"minecraft:sand","Sand"
5,1,13,12,0,"minecraft:sand","Sand"
5,1,14,12,0,"minecraft:sand","Sand"
5,1,15,12,0,"minecraft:sand","Sand"
5,1,16,12,0,"minecraft:sand","Sand"
5,1,17,12,0,"minecraft:sand","Sand"
5,1,18,12,0,"minecraft:sand","Sand"
5,1,19,12,0,"minecraft:sand","Sand"
5,1,20,12,0,"minecraft:sand","Sand"
6,1,0,12,0,"minecraft:sand","Sand"
6,1,1,12,0,"minecraft:sand","Sand"
6,1,2,12,0,"minecraft:sand","Sand"
6,1,3,12,0,"minecraft:sand","Sand"
6,1,4,12,0,"minecraft:sand","Sand"
6,1,5,12,0,"minecraft:sand","Sand"
6,1,6,12,0,"minecraft:sand","Sand"
6,1,7,12,0,"minecraft:sand","Sand"
6,1,8,12,0,"minecraft:sand","Sand"
6,1,9,12,0,"minecraft:sand","Sand"
6,1,10,12,0,"minecraft:sand","Sand"
6,1,11,12,0,"minecraft:sand","Sand"
6,1,12,12,0,"minecraft:sand","Sand"
6,1,13,12,0,"minecraft:sand","Sand"
6,1,14,12,0,"minecraft:sand","Sand"
6,1,15,12,0,"minecraft:sand","Sand"
6,1,16,12,0,"minecraft:sand","Sand"
6,1,17,12,0,"minecraft:sand","Sand"
6,1,18,12,0,"minecraft:sand","Sand"
6,1,19,12,0,"minecraft:sand","Sand"
6,1,20,12,0,"minecraft:sand","Sand"
7,1,0,12,0,"minecraft:sand","Sand"
7,1,1,12,0,"minecraft:sand","Sand"
7,1,2,12,0,"minecraft:sand","Sand"
7,1,3,12,0,"minecraft:sand","Sand"
7,1,4,12,0,"minecraft:sand","Sand"
7,1,5,12,0,"minecraft:sand","Sand"
7,1,6,12,0,"minecraft:sand","Sand"
7,1,7,12,0,"minecraft:sand","Sand"
7,1,8,12,0,"minecraft:sand","Sand"
7,1,9,12,0,"minecraft:sand","Sand"
7,1,10,12,0,"minecraft:sand","Sand"
7,1,11,12,0,"minecraft:sand","Sand"
7,1,12,12,0,"minecraft:sand","Sand"
7,1,13,12,0,"minecraft:sand","Sand"
7,1,14,12,0,"minecraft:sand","Sand"
7,1,15,12,0,"minecraft:sand","Sand"
7,1,16,12,0,"minecraft:sand","Sand"
7,1,17,12,0,"minecraft:sand","Sand"
7,1,18,12,0,"minecraft:sand","Sand"
7,1,19,12,0,"minecraft:sand","Sand"
7,1,20,12,0,"minecraft:sand","Sand"
8,1,0,12,0,"minecraft:sand","Sand"
8,1,1,12,0,"minecraft:sand","Sand"
8,1,2,12,0,"minecraft:sand","Sand"
8,1,3,12,0,"minecraft:sand","Sand"
8,1,4,12,0,"minecraft:sand","Sand"
8,1,5,12,0,"minecraft:sand","Sand"
8,1,6,12,0,"minecraft:sand","Sand"
8,1,7,12,0,"minecraft:sand","Sand"
8,1,8,12,0,"minecraft:sand","Sand"
8,1,9,12,0,"minecraft:sand","Sand"
8,1,10,12,0,"minecraft:sand","Sand"
8,1,11,12,0,"minecraft:sand","Sand"
8,1,12,12,0,"minecraft:sand","Sand"
8,1,13,12,0,"minecraft:sand","Sand"
8,1,14,12,0,"minecraft:sand","Sand"
8,1,15,12,0,"minecraft:sand","Sand"
8,1,16,12,0,"minecraft:sand","Sand"
8,1,17,12,0,"minecraft:sand","Sand"
8,1,18,12,0,"minecraft:sand","Sand"
8,1,19,12,0,"minecraft:sand","Sand"
8,1,20,12,0,"minecraft:sand","Sand"
9,1,0,12,0,"minecraft:sand","Sand"
9,1,1,12,0,"minecraft:sand","Sand"
9,1,2,12,0,"minecraft:sand","Sand"
9,1,3,12,0,"minecraft:sand","Sand"
9,1,4,12,0,"minecraft:sand","Sand"
9,1,5,12,0,"minecraft:sand","Sand"
9,1,6,12,0,"minecraft:sand","Sand"
9,1,7,12,0,"minecraft:sand","Sand"
9,1,8,12,0,"minecraft:sand","Sand"
9,1,9,12,0,"minecraft:sand","Sand"
9,1,10,12,0,"minecraft:sand","Sand"
9,1,11,12,0,"minecraft:sand","Sand"
9,1,12,12,0,"minecraft:sand","Sand"
9,1,13,12,0,"minecraft:sand","Sand"
9,1,14,12,0,"minecraft:sand","Sand"
9,1,15,12,0,"minecraft:sand","Sand"
9,1,16,12,0,"minecraft:sand","Sand"
9,1,17,12,0,"minecraft:sand","Sand"
9,1,18,12,0,"minecraft:sand","Sand"
9,1,19,12,0,"minecraft:sand","Sand"
9,1,20,12,0,"minecraft:sand","Sand"
10,1,0,12,0,"minecraft:sand","Sand"
10,1,1,12,0,"minecraft:sand","Sand"
10,1,2,12,0,"minecraft:sand","Sand"
10,1,3,12,0,"minecraft:sand","Sand"
10,1,4,12,0,"minecraft:sand","Sand"
10,1,5,12,0,"minecraft:sand","Sand"
10,1,6,12,0,"minecraft:sand","Sand"
10,1,7,12,0,"minecraft:sand","Sand"
10,1,8,12,0,"minecraft:sand","Sand"
10,1,9,12,0,"minecraft:sand","Sand"
10,1,10,12,0,"minecraft:sand","Sand"
10,1,11,12,0,"minecraft:sand","Sand"
10,1,12,12,0,"minecraft:sand","Sand"
10,1,13,12,0,"minecraft:sand","Sand"
10,1,14,12,0,"minecraft:sand","Sand"
10,1,15,12,0,"minecraft:sand","Sand"
10,1,16,12,0,"minecraft:sand","Sand"
10,1,17,12,0,"minecraft:sand","Sand"
10,1,18,12,0,"minecraft:sand","Sand"
10,1,19,12,0,"minecraft:sand","Sand"
10,1,20,12,0,"minecraft:sand","Sand"
11,1,0,12,0,"minecraft:sand","Sand"
11,1,1,12,0,"minecraft:sand","Sand"
11,1,2,12,0,"minecraft:sand","Sand"
11,1,3,12,0,"minecraft:sand","Sand"
11,1,4,12,0,"minecraft:sand","Sand"
11,1,5,12,0,"minecraft:sand","Sand"
11,1,6,12,0,"minecraft:sand","Sand"
11,1,7,12,0,"minecraft:sand","Sand"
11,1,8,12,0,"minecraft:sand","Sand"
11,1,9,12,0,"minecraft:sand","Sand"
11,1,10,12,0,"minecraft:sand","Sand"
11,1,11,12,0,"minecraft:sand","Sand"
11,1,12,12,0,"minecraft:sand","Sand"
11,1,13,12,0,"minecraft:sand","Sand"
11,1,14,12,0,"minecraft:sand","Sand"
11,1,15,12,0,"minecraft:sand","Sand"
11,1,16,12,0,"minecraft:sand","Sand"
11,1,17,12,0,"minecraft:sand","Sand"
11,1,18,12,0,"minecraft:sand","Sand"
11,1,19,12,0,"minecraft:sand","Sand"
11,1,20,12,0,"minecraft:sand","Sand"
12,1,0,12,0,"minecraft:sand","Sand"
12,1,1,12,0,"minecraft:sand","Sand"
12,1,2,12,0,"minecraft:sand","Sand"
12,1,3,12,0,"minecraft:sand","Sand"
12,1,4,12,0,"minecraft:sand","Sand"
12,1,5,12,0,"minecraft:sand","Sand"
12,1,6,12,0,"minecraft:sand","Sand"
12,1,7,12,0,"minecraft:sand","Sand"
12,1,8,12,0,"minecraft:sand","Sand"
12,1,9,12,0,"minecraft:sand","Sand"
12,1,10,12,0,"minecraft:sand","Sand"
12,1,11,12,0,"minecraft:sand","Sand"
12,1,12,12,0,"minecraft:sand","Sand"
12,1,13,12,0,"minecraft:sand","Sand"
12,1,14,12,0,"minecraft:sand","Sand"
12,1,15,12,0,"minecraft:sand","Sand"
12,1,16,12,0,"minecraft:sand","Sand"
12,1,17,12,0,"minecraft:sand","Sand"
12,1,18,12,0,"minecraft:sand","Sand"
12,1,19,12,0,"minecraft:sand","Sand"
12,1,20,12,0,"minecraft:sand","Sand"
13,1,0,12,0,"minecraft:sand","Sand"
13,1,1,12,0,"minecraft:sand","Sand"
13,1,2,12,0,"minecraft:sand","Sand"
13,1,3,12,0,"minecraft:sand","Sand"
13,1,4,12,0,"minecraft:sand","Sand"
13,1,5,12,0,"minecraft:sand","Sand"
13,1,6,12,0,"minecraft:sand","Sand"
13,1,7,12,0,"minecraft:sand","Sand"
13,1,8,12,0,"minecraft:sand","Sand"
13,1,9,12,0,"minecraft:sand","Sand"
13,1,10,12,0,"minecraft:sand","Sand"
13,1,11,12,0,"minecraft:sand","Sand"
13,1,12,12,0,"minecraft:sand","Sand"
13,1,13,12,0,"minecraft:sand","Sand"
13,1,14,12,0,"minecraft:sand","Sand"
13,1,15,12,0,"minecraft:sand","Sand"
13,1,16,12,0,"minecraft:sand","Sand"
13,1,17,12,0,"minecraft:sand","Sand"
13,1,18,12,0,"minecraft:sand","Sand"
13,1,19,12,0,"minecraft:sand","Sand"
13,1,20,12,0,"minecraft:sand","Sand"
14,1,0,12,0,"minecraft:sand","Sand"
14,1,1,12,0,"minecraft:sand","Sand"
14,1,2,12,0,"minecraft:sand","Sand"
14,1,3,12,0,"minecraft:sand","Sand"
14,1,4,12,0,"minecraft:sand","Sand"
14,1,5,12,0,"minecraft:sand","Sand"
14,1,6,12,0,"minecraft:sand","Sand"
14,1,7,12,0,"minecraft:sand","Sand"
14,1,8,12,0,"minecraft:sand","Sand"
14,1,9,12,0,"minecraft:sand","Sand"
14,1,10,12,0,"minecraft:sand","Sand"
14,1,11,12,0,"minecraft:sand","Sand"
14,1,12,12,0,"minecraft:sand","Sand"
14,1,13,12,0,"minecraft:sand","Sand"
14,1,14,12,0,"minecraft:sand","Sand"
14,1,15,12,0,"minecraft:sand","Sand"
14,1,16,12,0,"minecraft:sand","Sand"
14,1,17,12,0,"minecraft:sand","Sand"
14,1,18,12,0,"minecraft:sand","Sand"
14,1,19,12,0,"minecraft:sand","Sand"
14,1,20,12,0,"minecraft:sand","Sand"
15,1,0,12,0,"minecraft:sand","Sand"
15,1,1,12,0,"minecraft:sand","Sand"
15,1,2,12,0,"minecraft:sand","Sand"
15,1,3,12,0,"minecraft:sand","Sand"
15,1,4,12,0,"minecraft:sand","Sand"
15,1,5,12,0,"minecraft:sand","Sand"
15,1,6,12,0,"minecraft:sand","Sand"
15,1,7,12,0,"minecraft:sand","Sand"
15,1,8,12,0,"minecraft:sand","Sand"
15,1,9,12,0,"minecraft:sand","Sand"
15,1,10,12,0,"minecraft:sand","Sand"
15,1,11,12,0,"minecraft:sand","Sand"
15,1,12,12,0,"minecraft:sand","Sand"
15,1,13,12,0,"minecraft:sand","Sand"
15,1,14,12,0,"minecraft:sand","Sand"
15,1,15,12,0,"minecraft:sand","Sand"
15,1,16,12,0,"minecraft:sand","Sand"
15,1,17,12,0,"minecraft:sand","Sand"
15,1,18,12,0,"minecraft:sand","Sand"
15,1,19,12,0,"minecraft:sand","Sand"
15,1,20,12,0,"minecraft:sand","Sand"
16,1,0,12,0,"minecraft:sand","Sand"
16,1,1,12,0,"minecraft:sand","Sand"
16,1,2,12,0,"minecraft:sand","Sand"
16,1,3,12,0,"minecraft:sand","Sand"
16,1,4,12,0,"minecraft:sand","Sand"
16,1,5,12,0,"minecraft:sand","Sand"
16,1,6,12,0,"minecraft:sand","Sand"
16,1,7,12,0,"minecraft:sand","Sand"
16,1,8,12,0,"minecraft:sand","Sand"
16,1,9,12,0,"minecraft:sand","Sand"
16,1,10,12,0,"minecraft:sand","Sand"
16,1,11,12,0,"minecraft:sand","Sand"
16,1,12,12,0,"minecraft:sand","Sand"
16,1,13,12,0,"minecraft:sand","Sand"
16,1,14,12,0,"minecraft:sand","Sand"
16,1,15,12,0,"minecraft:sand","Sand"
16,1,16,12,0,"minecraft:sand","Sand"
16,1,17,12,0,"minecraft:sand","Sand"
16,1,18,12,0,"minecraft:sand","Sand"
16,1,19,12,0,"minecraft:sand","Sand"
16,1,20,12,0,"minecraft:sand","Sand"
17,1,0,12,0,"minecraft:sand","Sand"
17,1,1,12,0,"minecraft:sand","Sand"
17,1,2,12,0,"minecraft:sand","Sand"
17,1,3,12,0,"minecraft:sand","Sand"
17,1,4,12,0,"minecraft:sand","Sand"
17,1,5,12,0,"minecraft:sand","Sand"
17,1,6,12,0,"minecraft:sand","Sand"
17,1,7,12,0,"minecraft:sand","Sand"
17,1,8,12,0,"minecraft:sand","Sand"
17,1,9,12,0,"minecraft:sand","Sand"
17,1,10,12,0,"minecraft:sand","Sand"
17,1,11,12,0,"minecraft:sand","Sand"
17,1,12,12,0,"minecraft:sand","Sand"
17,1,13,12,0,"minecraft:sand","Sand"
17,1,14,12,0,"minecraft:sand","Sand"
17,1,15,12,0,"minecraft:sand","Sand"
17,1,16,12,0,"minecraft:sand","Sand"
17,1,17,12,0,"minecraft:sand","Sand"
17,1,18,12,0,"minecraft:sand","Sand"
17,1,19,12,0,"minecraft:sand","Sand"
17,1,20,12,0,"minecraft:sand","Sand"
18,1,0,12,0,"minecraft:sand","Sand"
18,1,1,12,0,"minecraft:sand","Sand"
18,1,2,12,0,"minecraft:sand","Sand"
18,1,3,12,0,"minecraft:sand","Sand"
18,1,4,12,0,"minecraft:sand","Sand"
18,1,5,12,0,"minecraft:sand","Sand"
18,1,6,12,0,"minecraft:sand","Sand"
18,1,7,12,0,"minecraft:sand","Sand"
18,1,8,12,0,"minecraft:sand","Sand"
18,1,9,12,0,"minecraft:sand","Sand"
18,1,10,12,0,"minecraft:sand","Sand"
18,1,11,12,0,"minecraft:sand","Sand"
18,1,12,12,0,"minecraft:sand","Sand"
18,1,13,12,0,"minecraft:sand","Sand"
18,1,14,12,0,"minecraft:sand","Sand"
18,1,15,12,0,"minecraft:sand","Sand"
18,1,16,12,0,"minecraft:sand","Sand"
18,1,17,12,0,"minecraft:sand","Sand"
18,1,18,12,0,"minecraft:sand","Sand"
18,1,19,12,0,"minecraft:sand","Sand"
18,1,20,12,0,"minecraft:sand","Sand"
19,1,0,12,0,"minecraft:sand","Sand"
19,1,1,12,0,"minecraft:sand","Sand"
19,1,2,12,0,"minecraft:sand","Sand"
19,1,3,12,0,"minecraft:sand","Sand"
19,1,4,12,0,"minecraft:sand","Sand"
19,1,5,12,0,"minecraft:sand","Sand"
19,1,6,12,0,"minecraft:sand","Sand"
19,1,7,12,0,"minecraft:sand","Sand"
19,1,8,12,0,"minecraft:sand","Sand"
19,1,9,12,0,"minecraft:sand","Sand"
19,1,10,12,0,"minecraft:sand","Sand"
19,1,11,12,0,"minecraft:sand","Sand"
19,1,12,12,0,"minecraft:sand","Sand"
19,1,13,12,0,"minecraft:sand","Sand"
19,1,14,12,0,"minecraft:sand","Sand"
19,1,15,12,0,"minecraft:sand","Sand"
19,1,16,12,0,"minecraft:sand","Sand"
19,1,17,12,0,"minecraft:sand","Sand"
19,1,18,12,0,"minecraft:sand","Sand"
19,1,19,12,0,"minecraft:sand","Sand"
19,1,20,12,0,"minecraft:sand","Sand"
20,1,0,12,0,"minecraft:sand","Sand"
20,1,1,12,0,"minecraft:sand","Sand"
20,1,2,12,0,"minecraft:sand","Sand"
20,1,3,12,0,"minecraft:sand","Sand"
20,1,4,12,0,"minecraft:sand","Sand"
20,1,5,12,0,"minecraft:sand","Sand"
20,1,6,12,0,"minecraft:sand","Sand"
20,1,7,12,0,"minecraft:sand","Sand"
20,1,8,12,0,"minecraft:sand","Sand"
20,1,9,12,0,"minecraft:sand","Sand"
20,1,10,12,0,"minecraft:sand","Sand"
20,1,11,12,0,"minecraft:sand","Sand"
20,1,12,12,0,"minecraft:sand","Sand"
20,1,13,12,0,"minecraft:sand","Sand"
20,1,14,12,0,"minecraft:sand","Sand"
20,1,15,12,0,"minecraft:sand","Sand"
20,1,16,12,0,"minecraft:sand","Sand"
20,1,17,12,0,"minecraft:sand","Sand"
20,1,18,12,0,"minecraft:sand","Sand"
20,1,19,12,0,"minecraft:sand","Sand"
20,1,20,12,0,"minecraft:sand","Sand"
2,2,2,24,2,"minecraft:smooth_sandstone","Smooth Sandstone"
2,2,6,24,2,"minecraft:smooth_sandstone","Smooth Sandstone"
2,2,10,24,2,"minecraft:smooth_sandstone","Smooth Sandstone"
2,2,14,24,2,"minecraft:smooth_sandstone","Smooth Sandstone"
2,2,18,24,2,"minecraft:smooth_sandstone","Smooth Sandstone"
3,2,3,24,0,"minecraft:sandstone","Sandstone"
3,2,4,24,0,"minecraft:sandstone","Sandstone"
3,2,5,24,0,"minecraft:sandstone","Sandstone"
3,2,6,24,0,"minecraft:sandstone","Sandstone"
3,2,7,24,0,"minecraft:sandstone","Sandstone"
3,2,8,24,0,"minecraft:sandstone","Sandstone"
3,2,9,24,0,"minecraft:sandstone","Sandstone"
3,2,10,24,0,"minecraft:sandstone","Sandstone"
3,2,11,24,0,"minecraft:sandstone","Sandstone"
3,2,12,24,0,"minecraft:sandstone","Sandstone"
3,2,13,24,0,"minecraft:sandstone","Sandstone"
3,2,14,24,0,"minecraft:sandstone","Sandstone"
3,2,15,24,0,"minecraft:sandstone","Sandstone"
3,2,16,24,0,"minecraft:sandstone","Sandstone"
3,2,17,24,0,"minecraft:sandstone","Sandstone"
4,2,3,24,0,"minecraft:sandstone","Sandstone"
4,2,17,24,0,"minecraft:sandstone","Sandstone"
5,2,3,24,0,"minecraft:sandstone","Sandstone"
5,2,17,24,0,"minecraft:sandstone","Sandstone"
6,2,2,24,2,"minecraft:smooth_sandstone","Smooth Sandstone"
6,2,3,24,0,"minecraft:sandstone","Sandstone"
6,2,16,24,2,"minecraft:smooth_sandstone","Smooth Sandstone"
6,2,18,24,2,"minecraft:smooth_sandstone","Smooth Sandstone"
7,2,3,24,0,"minecraft:sandstone","Sandstone"
8,2,3,24,0,"minecraft:sandstone","Sandstone"
9,2,3,24,0,"minecraft:sandstone","Sandstone"
10,2,2,24,2,"minecraft:smooth_sandstone","Smooth Sandstone"
10,2,3,24,0,"minecraft:sandstone","Sandstone"
10,2,16,24,2,"minecraft:smooth_sandstone","Smooth Sandstone"
10,2,18,24,2,"minecraft:smooth_sandstone","Smooth Sandstone"
11,2,3,24,0,"minecraft:sandstone","Sandstone"
11,2,17,24,0,"minecraft:sandstone","Sandstone"
12,2,3,24,0,"minecraft:sandstone","Sandstone"
12,2,17,24,0,"minecraft:sandstone","Sandstone"
13,2,3,24,0,"minecraft:sandstone","Sandstone"
13,2,9,24,0,"minecraft:sandstone","Sandstone"
13,2,10,24,0,"minecraft:sandstone","Sandstone"
13,2,11,24,0,"minecraft:sandstone","Sandstone"
13,2,12,24,0,"minecraft:sandstone","Sandstone"
13,2,13,24,0,"minecraft:sandstone","Sandstone"
13,2,14,24,0,"minecraft:sandstone","Sandstone"
13,2,15,24,0,"minecraft:sandstone","Sandstone"
13,2,16,24,0,"minecraft:sandstone","Sandstone"
13,2,17,24,0,"minecraft:sandstone","Sandstone"
14,2,2,24,2,"minecraft:smooth_sandstone","Smooth Sandstone"
14,2,3,24,0,"minecraft:sandstone","Sandstone"
14,2,9,24,0,"minecraft:sandstone","Sandstone"
14,2,10,24,2,"minecraft:smooth_sandstone","Smooth Sandstone"
14,2,14,24,2,"minecraft:smooth_sandstone","Smooth Sandstone"
14,2,18,24,2,"minecraft:smooth_sandstone","Smooth Sandstone"
15,2,3,24,0,"minecraft:sandstone","Sandstone"
15,2,9,24,0,"minecraft:sandstone","Sandstone"
16,2,3,24,0,"minecraft:sandstone","Sandstone"
16,2,9,24,0,"minecraft:sandstone","Sandstone"
17,2,3,24,0,"minecraft:sandstone","Sandstone"
17,2,4,24,0,"minecraft:sandstone","Sandstone"
17,2,5,24,0,"minecraft:sandstone","Sandstone"
17,2,6,24,0,"minecraft:sandstone","Sandstone"
17,2,7,24,0,"minecraft:sandstone","Sandstone"
17,2,8,24,0,"minecraft:sandstone","Sandstone"
17,2,9,24,0,"minecraft:sandstone","Sandstone"
18,2,2,24,2,"minecraft:smooth_sandstone","Smooth Sandstone"
18,2,6,24,2,"minecraft:smooth_sandstone","Smooth Sandstone"
18,2,10,24,2,"minecraft:smooth_sandstone","Smooth Sandstone"
2,3,2,24,2,"minecraft:smooth_sandstone","Smooth Sandstone"
2,3,6,24,2,"minecraft:smooth_sandstone","Smooth Sandstone"
2,3,10,24,2,"minecraft:smooth_sandstone","Smooth Sandstone"
2,3,14,24,2,"minecraft:smooth_sandstone","Smooth Sandstone"
2,3,18,24,2,"minecraft:smooth_sandstone","Smooth Sandstone"
3,3,3,24,0,"minecraft:sandstone","Sandstone"
3,3,4,188,0,"minecraft:spruce_fence","Spruce Fence"
3,3,5,24,0,"minecraft:sandstone","Sandstone"
3,3,6,24,0,"minecraft:sandstone","Sandstone"
3,3,7,24,0,"minecraft:sandstone","Sandstone"
3,3,8,188,0,"minecraft:spruce_fence","Spruce Fence"
3,3,9,24,0,"minecraft:sandstone","Sandstone"
3,3,10,24,0,"minecraft:sandstone","Sandstone"
3,3,11,24,0,"minecraft:sandstone","Sandstone"
3,3,12,188,0,"minecraft:spruce_fence","Spruce Fence"
3,3,13,24,0,"minecraft:sandstone","Sandstone"
3,3,14,24,0,"minecraft:sandstone","Sandstone"
3,3,15,24,0,"minecraft:sandstone","Sandstone"
3,3,16,188,0,"minecraft:spruce_fence","Spruce Fence"
3,3,17,24,0,"minecraft:sandstone","Sandstone"
4,3,3,188,0,"minecraft:spruce_fence","Spruce Fence"
4,3,17,188,0,"minecraft:spruce_fence","Spruce Fence"
5,3,3,24,0,"minecraft:sandstone","Sandstone"
5,3,17,24,0,"minecraft:sandstone","Sandstone"
6,3,2,24,2,"minecraft:smooth_sandstone","Smooth Sandstone"
6,3,3,24,0,"minecraft:sandstone","Sandstone"
6,3,16,24,2,"minecraft:smooth_sandstone","Smooth Sandstone"
6,3,18,24,2,"minecraft:smooth_sandstone","Smooth Sandstone"
7,3,3,24,0,"minecraft:sandstone","Sandstone"
8,3,3,188,0,"minecraft:spruce_fence","Spruce Fence"
9,3,3,24,0,"minecraft:sandstone","Sandstone"
10,3,2,24,2,"minecraft:smooth_sandstone","Smooth Sandstone"
10,3,3,24,0,"minecraft:sandstone","Sandstone"
10,3,16,24,2,"minecraft:smooth_sandstone","Smooth Sandstone"
10,3,18,24,2,"minecraft:smooth_sandstone","Smooth Sandstone"
11,3,3,24,0,"minecraft:sandstone","Sandstone"
11,3,17,24,0,"minecraft:sandstone","Sandstone"
12,3,3,188,0,"minecraft:spruce_fence","Spruce Fence"
12,3,17,24,0,"minecraft:sandstone","Sandstone"
13,3,3,24,0,"minecraft:sandstone","Sandstone"
13,3,9,24,0,"minecraft:sandstone","Sandstone"
13,3,10,24,0,"minecraft:sandstone","Sandstone"
13,3,11,24,0,"minecraft:sandstone","Sandstone"
13,3,12,188,0,"minecraft:spruce_fence","Spruce Fence"
13,3,13,24,0,"minecraft:sandstone","Sandstone"
13,3,14,24,0,"minecraft:sandstone","Sandstone"
13,3,15,24,0,"minecraft:sandstone","Sandstone"
13,3,16,24,0,"minecraft:sandstone","Sandstone"
13,3,17,24,0,"minecraft:sandstone","Sandstone"
14,3,2,24,2,"minecraft:smooth_sandstone","Smooth Sandstone"
14,3,3,24,0,"minecraft:sandstone","Sandstone"
14,3,9,24,0,"minecraft:sandstone","Sandstone"
14,3,10,24,2,"minecraft:smooth_sandstone","Smooth Sandstone"
14,3,14,24,2,"minecraft:smooth_sandstone","Smooth Sandstone"
14,3,18,24,2,"minecraft:smooth_sandstone","Smooth Sandstone"
15,3,3,24,0,"minecraft:sandstone","Sandstone"
15,3,9,24,0,"minecraft:sandstone","Sandstone"
16,3,3,188,0,"minecraft:spruce_fence","Spruce Fence"
16,3,9,188,0,"minecraft:spruce_fence","Spruce Fence"
17,3,3,24,0,"minecraft:sandstone","Sandstone"
17,3,4,188,0,"minecraft:spruce_fence","Spruce Fence"
17,3,5,24,0,"minecraft:sandstone","Sandstone"
17,3,6,24,0,"minecraft:sandstone","Sandstone"
17,3,7,24,0,"minecraft:sandstone","Sandstone"
17,3,8,188,0,"minecraft:spruce_fence","Spruce Fence"
17,3,9,24,0,"minecraft:sandstone","Sandstone"
18,3,2,24,2,"minecraft:smooth_sandstone","Smooth Sandstone"
18,3,6,24,2,"minecraft:smooth_sandstone","Smooth Sandstone"
18,3,10,24,2,"minecraft:smooth_sandstone","Smooth Sandstone"
2,4,2,24,2,"minecraft:smooth_sandstone","Smooth Sandstone"
2,4,3,128,0,"minecraft:sandstone_stairs","Sandstone Stairs (South, Upside-down)"
2,4,5,128,0,"minecraft:sandstone_stairs","Sandstone Stairs (North, Upside-down)"
2,4,6,24,2,"minecraft:smooth_sandstone","Smooth Sandstone"
2,4,7,128,0,"minecraft:sandstone_stairs","Sandstone Stairs (South, Upside-down)"
2,4,9,128,0,"minecraft:sandstone_stairs","Sandstone Stairs (North, Upside-down)"
2,4,10,24,2,"minecraft:smooth_sandstone","Smooth Sandstone"
2,4,11,128,0,"minecraft:sandstone_stairs","Sandstone Stairs (South, Upside-down)"
2,4,13,128,0,"minecraft:sandstone_stairs","Sandstone Stairs (North, Upside-down)"
2,4,14,24,2,"minecraft:smooth_sandstone","Smooth Sandstone"
2,4,15,128,0,"minecraft:sandstone_stairs","Sandstone Stairs (South, Upside-down)"
2,4,17,128,0,"minecraft:sandstone_stairs","Sandstone Stairs (North, Upside-down)"
2,4,18,24,2,"minecraft:smooth_sandstone","Smooth Sandstone"
3,4,2,128,0,"minecraft:sandstone_stairs","Sandstone Stairs (East, Upside-down)"
3,4,3,24,0,"minecraft:sandstone","Sandstone"
3,4,4,24,0,"minecraft:sandstone","Sandstone"
3,4,5,24,0,"minecraft:sandstone","Sandstone"
3,4,6,24,0,"minecraft:sandstone","Sandstone"
3,4,7,24,0,"minecraft:sandstone","Sandstone"
3,4,8,24,0,"minecraft:sandstone","Sandstone"
3,4,9,24,0,"minecraft:sandstone","Sandstone"
3,4,10,24,0,"minecraft:sandstone","Sandstone"
3,4,11,24,0,"minecraft:sandstone","Sandstone"
3,4,12,24,0,"minecraft:sandstone","Sandstone"
3,4,13,24,0,"minecraft:sandstone","Sandstone"
3,4,14,24,0,"minecraft:sandstone","Sandstone"
3,4,15,24,0,"minecraft:sandstone","Sandstone"
3,4,16,24,0,"minecraft:sandstone","Sandstone"
3,4,17,24,0,"minecraft:sandstone","Sandstone"
3,4,18,128,0,"minecraft:sandstone_stairs","Sandstone Stairs (East, Upside-down)"
4,4,3,24,0,"minecraft:sandstone","Sandstone"
4,4,17,24,0,"minecraft:sandstone","Sandstone"
5,4,2,128,0,"minecraft:sandstone_stairs","Sandstone Stairs (West, Upside-down)"
5,4,3,24,0,"minecraft:sandstone","Sandstone"
5,4,17,24,0,"minecraft:sandstone","Sandstone"
5,4,18,128,0,"minecraft:sandstone_stairs","Sandstone Stairs (West, Upside-down)"
6,4,2,24,2,"minecraft:smooth_sandstone","Smooth Sandstone"
6,4,3,24,0,"minecraft:sandstone","Sandstone"
6,4,16,24,2,"minecraft:smooth_sandstone","Smooth Sandstone"
6,4,17,128,0,"minecraft:sandstone_stairs","Sandstone Stairs (East, Upside-down)"
6,4,18,24,2,"minecraft:smooth_sandstone","Smooth Sandstone"
7,4,2,128,0,"minecraft:sandstone_stairs","Sandstone Stairs (East, Upside-down)"
7,4,3,24,0,"minecraft:sandstone","Sandstone"
7,4,16,128,0,"minecraft:sandstone_stairs","Sandstone Stairs (East, Upside-down)"
7,4,17,188,0,"minecraft:spruce_fence","Spruce Fence"
7,4,18,128,0,"minecraft:sandstone_stairs","Sandstone Stairs (East, Upside-down)"
8,4,3,24,0,"minecraft:sandstone","Sandstone"
8,4,17,188,0,"minecraft:spruce_fence","Spruce Fence"
9,4,2,128,0,"minecraft:sandstone_stairs","Sandstone Stairs (West, Upside-down)"
9,4,3,24,0,"minecraft:sandstone","Sandstone"
9,4,16,128,0,"minecraft:sandstone_stairs","Sandstone Stairs (West, Upside-down)"
9,4,17,188,0,"minecraft:spruce_fence","Spruce Fence"
9,4,18,128,0,"minecraft:sandstone_stairs","Sandstone Stairs (West, Upside-down)"
10,4,2,24,2,"minecraft:smooth_sandstone","Smooth Sandstone"
10,4,3,24,0,"minecraft:sandstone","Sandstone"
10,4,16,24,2,"minecraft:smooth_sandstone","Smooth Sandstone"
10,4,17,128,0,"minecraft:sandstone_stairs","Sandstone Stairs (West, Upside-down)"
10,4,18,24,2,"minecraft:smooth_sandstone","Smooth Sandstone"
11,4,2,128,0,"minecraft:sandstone_stairs","Sandstone Stairs (East, Upside-down)"
11,4,3,24,0,"minecraft:sandstone","Sandstone"
11,4,17,24,0,"minecraft:sandstone","Sandstone"
11,4,18,128,0,"minecraft:sandstone_stairs","Sandstone Stairs (East, Upside-down)"
12,4,3,24,0,"minecraft:sandstone","Sandstone"
12,4,17,24,0,"minecraft:sandstone","Sandstone"
13,4,2,128,0,"minecraft:sandstone_stairs","Sandstone Stairs (West, Upside-down)"
13,4,3,24,0,"minecraft:sandstone","Sandstone"
13,4,9,24,0,"minecraft:sandstone","Sandstone"
13,4,10,24,0,"minecraft:sandstone","Sandstone"
13,4,11,24,0,"minecraft:sandstone","Sandstone"
13,4,12,24,0,"minecraft:sandstone","Sandstone"
13,4,13,24,0,"minecraft:sandstone","Sandstone"
13,4,14,24,0,"minecraft:sandstone","Sandstone"
13,4,15,24,0,"minecraft:sandstone","Sandstone"
13,4,16,24,0,"minecraft:sandstone","Sandstone"
13,4,17,24,0,"minecraft:sandstone","Sandstone"
13,4,18,128,0,"minecraft:sandstone_stairs","Sandstone Stairs (West, Upside-down)"
14,4,2,24,2,"minecraft:smooth_sandstone","Smooth Sandstone"
14,4,3,24,0,"minecraft:sandstone","Sandstone"
14,4,9,24,0,"minecraft:sandstone","Sandstone"
14,4,10,24,2,"minecraft:smooth_sandstone","Smooth Sandstone"
14,4,11,128,0,"minecraft:sandstone_stairs","Sandstone Stairs (South, Upside-down)"
14,4,13,128,0,"minecraft:sandstone_stairs","Sandstone Stairs (North, Upside-down)"
14,4,14,24,2,"minecraft:smooth_sandstone","Smooth Sandstone"
14,4,15,128,0,"minecraft:sandstone_stairs","Sandstone Stairs (South, Upside-down)"
14,4,17,128,0,"minecraft:sandstone_stairs","Sandstone Stairs (North, Upside-down)"
14,4,18,24,2,"minecraft:smooth_sandstone","Smooth Sandstone"
15,4,2,128,0,"minecraft:sandstone_stairs","Sandstone Stairs (East, Upside-down)"
15,4,3,24,0,"minecraft:sandstone","Sandstone"
15,4,9,24,0,"minecraft:sandstone","Sandstone"
15,4,10,128,0,"minecraft:sandstone_stairs","Sandstone Stairs (East, Upside-down)"
16,4,3,24,0,"minecraft:sandstone","Sandstone"
16,4,9,24,0,"minecraft:sandstone","Sandstone"
17,4,2,128,0,"minecraft:sandstone_stairs","Sandstone Stairs (West, Upside-down)"
17,4,3,24,0,"minecraft:sandstone","Sandstone"
17,4,4,24,0,"minecraft:sandstone","Sandstone"
17,4,5,24,0,"minecraft:sandstone","Sandstone"
17,4,6,24,0,"minecraft:sandstone","Sandstone"
17,4,7,24,0,"minecraft:sandstone","Sandstone"
17,4,8,24,0,"minecraft:sandstone","Sandstone"
17,4,9,24,0,"minecraft:sandstone","Sandstone"
17,4,10,128,0,"minecraft:sandstone_stairs","Sandstone Stairs (West, Upside-down)"
18,4,2,24,2,"minecraft:smooth_sandstone","Smooth Sandstone"
18,4,3,128,0,"minecraft:sandstone_stairs","Sandstone Stairs (South, Upside-down)"
18,4,5,128,0,"minecraft:sandstone_stairs","Sandstone Stairs (North, Upside-down)"
18,4,6,24,2,"minecraft:smooth_sandstone","Smooth Sandstone"
18,4,7,128,0,"minecraft:sandstone_stairs","Sandstone Stairs (South, Upside-down)"
18,4,9,128,0,"minecraft:sandstone_stairs","Sandstone Stairs (North, Upside-down)"
18,4,10,24,2,"minecraft:smooth_sandstone","Smooth Sandstone"
2,5,2,24,2,"minecraft:smooth_sandstone","Smooth Sandstone"
2,5,3,24,2,"minecraft:smooth_sandstone","Smooth Sandstone"
2,5,4,24,2,"minecraft:smooth_sandstone","Smooth Sandstone"
2,5,5,24,2,"minecraft:smooth_sandstone","Smooth Sandstone"
2,5,6,24,2,"minecraft:smooth_sandstone","Smooth Sandstone"
2,5,7,24,2,"minecraft:smooth_sandstone","Smooth Sandstone"
2,5,8,24,2,"minecraft:smooth_sandstone","Smooth Sandstone"
2,5,9,24,2,"minecraft:smooth_sandstone","Smooth Sandstone"
2,5,10,24,2,"minecraft:smooth_sandstone","Smooth Sandstone"
2,5,11,24,2,"minecraft:smooth_sandstone","Smooth Sandstone"
2,5,12,24,2,"minecraft:smooth_sandstone","Smooth Sandstone"
2,5,13,24,2,"minecraft:smooth_sandstone","Smooth Sandstone"
2,5,14,24,2,"minecraft:smooth_sandstone","Smooth Sandstone"
2,5,15,24,2,"minecraft:smooth_sandstone","Smooth Sandstone"
2,5,16,24,2,"minecraft:smooth_sandstone","Smooth Sandstone"
2,5,17,24,2,"minecraft:smooth_sandstone","Smooth Sandstone"
2,5,18,24,2,"minecraft:smooth_sandstone","Smooth Sandstone"
3,5,2,24,2,"minecraft:smooth_sandstone","Smooth Sandstone"
3,5,3,24,0,"minecraft:sandstone","Sandstone"
3,5,4,24,0,"minecraft:sandstone","Sandstone"
3,5,5,24,0,"minecraft:sandstone","Sandstone"
3,5,6,24,0,"minecraft:sandstone","Sandstone"
3,5,7,24,0,"minecraft:sandstone","Sandstone"
3,5,8,24,0,"minecraft:sandstone","Sandstone"
3,5,9,24,0,"minecraft:sandstone","Sandstone"
3,5,10,24,0,"minecraft:sandstone","Sandstone"
3,5,11,24,0,"minecraft:sandstone","Sandstone"
3,5,12,24,0,"minecraft:sandstone","Sandstone"
3,5,13,24,0,"minecraft:sandstone","Sandstone"
3,5,14,24,0,"minecraft:sandstone","Sandstone"
3,5,15,24,0,"minecraft:sandstone","Sandstone"
3,5,16,24,0,"minecraft:sandstone","Sandstone"
3,5,17,24,0,"minecraft:sandstone","Sandstone"
3,5,18,24,2,"minecraft:smooth_sandstone","Smooth Sandstone"
4,5,2,24,2,"minecraft:smooth_sandstone","Smooth Sandstone"
4,5,3,24,0,"minecraft:sandstone","Sandstone"
4,5,4,24,0,"minecraft:sandstone","Sandstone"
4,5,5,24,0,"minecraft:sandstone","Sandstone"
4,5,6,24,0,"minecraft:sandstone","Sandstone"
4,5,7,24,0,"minecraft:sandstone","Sandstone"
4,5,8,24,0,"minecraft:sandstone","Sandstone"
4,5,9,24,0,"minecraft:sandstone","Sandstone"
4,5,10,24,0,"minecraft:sandstone","Sandstone"
4,5,11,24,0,"minecraft:sandstone","Sandstone"
4,5,12,24,0,"minecraft:sandstone","Sandstone"
4,5,13,24,0,"minecraft:sandstone","Sandstone"
4,5,14,24,0,"minecraft:sandstone","Sandstone"
4,5,15,24,0,"minecraft:sandstone","Sandstone"
4,5,16,24,0,"minecraft:sandstone","Sandstone"
4,5,17,24,0,"minecraft:sandstone","Sandstone"
4,5,18,24,2,"minecraft:smooth_sandstone","Smooth Sandstone"
5,5,2,24,2,"minecraft:smooth_sandstone","Smooth Sandstone"
5,5,3,24,0,"minecraft:sandstone","Sandstone"
5,5,4,24,0,"minecraft:sandstone","Sandstone"
5,5,5,24,0,"minecraft:sandstone","Sandstone"
5,5,6,24,0,"minecraft:sandstone","Sandstone"
5,5,7,24,0,"minecraft:sandstone","Sandstone"
5,5,8,24,0,"minecraft:sandstone","Sandstone"
5,5,9,24,0,"minecraft:sandstone","Sandstone"
5,5,10,24,0,"minecraft:sandstone","Sandstone"
5,5,11,24,0,"minecraft:sandstone","Sandstone"
5,5,12,24,0,"minecraft:sandstone","Sandstone"
5,5,13,24,0,"minecraft:sandstone","Sandstone"
5,5,14,24,0,"minecraft:sandstone","Sandstone"
5,5,15,24,0,"minecraft:sandstone","Sandstone"
5,5,16,24,0,"minecraft:sandstone","Sandstone"
5,5,17,24,0,"minecraft:sandstone","Sandstone"
5,5,18,24,2,"minecraft:smooth_sandstone","Smooth Sandstone"
6,5,2,24,2,"minecraft:smooth_sandstone","Smooth Sandstone"
6,5,3,24,0,"minecraft:sandstone","Sandstone"
6,5,4,24,0,"minecraft:sandstone","Sandstone"
6,5,5,24,0,"minecraft:sandstone","Sandstone"
6,5,6,24,0,"minecraft:sandstone","Sandstone"
6,5,7,24,0,"minecraft:sandstone","Sandstone"
6,5,8,24,0,"minecraft:sandstone","Sandstone"
6,5,9,24,0,"minecraft:sandstone","Sandstone"
6,5,10,24,0,"minecraft:sandstone","Sandstone"
6,5,11,24,0,"minecraft:sandstone","Sandstone"
6,5,12,24,0,"minecraft:sandstone","Sandstone"
6,5,13,24,0,"minecraft:sandstone","Sandstone"
6,5,14,24,0,"minecraft:sandstone","Sandstone"
6,5,15,24,0,"minecraft:sandstone","Sandstone"
6,5,16,24,0,"minecraft:sandstone","Sandstone"
6,5,17,24,0,"minecraft:sandstone","Sandstone"
6,5,18,24,2,"minecraft:smooth_sandstone","Smooth Sandstone"
7,5,2,24,2,"minecraft:smooth_sandstone","Smooth Sandstone"
7,5,3,24,0,"minecraft:sandstone","Sandstone"
7,5,4,24,0,"minecraft:sandstone","Sandstone"
7,5,5,24,0,"minecraft:sandstone","Sandstone"
7,5,6,24,0,"minecraft:sandstone","Sandstone"
7,5,7,24,0,"minecraft:sandstone","Sandstone"
7,5,8,24,0,"minecraft:sandstone","Sandstone"
7,5,9,24,0,"minecraft:sandstone","Sandstone"
7,5,10,24,0,"minecraft:sandstone","Sandstone"
7,5,11,24,0,"minecraft:sandstone","Sandstone"
7,5,12,24,0,"minecraft:sandstone","Sandstone"
7,5,13,24,0,"minecraft:sandstone","Sandstone"
7,5,14,24,0,"minecraft:sandstone","Sandstone"
7,5,15,24,0,"minecraft:sandstone","Sandstone"
7,5,16,24,0,"minecraft:sandstone","Sandstone"
7,5,17,24,0,"minecraft:sandstone","Sandstone"
7,5,18,24,2,"minecraft:smooth_sandstone","Smooth Sandstone"
8,5,2,24,2,"minecraft:smooth_sandstone","Smooth Sandstone"
8,5,3,24,0,"minecraft:sandstone","Sandstone"
8,5,4,24,0,"minecraft:sandstone","Sandstone"
8,5,5,24,0,"minecraft:sandstone","Sandstone"
8,5,6,24,0,"minecraft:sandstone","Sandstone"
8,5,7,24,0,"minecraft:sandstone","Sandstone"
8,5,8,24,0,"minecraft:sandstone","Sandstone"
8,5,9,24,0,"minecraft:sandstone","Sandstone"
8,5,10,24,0,"minecraft:sandstone","Sandstone"
8,5,11,24,0,"minecraft:sandstone","Sandstone"
8,5,12,24,0,"minecraft:sandstone","Sandstone"
8,5,13,24,0,"minecraft:sandstone","Sandstone"
8,5,14,24,0,"minecraft:sandstone","Sandstone"
8,5,15,24,0,"minecraft:sandstone","Sandstone"
8,5,16,24,0,"minecraft:sandstone","Sandstone"
8,5,17,24,0,"minecraft:sandstone","Sandstone"
8,5,18,24,2,"minecraft:smooth_sandstone","Smooth Sandstone"
9,5,2,24,2,"minecraft:smooth_sandstone","Smooth Sandstone"
9,5,3,24,0,"minecraft:sandstone","Sandstone"
9,5,4,24,0,"minecraft:sandstone","Sandstone"
9,5,5,24,0,"minecraft:sandstone","Sandstone"
9,5,6,24,0,"minecraft:sandstone","Sandstone"
9,5,7,24,0,"minecraft:sandstone","Sandstone"
9,5,8,24,0,"minecraft:sandstone","Sandstone"
9,5,9,24,0,"minecraft:sandstone","Sandstone"
9,5,10,24,0,"minecraft:sandstone","Sandstone"
9,5,11,24,0,"minecraft:sandstone","Sandstone"
9,5,12,24,0,"minecraft:sandstone","Sandstone"
9,5,13,24,0,"minecraft:sandstone","Sandstone"
9,5,14,24,0,"minecraft:sandstone","Sandstone"
9,5,15,24,0,"minecraft:sandstone","Sandstone"
9,5,16,24,0,"minecraft:sandstone","Sandstone"
9,5,17,24,0,"minecraft:sandstone","Sandstone"
9,5,18,24,2,"minecraft:smooth_sandstone","Smooth Sandstone"
10,5,2,24,2,"minecraft:smooth_sandstone","Smooth Sandstone"
10,5,3,24,0,"minecraft:sandstone","Sandstone"
10,5,4,24,0,"minecraft:sandstone","Sandstone"
10,5,5,24,0,"minecraft:sandstone","Sandstone"
10,5,6,24,0,"minecraft:sandstone","Sandstone"
10,5,7,24,0,"minecraft:sandstone","Sandstone"
10,5,8,24,0,"minecraft:sandstone","Sandstone"
10,5,9,24,0,"minecraft:sandstone","Sandstone"
10,5,10,24,0,"minecraft:sandstone","Sandstone"
10,5,11,24,0,"minecraft:sandstone","Sandstone"
10,5,12,24,0,"minecraft:sandstone","Sandstone"
10,5,13,24,0,"minecraft:sandstone","Sandstone"
10,5,14,24,0,"minecraft:sandstone","Sandstone"
10,5,15,24,0,"minecraft:sandstone","Sandstone"
10,5,16,24,0,"minecraft:sandstone","Sandstone"
10,5,17,24,0,"minecraft:sandstone","Sandstone"
10,5,18,24,2,"minecraft:smooth_sandstone","Smooth Sandstone"
11,5,2,24,2,"minecraft:smooth_sandstone","Smooth Sandstone"
11,5,3,24,0,"minecraft:sandstone","Sandstone"
11,5,4,24,0,"minecraft:sandstone","Sandstone"
11,5,5,24,0,"minecraft:sandstone","Sandstone"
11,5,6,24,0,"minecraft:sandstone","Sandstone"
11,5,7,24,0,"minecraft:sandstone","Sandstone"
11,5,8,24,0,"minecraft:sandstone","Sandstone"
11,5,9,24,0,"minecraft:sandstone","Sandstone"
11,5,10,24,0,"minecraft:sandstone","Sandstone"
11,5,11,24,0,"minecraft:sandstone","Sandstone"
11,5,12,24,0,"minecraft:sandstone","Sandstone"
11,5,13,24,0,"minecraft:sandstone","Sandstone"
11,5,14,24,0,"minecraft:sandstone","Sandstone"
11,5,15,24,0,"minecraft:sandstone","Sandstone"
11,5,16,24,0,"minecraft:sandstone","Sandstone"
11,5,17,24,0,"minecraft:sandstone","Sandstone"
11,5,18,24,2,"minecraft:smooth_sandstone","Smooth Sandstone"
12,5,2,24,2,"minecraft:smooth_sandstone","Smooth Sandstone"
12,5,3,24,0,"minecraft:sandstone","Sandstone"
12,5,4,24,0,"minecraft:sandstone","Sandstone"
12,5,5,24,0,"minecraft:sandstone","Sandstone"
12,5,6,24,0,"minecraft:sandstone","Sandstone"
12,5,7,24,0,"minecraft:sandstone","Sandstone"
12,5,8,24,0,"minecraft:sandstone","Sandstone"
12,5,9,24,0,"minecraft:sandstone","Sandstone"
12,5,10,24,0,"minecraft:sandstone","Sandstone"
12,5,11,24,0,"minecraft:sandstone","Sandstone"
12,5,12,24,0,"minecraft:sandstone","Sandstone"
12,5,13,24,0,"minecraft:sandstone","Sandstone"
12,5,14,24,0,"minecraft:sandstone","Sandstone"
12,5,15,24,0,"minecraft:sandstone","Sandstone"
12,5,16,24,0,"minecraft:sandstone","Sandstone"
12,5,17,24,0,"minecraft:sandstone","Sandstone"
12,5,18,24,2,"minecraft:smooth_sandstone","Smooth Sandstone"
13,5,2,24,2,"minecraft:smooth_sandstone","Smooth Sandstone"
13,5,3,24,0,"minecraft:sandstone","Sandstone"
13,5,4,24,0,"minecraft:sandstone","Sandstone"
13,5,5,24,0,"minecraft:sandstone","Sandstone"
13,5,6,24,0,"minecraft:sandstone","Sandstone"
13,5,7,24,0,"minecraft:sandstone","Sandstone"
13,5,8,24,0,"minecraft:sandstone","Sandstone"
13,5,9,24,0,"minecraft:sandstone","Sandstone"
13,5,10,24,0,"minecraft:sandstone","Sandstone"
13,5,11,24,0,"minecraft:sandstone","Sandstone"
13,5,12,24,0,"minecraft:sandstone","Sandstone"
13,5,13,24,0,"minecraft:sandstone","Sandstone"
13,5,14,24,0,"minecraft:sandstone","Sandstone"
13,5,15,24,0,"minecraft:sandstone","Sandstone"
13,5,16,24,0,"minecraft:sandstone","Sandstone"
13,5,17,24,0,"minecraft:sandstone","Sandstone"
13,5,18,24,2,"minecraft:smooth_sandstone","Smooth Sandstone"
14,5,2,24,2,"minecraft:smooth_sandstone","Smooth Sandstone"
14,5,3,24,0,"minecraft:sandstone","Sandstone"
14,5,4,24,0,"minecraft:sandstone","Sandstone"
14,5,5,24,0,"minecraft:sandstone","Sandstone"
14,5,6,24,0,"minecraft:sandstone","Sandstone"
14,5,7,24,0,"minecraft:sandstone","Sandstone"
14,5,8,24,0,"minecraft:sandstone","Sandstone"
14,5,9,24,0,"minecraft:sandstone","Sandstone"
14,5,10,24,2,"minecraft:smooth_sandstone","Smooth Sandstone"
14,5,11,24,2,"minecraft:smooth_sandstone","Smooth Sandstone"
14,5,12,24,2,"minecraft:smooth_sandstone","Smooth Sandstone"
14,5,13,24,2,"minecraft:smooth_sandstone","Smooth Sandstone"
14,5,14,24,2,"minecraft:smooth_sandstone","Smooth Sandstone"
14,5,15,24,2,"minecraft:smooth_sandstone","Smooth Sandstone"
14,5,16,24,2,"minecraft:smooth_sandstone","Smooth Sandstone"
14,5,17,24,2,"minecraft:smooth_sandstone","Smooth Sandstone"
14,5,18,24,2,"minecraft:smooth_sandstone","Smooth Sandstone"
15,5,2,24,2,"minecraft:smooth_sandstone","Smooth Sandstone"
15,5,3,24,0,"minecraft:sandstone","Sandstone"
15,5,4,24,0,"minecraft:sandstone","Sandstone"
15,5,5,24,0,"minecraft:sandstone","Sandstone"
15,5,6,24,0,"minecraft:sandstone","Sandstone"
15,5,7,24,0,"minecraft:sandstone","Sandstone"
15,5,8,24,0,"minecraft:sandstone","Sandstone"
15,5,9,24,0,"minecraft:sandstone","Sandstone"
15,5,10,24,2,"minecraft:smooth_sandstone","Smooth Sandstone"
16,5,2,24,2,"minecraft:smooth_sandstone","Smooth Sandstone"
16,5,3,24,0,"minecraft:sandstone","Sandstone"
16,5,4,24,0,"minecraft:sandstone","Sandstone"
16,5,5,24,0,"minecraft:sandstone","Sandstone"
16,5,6,24,0,"minecraft:sandstone","Sandstone"
16,5,7,24,0,"minecraft:sandstone","Sandstone"
16,5,8,24,0,"minecraft:sandstone","Sandstone"
16,5,9,24,0,"minecraft:sandstone","Sandstone"
16,5,10,24,2,"minecraft:smooth_sandstone","Smooth Sandstone"
17,5,2,24,2,"minecraft:smooth_sandstone","Smooth Sandstone"
17,5,3,24,0,"minecraft:sandstone","Sandstone"
17,5,4,24,0,"minecraft:sandstone","Sandstone"
17,5,5,24,0,"minecraft:sandstone","Sandstone"
17,5,6,24,0,"minecraft:sandstone","Sandstone"
17,5,7,24,0,"minecraft:sandstone","Sandstone"
17,5,8,24,0,"minecraft:sandstone","Sandstone"
17,5,9,24,0,"minecraft:sandstone","Sandstone"
17,5,10,24,2,"minecraft:smooth_sandstone","Smooth Sandstone"
18,5,2,24,2,"minecraft:smooth_sandstone","Smooth Sandstone"
18,5,3,24,2,"minecraft:smooth_sandstone","Smooth Sandstone"
18,5,4,24,2,"minecraft:smooth_sandstone","Smooth Sandstone"
18,5,5,24,2,"minecraft:smooth_sandstone","Smooth Sandstone"
18,5,6,24,2,"minecraft:smooth_sandstone","Smooth Sandstone"
18,5,7,24,2,"minecraft:smooth_sandstone","Smooth Sandstone"
18,5,8,24,2,"minecraft:smooth_sandstone","Smooth Sandstone"
18,5,9,24,2,"minecraft:smooth_sandstone","Smooth Sandstone"
18,5,10,24,2,"minecraft:smooth_sandstone","Smooth Sandstone"
2,6,2,24,2,"minecraft:smooth_sandstone","Smooth Sandstone"
2,6,6,24,2,"minecraft:smooth_sandstone","Smooth Sandstone"
2,6,10,24,2,"minecraft:smooth_sandstone","Smooth Sandstone"
2,6,14,24,2,"minecraft:smooth_sandstone","Smooth Sandstone"
2,6,15,44,1,"minecraft:sandstone_slab","Sandstone Slab"
2,6,16,24,2,"minecraft:smooth_sandstone","Smooth Sandstone"
2,6,17,44,1,"minecraft:sandstone_slab","Sandstone Slab"
2,6,18,24,2,"minecraft:smooth_sandstone","Smooth Sandstone"
3,6,3,24,0,"minecraft:sandstone","Sandstone"
3,6,4,24,0,"minecraft:sandstone","Sandstone"
3,6,5,24,0,"minecraft:sandstone","Sandstone"
3,6,6,24,0,"minecraft:sandstone","Sandstone"
3,6,7,24,0,"minecraft:sandstone","Sandstone"
3,6,8,24,0,"minecraft:sandstone","Sandstone"
3,6,9,24,0,"minecraft:sandstone","Sandstone"
3,6,10,24,0,"minecraft:sandstone","Sandstone"
3,6,11,24,0,"minecraft:sandstone","Sandstone"
3,6,12,24,0,"minecraft:sandstone","Sandstone"
3,6,13,24,0,"minecraft:sandstone","Sandstone"
3,6,18,44,1,"minecraft:sandstone_slab","Sandstone Slab"
4,6,3,24,0,"minecraft:sandstone","Sandstone"
4,6,13,24,0,"minecraft:sandstone","Sandstone"
4,6,18,24,2,"minecraft:smooth_sandstone","Smooth Sandstone"
5,6,3,24,0,"minecraft:sandstone","Sandstone"
5,6,13,24,0,"minecraft:sandstone","Sandstone"
5,6,18,44,1,"minecraft:sandstone_slab","Sandstone Slab"
6,6,2,24,2,"minecraft:smooth_sandstone","Smooth Sandstone"
6,6,3,24,0,"minecraft:sandstone","Sandstone"
6,6,13,24,0,"minecraft:sandstone","Sandstone"
6,6,14,24,2,"minecraft:smooth_sandstone","Smooth Sandstone"
6,6,18,24,2,"minecraft:smooth_sandstone","Smooth Sandstone"
7,6,3,24,0,"minecraft:sandstone","Sandstone"
7,6,13,24,0,"minecraft:sandstone","Sandstone"
7,6,18,44,1,"minecraft:sandstone_slab","Sandstone Slab"
8,6,3,24,0,"minecraft:sandstone","Sandstone"
8,6,13,24,0,"minecraft:sandstone","Sandstone"
8,6,18,24,2,"minecraft:smooth_sandstone","Smooth Sandstone"
9,6,3,24,0,"minecraft:sandstone","Sandstone"
9,6,4,24,0,"minecraft:sandstone","Sandstone"
9,6,5,24,0,"minecraft:sandstone","Sandstone"
9,6,6,24,0,"minecraft:sandstone","Sandstone"
9,6,7,24,0,"minecraft:sandstone","Sandstone"
9,6,8,126,1,"minecraft:spruce_slab","Spruce Foor (Lower, Facing East, Closed)"
9,6,9,24,0,"minecraft:sandstone","Sandstone"
9,6,10,24,0,"minecraft:sandstone","Sandstone"
9,6,11,24,0,"minecraft:sandstone","Sandstone"
9,6,12,24,0,"minecraft:sandstone","Sandstone"
9,6,13,24,0,"minecraft:sandstone","Sandstone"
9,6,18,44,1,"minecraft:sandstone_slab","Sandstone Slab"
10,6,2,24,2,"minecraft:smooth_sandstone","Smooth Sandstone"
10,6,6,24,2,"minecraft:smooth_sandstone","Smooth Sandstone"
10,6,10,24,2,"minecraft:smooth_sandstone","Smooth Sandstone"
10,6,14,24,2,"minecraft:smooth_sandstone","Smooth Sandstone"
10,6,18,24,2,"minecraft:smooth_sandstone","Smooth Sandstone"
11,6,2,44,1,"minecraft:sandstone_slab","Sandstone Slab"
11,6,18,44,1,"minecraft:sandstone_slab","Sandstone Slab"
12,6,2,24,2,"minecraft:smooth_sandstone","Smooth Sandstone"
12,6,16,139,0,"minecraft:cobblestone_wall","Cobblestone Wall"
12,6,18,24,2,"minecraft:smooth_sandstone","Smooth Sandstone"
13,6,2,44,1,"minecraft:sandstone_slab","Sandstone Slab"
13,6,18,44,1,"minecraft:sandstone_slab","Sandstone Slab"
14,6,2,24,2,"minecraft:smooth_sandstone","Smooth Sandstone"
14,6,10,24,2,"minecraft:smooth_sandstone","Smooth Sandstone"
14,6,11,44,1,"minecraft:sandstone_slab","Sandstone Slab"
14,6,12,24,2,"minecraft:smooth_sandstone","Smooth Sandstone"
14,6,13,44,1,"minecraft:sandstone_slab","Sandstone Slab"
14,6,14,24,2,"minecraft:smooth_sandstone","Smooth Sandstone"
14,6,15,44,1,"minecraft:sandstone_slab","Sandstone Slab"
14,6,16,24,2,"minecraft:smooth_sandstone","Smooth Sandstone"
14,6,17,44,1,"minecraft:sandstone_slab","Sandstone Slab"
14,6,18,24,2,"minecraft:smooth_sandstone","Smooth Sandstone"
15,6,2,44,1,"minecraft:sandstone_slab","Sandstone Slab"
15,6,10,44,1,"minecraft:sandstone_slab","Sandstone Slab"
16,6,2,24,2,"minecraft:smooth_sandstone","Smooth Sandstone"
16,6,10,24,2,"minecraft:smooth_sandstone","Smooth Sandstone"
17,6,2,44,1,"minecraft:sandstone_slab","Sandstone Slab"
17,6,10,44,1,"minecraft:sandstone_slab","Sandstone Slab"
18,6,2,24,2,"minecraft:smooth_sandstone","Smooth Sandstone"
18,6,3,44,1,"minecraft:sandstone_slab","Sandstone Slab"
18,6,4,24,2,"minecraft:smooth_sandstone","Smooth Sandstone"
18,6,5,44,1,"minecraft:sandstone_slab","Sandstone Slab"
18,6,6,24,2,"minecraft:smooth_sandstone","Smooth Sandstone"
18,6,7,44,1,"minecraft:sandstone_slab","Sandstone Slab"
18,6,8,24,2,"minecraft:smooth_sandstone","Smooth Sandstone"
18,6,9,44,1,"minecraft:sandstone_slab","Sandstone Slab"
18,6,10,24,2,"minecraft:smooth_sandstone","Smooth Sandstone"
2,7,2,24,2,"minecraft:smooth_sandstone","Smooth Sandstone"
2,7,6,24,2,"minecraft:smooth_sandstone","Smooth Sandstone"
2,7,10,24,2,"minecraft:smooth_sandstone","Smooth Sandstone"
2,7,14,24,2,"minecraft:smooth_sandstone","Smooth Sandstone"
2,7,16,44,1,"minecraft:sandstone_slab","Sandstone Slab"
2,7,18,44,1,"minecraft:sandstone_slab","Sandstone Slab"
3,7,3,24,0,"minecraft:sandstone","Sandstone"
3,7,4,188,0,"minecraft:spruce_fence","Spruce Fence"
3,7,5,24,0,"minecraft:sandstone","Sandstone"
3,7,6,24,0,"minecraft:sandstone","Sandstone"
3,7,7,24,0,"minecraft:sandstone","Sandstone"
3,7,8,188,0,"minecraft:spruce_fence","Spruce Fence"
3,7,9,24,0,"minecraft:sandstone","Sandstone"
3,7,10,24,0,"minecraft:sandstone","Sandstone"
3,7,11,24,0,"minecraft:sandstone","Sandstone"
3,7,12,188,0,"minecraft:spruce_fence","Spruce Fence"
3,7,13,24,0,"minecraft:sandstone","Sandstone"
4,7,3,188,0,"minecraft:spruce_fence","Spruce Fence"
4,7,13,188,0,"minecraft:spruce_fence","Spruce Fence"
4,7,18,44,1,"minecraft:sandstone_slab","Sandstone Slab"
5,7,3,24,0,"minecraft:sandstone","Sandstone"
5,7,13,24,0,"minecraft:sandstone","Sandstone"
6,7,2,24,2,"minecraft:smooth_sandstone","Smooth Sandstone"
6,7,3,24,0,"minecraft:sandstone","Sandstone"
6,7,13,24,0,"minecraft:sandstone","Sandstone"
6,7,14,24,2,"minecraft:smooth_sandstone","Smooth Sandstone"
6,7,18,44,1,"minecraft:sandstone_slab","Sandstone Slab"
7,7,3,24,0,"minecraft:sandstone","Sandstone"
7,7,13,24,0,"minecraft:sandstone","Sandstone"
8,7,3,188,0,"minecraft:spruce_fence","Spruce Fence"
8,7,13,188,0,"minecraft:spruce_fence","Spruce Fence"
8,7,18,44,1,"minecraft:sandstone_slab","Sandstone Slab"
9,7,3,24,0,"minecraft:sandstone","Sandstone"
9,7,4,188,0,"minecraft:spruce_fence","Spruce Fence"
9,7,5,24,0,"minecraft:sandstone","Sandstone"
9,7,6,24,0,"minecraft:sandstone","Sandstone"
9,7,7,24,0,"minecraft:sandstone","Sandstone"
9,7,8,193,0,"minecraft:spruce_door","Spruce Door (Upper, Hinge left, Unpowered)"
9,7,9,24,0,"minecraft:sandstone","Sandstone"
9,7,10,24,0,"minecraft:sandstone","Sandstone"
9,7,11,24,0,"minecraft:sandstone","Sandstone"
9,7,12,188,0,"minecraft:spruce_fence","Spruce Fence"
9,7,13,24,0,"minecraft:sandstone","Sandstone"
10,7,2,24,2,"minecraft:smooth_sandstone","Smooth Sandstone"
10,7,6,24,2,"minecraft:smooth_sandstone","Smooth Sandstone"
10,7,10,24,2,"minecraft:smooth_sandstone","Smooth Sandstone"
10,7,14,24,2,"minecraft:smooth_sandstone","Smooth Sandstone"
10,7,18,44,1,"minecraft:sandstone_slab","Sandstone Slab"
12,7,2,44,1,"minecraft:sandstone_slab","Sandstone Slab"
12,7,16,188,0,"minecraft:spruce_fence","Spruce Fence"
12,7,18,44,1,"minecraft:sandstone_slab","Sandstone Slab"
14,7,2,44,1,"minecraft:sandstone_slab","Sandstone Slab"
14,7,10,44,1,"minecraft:sandstone_slab","Sandstone Slab"
14,7,12,44,1,"minecraft:sandstone_slab","Sandstone Slab"
14,7,14,44,1,"minecraft:sandstone_slab","Sandstone Slab"
14,7,16,44,1,"minecraft:sandstone_slab","Sandstone Slab"
14,7,18,44,1,"minecraft:sandstone_slab","Sandstone Slab"
16,7,2,44,1,"minecraft:sandstone_slab","Sandstone Slab"
16,7,10,44,1,"minecraft:sandstone_slab","Sandstone Slab"
18,7,2,44,1,"minecraft:sandstone_slab","Sandstone Slab"
18,7,4,44,1,"minecraft:sandstone_slab","Sandstone Slab"
18,7,6,44,1,"minecraft:sandstone_slab","Sandstone Slab"
18,7,8,44,1,"minecraft:sandstone_slab","Sandstone Slab"
18,7,10,44,1,"minecraft:sandstone_slab","Sandstone Slab"
2,8,2,24,2,"minecraft:smooth_sandstone","Smooth Sandstone"
2,8,3,128,0,"minecraft:sandstone_stairs","Sandstone Stairs (South, Upside-down)"
2,8,5,128,0,"minecraft:sandstone_stairs","Sandstone Stairs (North, Upside-down)"
2,8,6,24,2,"minecraft:smooth_sandstone","Smooth Sandstone"
2,8,7,128,0,"minecraft:sandstone_stairs","Sandstone Stairs (South, Upside-down)"
2,8,9,128,0,"minecraft:sandstone_stairs","Sandstone Stairs (North, Upside-down)"
2,8,10,24,2,"minecraft:smooth_sandstone","Smooth Sandstone"
2,8,11,128,0,"minecraft:sandstone_stairs","Sandstone Stairs (South, Upside-down)"
2,8,13,128,0,"minecraft:sandstone_stairs","Sandstone Stairs (North, Upside-down)"
2,8,14,24,2,"minecraft:smooth_sandstone","Smooth Sandstone"
3,8,2,128,0,"minecraft:sandstone_stairs","Sandstone Stairs (East, Upside-down)"
3,8,3,24,0,"minecraft:sandstone","Sandstone"
3,8,4,24,0,"minecraft:sandstone","Sandstone"
3,8,5,24,0,"minecraft:sandstone","Sandstone"
3,8,6,24,0,"minecraft:sandstone","Sandstone"
3,8,7,24,0,"minecraft:sandstone","Sandstone"
3,8,8,24,0,"minecraft:sandstone","Sandstone"
3,8,9,24,0,"minecraft:sandstone","Sandstone"
3,8,10,24,0,"minecraft:sandstone","Sandstone"
3,8,11,24,0,"minecraft:sandstone","Sandstone"
3,8,12,24,0,"minecraft:sandstone","Sandstone"
3,8,13,24,0,"minecraft:sandstone","Sandstone"
3,8,14,128,0,"minecraft:sandstone_stairs","Sandstone Stairs (East, Upside-down)"
4,8,3,24,0,"minecraft:sandstone","Sandstone"
4,8,13,24,0,"minecraft:sandstone","Sandstone"
5,8,2,128,0,"minecraft:sandstone_stairs","Sandstone Stairs (West, Upside-down)"
5,8,3,24,0,"minecraft:sandstone","Sandstone"
5,8,13,24,0,"minecraft:sandstone","Sandstone"
5,8,14,128,0,"minecraft:sandstone_stairs","Sandstone Stairs (West, Upside-down)"
6,8,2,24,2,"minecraft:smooth_sandstone","Smooth Sandstone"
6,8,3,24,0,"minecraft:sandstone","Sandstone"
6,8,13,24,0,"minecraft:sandstone","Sandstone"
6,8,14,24,2,"minecraft:smooth_sandstone","Smooth Sandstone"
7,8,2,128,0,"minecraft:sandstone_stairs","Sandstone Stairs (East, Upside-down)"
7,8,3,24,0,"minecraft:sandstone","Sandstone"
7,8,13,24,0,"minecraft:sandstone","Sandstone"
7,8,14,128,0,"minecraft:sandstone_stairs","Sandstone Stairs (East, Upside-down)"
8,8,3,24,0,"minecraft:sandstone","Sandstone"
8,8,13,24,0,"minecraft:sandstone","Sandstone"
9,8,2,128,0,"minecraft:sandstone_stairs","Sandstone Stairs (West, Upside-down)"
9,8,3,24,0,"minecraft:sandstone","Sandstone"
9,8,4,24,0,"minecraft:sandstone","Sandstone"
9,8,5,24,0,"minecraft:sandstone","Sandstone"
9,8,6,24,0,"minecraft:sandstone","Sandstone"
9,8,7,24,0,"minecraft:sandstone","Sandstone"
9,8,8,128,0,"minecraft:sandstone_stairs","Sandstone Stairs (East, Upside-down)"
9,8,9,24,0,"minecraft:sandstone","Sandstone"
9,8,10,24,0,"minecraft:sandstone","Sandstone"
9,8,11,24,0,"minecraft:sandstone","Sandstone"
9,8,12,24,0,"minecraft:sandstone","Sandstone"
9,8,13,24,0,"minecraft:sandstone","Sandstone"
9,8,14,128,0,"minecraft:sandstone_stairs","Sandstone Stairs (West, Upside-down)"
10,8,2,24,2,"minecraft:smooth_sandstone","Smooth Sandstone"
10,8,3,128,0,"minecraft:sandstone_stairs","Sandstone Stairs (South, Upside-down)"
10,8,5,128,0,"minecraft:sandstone_stairs","Sandstone Stairs (North, Upside-down)"
10,8,6,24,2,"minecraft:smooth_sandstone","Smooth Sandstone"
10,8,7,128,0,"minecraft:sandstone_stairs","Sandstone Stairs (South, Upside-down)"
10,8,9,128,0,"minecraft:sandstone_stairs","Sandstone Stairs (North, Upside-down)"
10,8,10,24,2,"minecraft:smooth_sandstone","Smooth Sandstone"
10,8,11,128,0,"minecraft:sandstone_stairs","Sandstone Stairs (South, Upside-down)"
10,8,13,128,0,"minecraft:sandstone_stairs","Sandstone Stairs (North, Upside-down)"
10,8,14,24,2,"minecraft:smooth_sandstone","Smooth Sandstone"
12,8,16,188,0,"minecraft:spruce_fence","Spruce Fence"
2,9,2,24,2,"minecraft:smooth_sandstone","Smooth Sandstone"
2,9,3,24,2,"minecraft:smooth_sandstone","Smooth Sandstone"
2,9,4,24,2,"minecraft:smooth_sandstone","Smooth Sandstone"
2,9,5,24,2,"minecraft:smooth_sandstone","Smooth Sandstone"
2,9,6,24,2,"minecraft:smooth_sandstone","Smooth Sandstone"
2,9,7,24,2,"minecraft:smooth_sandstone","Smooth Sandstone"
2,9,8,24,2,"minecraft:smooth_sandstone","Smooth Sandstone"
2,9,9,24,2,"minecraft:smooth_sandstone","Smooth Sandstone"
2,9,10,24,2,"minecraft:smooth_sandstone","Smooth Sandstone"
2,9,11,24,2,"minecraft:smooth_sandstone","Smooth Sandstone"
2,9,12,24,2,"minecraft:smooth_sandstone","Smooth Sandstone"
2,9,13,24,2,"minecraft:smooth_sandstone","Smooth Sandstone"
2,9,14,24,2,"minecraft:smooth_sandstone","Smooth Sandstone"
3,9,2,24,2,"minecraft:smooth_sandstone","Smooth Sandstone"
3,9,3,24,0,"minecraft:sandstone","Sandstone"
3,9,4,24,0,"minecraft:sandstone","Sandstone"
3,9,5,24,0,"minecraft:sandstone","Sandstone"
3,9,6,24,0,"minecraft:sandstone","Sandstone"
3,9,7,24,0,"minecraft:sandstone","Sandstone"
3,9,8,24,0,"minecraft:sandstone","Sandstone"
3,9,9,24,0,"minecraft:sandstone","Sandstone"
3,9,10,24,0,"minecraft:sandstone","Sandstone"
3,9,11,24,0,"minecraft:sandstone","Sandstone"
3,9,12,24,0,"minecraft:sandstone","Sandstone"
3,9,13,24,0,"minecraft:sandstone","Sandstone"
3,9,14,24,2,"minecraft:smooth_sandstone","Smooth Sandstone"
4,9,2,24,2,"minecraft:smooth_sandstone","Smooth Sandstone"
4,9,3,24,0,"minecraft:sandstone","Sandstone"
4,9,4,24,0,"minecraft:sandstone","Sandstone"
4,9,5,24,0,"minecraft:sandstone","Sandstone"
4,9,6,24,0,"minecraft:sandstone","Sandstone"
4,9,7,24,0,"minecraft:sandstone","Sandstone"
4,9,8,24,0,"minecraft:sandstone","Sandstone"
4,9,9,24,0,"minecraft:sandstone","Sandstone"
4,9,10,24,0,"minecraft:sandstone","Sandstone"
4,9,11,24,0,"minecraft:sandstone","Sandstone"
4,9,12,24,0,"minecraft:sandstone","Sandstone"
4,9,13,24,0,"minecraft:sandstone","Sandstone"
4,9,14,24,2,"minecraft:smooth_sandstone","Smooth Sandstone"
5,9,2,24,2,"minecraft:smooth_sandstone","Smooth Sandstone"
5,9,3,24,0,"minecraft:sandstone","Sandstone"
5,9,4,24,0,"minecraft:sandstone","Sandstone"
5,9,5,24,0,"minecraft:sandstone","Sandstone"
5,9,6,24,0,"minecraft:sandstone","Sandstone"
5,9,7,24,0,"minecraft:sandstone","Sandstone"
5,9,8,24,0,"minecraft:sandstone","Sandstone"
5,9,9,24,0,"minecraft:sandstone","Sandstone"
5,9,10,24,0,"minecraft:sandstone","Sandstone"
5,9,11,24,0,"minecraft:sandstone","Sandstone"
5,9,12,24,0,"minecraft:sandstone","Sandstone"
5,9,13,24,0,"minecraft:sandstone","Sandstone"
5,9,14,24,2,"minecraft:smooth_sandstone","Smooth Sandstone"
6,9,2,24,2,"minecraft:smooth_sandstone","Smooth Sandstone"
6,9,3,24,0,"minecraft:sandstone","Sandstone"
6,9,4,24,0,"minecraft:sandstone","Sandstone"
6,9,5,24,0,"minecraft:sandstone","Sandstone"
6,9,6,24,0,"minecraft:sandstone","Sandstone"
6,9,7,24,0,"minecraft:sandstone","Sandstone"
6,9,8,24,0,"minecraft:sandstone","Sandstone"
6,9,9,24,0,"minecraft:sandstone","Sandstone"
6,9,10,24,0,"minecraft:sandstone","Sandstone"
6,9,11,24,0,"minecraft:sandstone","Sandstone"
6,9,12,24,0,"minecraft:sandstone","Sandstone"
6,9,13,24,0,"minecraft:sandstone","Sandstone"
6,9,14,24,2,"minecraft:smooth_sandstone","Smooth Sandstone"
7,9,2,24,2,"minecraft:smooth_sandstone","Smooth Sandstone"
7,9,3,24,0,"minecraft:sandstone","Sandstone"
7,9,4,24,0,"minecraft:sandstone","Sandstone"
7,9,5,24,0,"minecraft:sandstone","Sandstone"
7,9,6,24,0,"minecraft:sandstone","Sandstone"
7,9,7,24,0,"minecraft:sandstone","Sandstone"
7,9,8,24,0,"minecraft:sandstone","Sandstone"
7,9,9,24,0,"minecraft:sandstone","Sandstone"
7,9,10,24,0,"minecraft:sandstone","Sandstone"
7,9,11,24,0,"minecraft:sandstone","Sandstone"
7,9,12,24,0,"minecraft:sandstone","Sandstone"
7,9,13,24,0,"minecraft:sandstone","Sandstone"
7,9,14,24,2,"minecraft:smooth_sandstone","Smooth Sandstone"
8,9,2,24,2,"minecraft:smooth_sandstone","Smooth Sandstone"
8,9,3,24,0,"minecraft:sandstone","Sandstone"
8,9,4,24,0,"minecraft:sandstone","Sandstone"
8,9,5,24,0,"minecraft:sandstone","Sandstone"
8,9,6,24,0,"minecraft:sandstone","Sandstone"
8,9,7,24,0,"minecraft:sandstone","Sandstone"
8,9,8,24,0,"minecraft:sandstone","Sandstone"
8,9,9,24,0,"minecraft:sandstone","Sandstone"
8,9,10,24,0,"minecraft:sandstone","Sandstone"
8,9,11,24,0,"minecraft:sandstone","Sandstone"
8,9,12,24,0,"minecraft:sandstone","Sandstone"
8,9,13,24,0,"minecraft:sandstone","Sandstone"
8,9,14,24,2,"minecraft:smooth_sandstone","Smooth Sandstone"
9,9,2,24,2,"minecraft:smooth_sandstone","Smooth Sandstone"
9,9,3,24,0,"minecraft:sandstone","Sandstone"
9,9,4,24,0,"minecraft:sandstone","Sandstone"
9,9,5,24,0,"minecraft:sandstone","Sandstone"
9,9,6,24,0,"minecraft:sandstone","Sandstone"
9,9,7,24,0,"minecraft:sandstone","Sandstone"
9,9,8,24,0,"minecraft:sandstone","Sandstone"
9,9,9,24,0,"minecraft:sandstone","Sandstone"
9,9,10,24,0,"minecraft:sandstone","Sandstone"
9,9,11,24,0,"minecraft:sandstone","Sandstone"
9,9,12,24,0,"minecraft:sandstone","Sandstone"
9,9,13,24,0,"minecraft:sandstone","Sandstone"
9,9,14,24,2,"minecraft:smooth_sandstone","Smooth Sandstone"
10,9,2,24,2,"minecraft:smooth_sandstone","Smooth Sandstone"
10,9,3,24,2,"minecraft:smooth_sandstone","Smooth Sandstone"
10,9,4,24,2,"minecraft:smooth_sandstone","Smooth Sandstone"
10,9,5,24,2,"minecraft:smooth_sandstone","Smooth Sandstone"
10,9,6,24,2,"minecraft:smooth_sandstone","Smooth Sandstone"
10,9,7,24,2,"minecraft:smooth_sandstone","Smooth Sandstone"
10,9,8,24,2,"minecraft:smooth_sandstone","Smooth Sandstone"
10,9,9,24,2,"minecraft:smooth_sandstone","Smooth Sandstone"
10,9,10,24,2,"minecraft:smooth_sandstone","Smooth Sandstone"
10,9,11,24,2,"minecraft:smooth_sandstone","Smooth Sandstone"
10,9,12,24,2,"minecraft:smooth_sandstone","Smooth Sandstone"
10,9,13,24,2,"minecraft:smooth_sandstone","Smooth Sandstone"
10,9,14,24,2,"minecraft:smooth_sandstone","Smooth Sandstone"
12,9,16,188,0,"minecraft:spruce_fence","Spruce Fence"
13,9,16,35,14,"minecraft:red_wool","Red Wool"
14,9,17,35,14,"minecraft:red_wool","Red Wool"
2,10,2,24,2,"minecraft:smooth_sandstone","Smooth Sandstone"
2,10,3,44,1,"minecraft:sandstone_slab","Sandstone Slab"
2,10,4,24,2,"minecraft:smooth_sandstone","Smooth Sandstone"
2,10,5,44,1,"minecraft:sandstone_slab","Sandstone Slab"
2,10,6,24,2,"minecraft:smooth_sandstone","Smooth Sandstone"
2,10,7,44,1,"minecraft:sandstone_slab","Sandstone Slab"
2,10,8,24,2,"minecraft:smooth_sandstone","Smooth Sandstone"
2,10,9,44,1,"minecraft:sandstone_slab","Sandstone Slab"
2,10,10,24,2,"minecraft:smooth_sandstone","Smooth Sandstone"
2,10,11,44,1,"minecraft:sandstone_slab","Sandstone Slab"
2,10,12,24,2,"minecraft:smooth_sandstone","Smooth Sandstone"
2,10,13,44,1,"minecraft:sandstone_slab","Sandstone Slab"
2,10,14,24,2,"minecraft:smooth_sandstone","Smooth Sandstone"
3,10,2,44,1,"minecraft:sandstone_slab","Sandstone Slab"
3,10,14,44,1,"minecraft:sandstone_slab","Sandstone Slab"
4,10,2,24,2,"minecraft:smooth_sandstone","Smooth Sandstone"
4,10,14,24,2,"minecraft:smooth_sandstone","Smooth Sandstone"
5,10,2,44,1,"minecraft:sandstone_slab","Sandstone Slab"
5,10,14,44,1,"minecraft:sandstone_slab","Sandstone Slab"
6,10,2,24,2,"minecraft:smooth_sandstone","Smooth Sandstone"
6,10,6,24,2,"minecraft:smooth_sandstone","Smooth Sandstone"
6,10,10,24,2,"minecraft:smooth_sandstone","Smooth Sandstone"
6,10,14,24,2,"minecraft:smooth_sandstone","Smooth Sandstone"
7,10,2,44,1,"minecraft:sandstone_slab","Sandstone Slab"
7,10,7,24,0,"minecraft:sandstone","Sandstone"
7,10,8,24,0,"minecraft:sandstone","Sandstone"
7,10,9,24,0,"minecraft:sandstone","Sandstone"
7,10,10,24,0,"minecraft:sandstone","Sandstone"
7,10,11,24,0,"minecraft:sandstone","Sandstone"
7,10,12,126,1,"minecraft:spruce_slab","Spruce Foor (Lower, Facing West, Closed)"
7,10,13,24,0,"minecraft:sandstone","Sandstone"
8,10,2,24,2,"minecraft:smooth_sandstone","Smooth Sandstone"
8,10,7,24,0,"minecraft:sandstone","Sandstone"
8,10,13,24,0,"minecraft:sandstone","Sandstone"
9,10,2,44,1,"minecraft:sandstone_slab","Sandstone Slab"
9,10,7,24,0,"minecraft:sandstone","Sandstone"
9,10,8,24,0,"minecraft:sandstone","Sandstone"
9,10,9,24,0,"minecraft:sandstone","Sandstone"
9,10,10,24,0,"minecraft:sandstone","Sandstone"
9,10,11,24,0,"minecraft:sandstone","Sandstone"
9,10,12,24,0,"minecraft:sandstone","Sandstone"
9,10,13,24,0,"minecraft:sandstone","Sandstone"
10,10,2,24,2,"minecraft:smooth_sandstone","Smooth Sandstone"
10,10,3,44,1,"minecraft:sandstone_slab","Sandstone Slab"
10,10,4,24,2,"minecraft:smooth_sandstone","Smooth Sandstone"
10,10,5,44,1,"minecraft:sandstone_slab","Sandstone Slab"
10,10,6,24,2,"minecraft:smooth_sandstone","Smooth Sandstone"
10,10,10,24,2,"minecraft:smooth_sandstone","Smooth Sandstone"
10,10,14,24,2,"minecraft:smooth_sandstone","Smooth Sandstone"
12,10,16,188,0,"minecraft:spruce_fence","Spruce Fence"
13,10,16,35,14,"minecraft:red_wool","Red Wool"
2,11,2,44,1,"minecraft:sandstone_slab","Sandstone Slab"
2,11,4,44,1,"minecraft:sandstone_slab","Sandstone Slab"
2,11,6,44,1,"minecraft:sandstone_slab","Sandstone Slab"
2,11,8,44,1,"minecraft:sandstone_slab","Sandstone Slab"
2,11,10,44,1,"minecraft:sandstone_slab","Sandstone Slab"
2,11,12,44,1,"minecraft:sandstone_slab","Sandstone Slab"
2,11,14,44,1,"minecraft:sandstone_slab","Sandstone Slab"
4,11,2,44,1,"minecraft:sandstone_slab","Sandstone Slab"
4,11,14,44,1,"minecraft:sandstone_slab","Sandstone Slab"
6,11,2,44,1,"minecraft:sandstone_slab","Sandstone Slab"
6,11,6,24,2,"minecraft:smooth_sandstone","Smooth Sandstone"
6,11,10,24,2,"minecraft:smooth_sandstone","Smooth Sandstone"
6,11,14,24,2,"minecraft:smooth_sandstone","Smooth Sandstone"
7,11,7,24,0,"minecraft:sandstone","Sandstone"
7,11,8,188,0,"minecraft:spruce_fence","Spruce Fence"
7,11,9,24,0,"minecraft:sandstone","Sandstone"
7,11,10,24,0,"minecraft:sandstone","Sandstone"
7,11,11,24,0,"minecraft:sandstone","Sandstone"
7,11,12,193,0,"minecraft:spruce_door","Spruce Door (Upper, Hinge right, Unpowered)"
7,11,13,24,0,"minecraft:sandstone","Sandstone"
8,11,2,44,1,"minecraft:sandstone_slab","Sandstone Slab"
8,11,7,188,0,"minecraft:spruce_fence","Spruce Fence"
8,11,13,188,0,"minecraft:spruce_fence","Spruce Fence"
9,11,7,24,0,"minecraft:sandstone","Sandstone"
9,11,8,188,0,"minecraft:spruce_fence","Spruce Fence"
9,11,9,24,0,"minecraft:sandstone","Sandstone"
9,11,10,24,0,"minecraft:sandstone","Sandstone"
9,11,11,24,0,"minecraft:sandstone","Sandstone"
9,11,12,188,0,"minecraft:spruce_fence","Spruce Fence"
9,11,13,24,0,"minecraft:sandstone","Sandstone"
10,11,2,44,1,"minecraft:sandstone_slab","Sandstone Slab"
10,11,4,44,1,"minecraft:sandstone_slab","Sandstone Slab"
10,11,6,24,2,"minecraft:smooth_sandstone","Smooth Sandstone"
10,11,10,24,2,"minecraft:smooth_sandstone","Smooth Sandstone"
10,11,14,24,2,"minecraft:smooth_sandstone","Smooth Sandstone"
6,12,6,24,2,"minecraft:smooth_sandstone","Smooth Sandstone"
6,12,7,128,0,"minecraft:sandstone_stairs","Sandstone Stairs (South, Upside-down)"
6,12,9,128,0,"minecraft:sandstone_stairs","Sandstone Stairs (North, Upside-down)"
6,12,10,24,2,"minecraft:smooth_sandstone","Smooth Sandstone"
6,12,11,128,0,"minecraft:sandstone_stairs","Sandstone Stairs (South, Upside-down)"
6,12,13,128,0,"minecraft:sandstone_stairs","Sandstone Stairs (North, Upside-down)"
6,12,14,24,2,"minecraft:smooth_sandstone","Smooth Sandstone"
7,12,6,128,0,"minecraft:sandstone_stairs","Sandstone Stairs (East, Upside-down)"
7,12,7,24,0,"minecraft:sandstone","Sandstone"
7,12,8,24,0,"minecraft:sandstone","Sandstone"
7,12,9,24,0,"minecraft:sandstone","Sandstone"
7,12,10,24,0,"minecraft:sandstone","Sandstone"
7,12,11,24,0,"minecraft:sandstone","Sandstone"
7,12,12,128,0,"minecraft:sandstone_stairs","Sandstone Stairs (West, Upside-down)"
7,12,13,24,0,"minecraft:sandstone","Sandstone"
7,12,14,128,0,"minecraft:sandstone_stairs","Sandstone Stairs (East, Upside-down)"
8,12,7,24,0,"minecraft:sandstone","Sandstone"
8,12,13,24,0,"minecraft:sandstone","Sandstone"
9,12,6,128,0,"minecraft:sandstone_stairs","Sandstone Stairs (West, Upside-down)"
9,12,7,24,0,"minecraft:sandstone","Sandstone"
9,12,8,24,0,"minecraft:sandstone","Sandstone"
9,12,9,24,0,"minecraft:sandstone","Sandstone"
9,12,10,24,0,"minecraft:sandstone","Sandstone"
9,12,11,24,0,"minecraft:sandstone","Sandstone"
9,12,12,24,0,"minecraft:sandstone","Sandstone"
9,12,13,24,0,"minecraft:sandstone","Sandstone"
9,12,14,128,0,"minecraft:sandstone_stairs","Sandstone Stairs (West, Upside-down)"
10,12,6,24,2,"minecraft:smooth_sandstone","Smooth Sandstone"
10,12,7,128,0,"minecraft:sandstone_stairs","Sandstone Stairs (South, Upside-down)"
10,12,9,128,0,"minecraft:sandstone_stairs","Sandstone Stairs (North, Upside-down)"
10,12,10,24,2,"minecraft:smooth_sandstone","Smooth Sandstone"
10,12,11,128,0,"minecraft:sandstone_stairs","Sandstone Stairs (South, Upside-down)"
10,12,13,128,0,"minecraft:sandstone_stairs","Sandstone Stairs (North, Upside-down)"
10,12,14,24,2,"minecraft:smooth_sandstone","Smooth Sandstone"
6,13,6,24,2,"minecraft:smooth_sandstone","Smooth Sandstone"
6,13,7,24,2,"minecraft:smooth_sandstone","Smooth Sandstone"
6,13,8,24,2,"minecraft:smooth_sandstone","Smooth Sandstone"
6,13,9,24,2,"minecraft:smooth_sandstone","Smooth Sandstone"
6,13,10,24,2,"minecraft:smooth_sandstone","Smooth Sandstone"
6,13,11,24,2,"minecraft:smooth_sandstone","Smooth Sandstone"
6,13,12,24,2,"minecraft:smooth_sandstone","Smooth Sandstone"
6,13,13,24,2,"minecraft:smooth_sandstone","Smooth Sandstone"
6,13,14,24,2,"minecraft:smooth_sandstone","Smooth Sandstone"
7,13,6,24,2,"minecraft:smooth_sandstone","Smooth Sandstone"
7,13,7,24,0,"minecraft:sandstone","Sandstone"
7,13,8,24,0,"minecraft:sandstone","Sandstone"
7,13,9,24,0,"minecraft:sandstone","Sandstone"
7,13,10,24,0,"minecraft:sandstone","Sandstone"
7,13,11,24,0,"minecraft:sandstone","Sandstone"
7,13,12,24,0,"minecraft:sandstone","Sandstone"
7,13,13,24,0,"minecraft:sandstone","Sandstone"
7,13,14,24,2,"minecraft:smooth_sandstone","Smooth Sandstone"
8,13,6,24,2,"minecraft:smooth_sandstone","Smooth Sandstone"
8,13,7,24,0,"minecraft:sandstone","Sandstone"
8,13,8,24,0,"minecraft:sandstone","Sandstone"
8,13,9,24,0,"minecraft:sandstone","Sandstone"
8,13,10,24,0,"minecraft:sandstone","Sandstone"
8,13,11,24,0,"minecraft:sandstone","Sandstone"
8,13,12,24,0,"minecraft:sandstone","Sandstone"
8,13,13,24,0,"minecraft:sandstone","Sandstone"
8,13,14,24,2,"minecraft:smooth_sandstone","Smooth Sandstone"
9,13,6,24,2,"minecraft:smooth_sandstone","Smooth Sandstone"
9,13,7,24,0,"minecraft:sandstone","Sandstone"
9,13,8,24,0,"minecraft:sandstone","Sandstone"
9,13,9,24,0,"minecraft:sandstone","Sandstone"
9,13,10,24,0,"minecraft:sandstone","Sandstone"
9,13,11,24,0,"minecraft:sandstone","Sandstone"
9,13,12,24,0,"minecraft:sandstone","Sandstone"
9,13,13,24,0,"minecraft:sandstone","Sandstone"
9,13,14,24,2,"minecraft:smooth_sandstone","Smooth Sandstone"
10,13,6,24,2,"minecraft:smooth_sandstone","Smooth Sandstone"
10,13,7,24,2,"minecraft:smooth_sandstone","Smooth Sandstone"
10,13,8,24,2,"minecraft:smooth_sandstone","Smooth Sandstone"
10,13,9,24,2,"minecraft:smooth_sandstone","Smooth Sandstone"
10,13,10,24,2,"minecraft:smooth_sandstone","Smooth Sandstone"
10,13,11,24,2,"minecraft:smooth_sandstone","Smooth Sandstone"
10,13,12,24,2,"minecraft:smooth_sandstone","Smooth Sandstone"
10,13,13,24,2,"minecraft:smooth_sandstone","Smooth Sandstone"
10,13,14,24,2,"minecraft:smooth_sandstone","Smooth Sandstone"
6,14,6,24,2,"minecraft:smooth_sandstone","Smooth Sandstone"
6,14,7,44,1,"minecraft:sandstone_slab","Sandstone Slab"
6,14,8,24,2,"minecraft:smooth_sandstone","Smooth Sandstone"
6,14,9,44,1,"minecraft:sandstone_slab","Sandstone Slab"
6,14,10,24,2,"minecraft:smooth_sandstone","Smooth Sandstone"
6,14,11,44,1,"minecraft:sandstone_slab","Sandstone Slab"
6,14,12,24,2,"minecraft:smooth_sandstone","Smooth Sandstone"
6,14,13,44,1,"minecraft:sandstone_slab","Sandstone Slab"
6,14,14,24,2,"minecraft:smooth_sandstone","Smooth Sandstone"
7,14,6,44,1,"minecraft:sandstone_slab","Sandstone Slab"
7,14,14,44,1,"minecraft:sandstone_slab","Sandstone Slab"
8,14,6,24,2,"minecraft:smooth_sandstone","Smooth Sandstone"
8,14,12,139,0,"minecraft:cobblestone_wall","Cobblestone Wall"
8,14,14,24,2,"minecraft:smooth_sandstone","Smooth Sandstone"
9,14,6,44,1,"minecraft:sandstone_slab","Sandstone Slab"
9,14,14,44,1,"minecraft:sandstone_slab","Sandstone Slab"
10,14,6,24,2,"minecraft:smooth_sandstone","Smooth Sandstone"
10,14,7,44,1,"minecraft:sandstone_slab","Sandstone Slab"
10,14,8,24,2,"minecraft:smooth_sandstone","Smooth Sandstone"
10,14,9,44,1,"minecraft:sandstone_slab","Sandstone Slab"
10,14,10,24,2,"minecraft:smooth_sandstone","Smooth Sandstone"
10,14,11,44,1,"minecraft:sandstone_slab","Sandstone Slab"
10,14,12,24,2,"minecraft:smooth_sandstone","Smooth Sandstone"
10,14,13,44,1,"minecraft:sandstone_slab","Sandstone Slab"
10,14,14,24,2,"minecraft:smooth_sandstone","Smooth Sandstone"
6,15,6,44,1,"minecraft:sandstone_slab","Sandstone Slab"
6,15,8,44,1,"minecraft:sandstone_slab","Sandstone Slab"
6,15,10,44,1,"minecraft:sandstone_slab","Sandstone Slab"
6,15,12,44,1,"minecraft:sandstone_slab","Sandstone Slab"
6,15,14,44,1,"minecraft:sandstone_slab","Sandstone Slab"
8,15,6,44,1,"minecraft:sandstone_slab","Sandstone Slab"
8,15,12,188,0,"minecraft:spruce_fence","Spruce Fence"
8,15,14,44,1,"minecraft:sandstone_slab","Sandstone Slab"
10,15,6,44,1,"minecraft:sandstone_slab","Sandstone Slab"
10,15,8,44,1,"minecraft:sandstone_slab","Sandstone Slab"
10,15,10,44,1,"minecraft:sandstone_slab","Sandstone Slab"
10,15,12,44,1,"minecraft:sandstone_slab","Sandstone Slab"
10,15,14,44,1,"minecraft:sandstone_slab","Sandstone Slab"
8,16,12,188,0,"minecraft:spruce_fence","Spruce Fence"
8,17,12,188,0,"minecraft:spruce_fence","Spruce Fence"
9,17,12,35,14,"minecraft:red_wool","Red Wool"
10,17,13,35,14,"minecraft:red_wool","Red Wool"
8,18,12,188,0,"minecraft:spruce_fence","Spruce Fence"
